-- This file is generated with python script and probably SHOULD NOT be edited but generated!

INSERT INTO country (code2,code3,id,name_iso,name) VALUES ('AF','AFG','004','Afghanistan','Afganistan'),('AX','ALA','248','Ålland Islands','Alandski otoki'),('AL','ALB','008','Albania','Albanija'),('DZ','DZA','012','Algeria','Alžirija'),('AS','ASM','016','American Samoa','Ameriška Samoa'),('AD','AND','020','Andorra','Andora'),('AO','AGO','024','Angola','Angola'),('AI','AIA','660','Anguilla','Angvila'),('AQ','ATA','010','Antarctica','Antarktika'),('AG','ATG','028','Antigua and Barbuda','Antigva in Barbuda'),('AR','ARG','032','Argentina','Argenitna'),('AM','ARM','051','Armenia','Armenija'),('AW','ABW','533','Aruba','Aruba'),('AU','AUS','036','Australia','Avstralija'),('AT','AUT','040','Austria','Avstrija'),('AZ','AZE','031','Azerbaijan','Azerbajdžan'),('BS','BHS','044','Bahamas','Bahami'),('BH','BHR','048','Bahrain','Bahrajn'),('BD','BGD','050','Bangladesh','Bangladeš'),('BB','BRB','052','Barbados','Barbados'),('BY','BLR','112','Belarus','Belorusija'),('BE','BEL','056','Belgium','Belgija'),('BZ','BLZ','084','Belize','Belize'),('BJ','BEN','204','Benin','Benin'),('BM','BMU','060','Bermuda','Bermudi'),('BT','BTN','064','Bhutan','Butan'),('BO','BOL','068','Bolivia, Plurinational State of','Bolivija'),('BQ','BES','535','Bonaire, Sint Eustatius and Saba','Otočje Bonaire, Sv. Eustatij in Saba'),('BA','BIH','070','Bosnia and Herzegovina','Bosna in Hercegovina'),('BW','BWA','072','Botswana','Bocvana'),('BV','BVT','074','Bouvet Island','Bouvetov otok'),('BR','BRA','076','Brazil','Brazilija'),('IO','IOT','086','British Indian Ocean Territory','Britansko ozemlje v Indijskem oceanu'),('BN','BRN','096','Brunei Darussalam','Brunej'),('BG','BGR','100','Bulgaria','Bolgarija'),('BF','BFA','854','Burkina Faso','Burkina Faso'),('BI','BDI','108','Burundi','Burundi'),('KH','KHM','116','Cambodia','Kambodža'),('CM','CMR','120','Cameroon','Kamerun'),('CA','CAN','124','Canada','Kanada'),('CV','CPV','132','Cape Verde','Kapverdski otoki (Zelenortski otoki)'),('KY','CYM','136','Cayman Islands','Kajmanski otoki'),('CF','CAF','140','Central African Republic','Srednjeafriška republika'),('TD','TCD','148','Chad','Čad'),('CL','CHL','152','Chile','Čile'),('CN','CHN','156','China','Kitajska'),('CX','CXR','162','Christmas Island','Božični otok'),('CC','CCK','166','Cocos (Keeling) Islands','Kokosovi in Keelingovi otoki'),('CO','COL','170','Colombia','Kolumbija'),('KM','COM','174','Comoros','Komori'),('CG','COG','178','Congo','Kongo'),('CD','COD','180','Congo, the Democratic Republic of the','Demokratična republika Kongo'),('CK','COK','184','Cook Islands','Cookovi otoki'),('CR','CRI','188','Costa Rica','Kostarika'),('CI','CIV','384','Côte d''Ivoire','Slonokoščena obala'),('HR','HRV','191','Croatia','Hrvaška'),('CU','CUB','192','Cuba','Kuba'),('CW','CUW','531','Curaçao','Kurasao'),('CY','CYP','196','Cyprus','Ciper'),('CZ','CZE','203','Czech Republic','Češka'),('DK','DNK','208','Denmark','Danska'),('DJ','DJI','262','Djibouti','Džibuti'),('DM','DMA','212','Dominica','Dominika'),('DO','DOM','214','Dominican Republic','Dominikanska republika'),('EC','ECU','218','Ecuador','Ekvador'),('EG','EGY','818','Egypt','Egipt'),('SV','SLV','222','El Salvador','Salvador'),('GQ','GNQ','226','Equatorial Guinea','Ekvatorialna Gvineja'),('ER','ERI','232','Eritrea','Eritreja'),('EE','EST','233','Estonia','Estonija'),('ET','ETH','231','Ethiopia','Etiopija'),('FK','FRO','234','Falkland Islands (Malvinas)','Falkalndski otoki'),('FO','FLK','238','Faroe Islands','Ferski otoki'),('FJ','FJI','242','Fiji','Fidži'),('FI','FIN','246','Finland','Finska'),('FR','FRA','250','France','Francija'),('GF','GUF','254','French Guiana','Francoska Gvajana'),('PF','PYF','258','French Polynesia','Francoska Polinezija'),('TF','ATF','260','French Southern Territories','Francoska južna ozemlja'),('GA','GAB','266','Gabon','Gabon'),('GM','GMB','270','Gambia','Gambija'),('GE','GEO','268','Georgia','Gruzija'),('DE','DEU','276','Germany','Nemčija'),('GH','GHA','288','Ghana','Gana'),('GI','GIB','292','Gibraltar','Gibraltar'),('GR','GRC','300','Greece','Grčija'),('GL','GRL','304','Greenland','Grenlandija'),('GD','GRD','308','Grenada','Grenada'),('GP','GLP','312','Guadeloupe','Guadeloupe'),('GU','GUM','316','Guam','Guam'),('GT','GTM','320','Guatemala','Gvatemala'),('GG','GGY','831','Guernsey','Otok Guernsey'),('GN','GIN','324','Guinea','Gvineja'),('GW','GNB','624','Guinea-Bissau','Gvineja-Bissau'),('GY','GUY','328','Guyana','Gvajana'),('HT','HTI','332','Haiti','Haiti'),('HM','HMD','334','Heard Island and McDonald Islands','Otok Heard in otočje McDonald'),('VA','VAT','336','Holy See (Vatican City State)','Vatikan'),('HN','HND','340','Honduras','Honduras'),('HK','HKG','344','Hong Kong','Hong Kong'),('HU','HUN','348','Hungary','Madžarska'),('IS','ISL','352','Iceland','Islandija'),('IN','IND','356','India','Indija'),('ID','IDN','360','Indonesia','Indonezija'),('IR','IRN','364','Iran, Islamic Republic of','Iran'),('IQ','IRQ','368','Iraq','Irak'),('IE','IRL','372','Ireland','Irska'),('IM','IMN','833','Isle of Man','Otok Man'),('IL','ISR','376','Israel','Izrael'),('IT','ITA','380','Italy','Italija'),('JM','JAM','388','Jamaica','Jamajka'),('JP','JPN','392','Japan','Japonska'),('JE','JEY','832','Jersey','Otok Jersey'),('JO','JOR','400','Jordan','Jordanija'),('KZ','KAZ','398','Kazakhstan','Kazahstan'),('KE','KEN','404','Kenya','Kenija'),('KI','KIR','296','Kiribati','Kiribati'),('KP','PRK','408','Korea, Democratic People''s Republic of','Severna Koreja'),('KR','KOR','410','Korea, Republic of','Južna Koreja'),('KW','KWT','414','Kuwait','Kuvajt'),('KG','KGZ','417','Kyrgyzstan','Kirgizistan (Kirgizija)'),('LA','LAO','418','Lao People''s Democratic Republic','Laos'),('LV','LVA','428','Latvia','Latvija'),('LB','LBN','422','Lebanon','Libanon'),('LS','LSO','426','Lesotho','Lesoto'),('LR','LBR','430','Liberia','Liberija'),('LY','LBY','434','Libya','Libija'),('LI','LIE','438','Liechtenstein','Lihtenštajn'),('LT','LTU','440','Lithuania','Litva'),('LU','LUX','442','Luxembourg','Luksemburg'),('MO','MAC','446','Macao','Makao'),('MK','MKD','807','Macedonia, the former Yugoslav Republic of','Makedonija'),('MG','MDG','450','Madagascar','Madagaskar'),('MW','MWI','454','Malawi','Malavi'),('MY','MYS','458','Malaysia','Malezija'),('MV','MDV','462','Maldives','Maldivi'),('ML','MLI','466','Mali','Mali'),('MT','MLT','470','Malta','Malta'),('MH','MHL','584','Marshall Islands','Maršalovi otoki'),('MQ','MTQ','474','Martinique','Martinik'),('MR','MRT','478','Mauritania','Mavretanija'),('MU','MUS','480','Mauritius','Mauricius (Moris)'),('YT','MYT','175','Mayotte','Francoska skupnost Mejot'),('MX','MEX','484','Mexico','Mehika'),('FM','FSM','583','Micronesia, Federated States of','Mikronezija'),('MD','MDA','498','Moldova, Republic of','Moldavija'),('MC','MCO','492','Monaco','Monako'),('MN','MNG','496','Mongolia','Mongolija'),('ME','MNE','499','Montenegro','Črna Gora'),('MS','MSR','500','Montserrat','Montserat'),('MA','MAR','504','Morocco','Maroko'),('MZ','MOZ','508','Mozambique','Mozambik'),('MM','MMR','104','Myanmar','Mjanmar'),('NA','NAM','516','Namibia','Namibija'),('NR','NRU','520','Nauru','Nauru'),('NP','NPL','524','Nepal','Nepal'),('NL','NLD','528','Netherlands','Nizozemska'),('NC','NCL','540','New Caledonia','Nova Kaledonija'),('NZ','NZL','554','New Zealand','Nova Zelandija'),('NI','NIC','558','Nicaragua','Nikaragva'),('NE','NER','562','Niger','Niger'),('NG','NGA','566','Nigeria','Nigerija'),('NU','NIU','570','Niue','Niu'),('NF','NFK','574','Norfolk Island','Otok Norflok'),('MP','MNP','580','Northern Mariana Islands','Severni Marianski otoki'),('NO','NOR','578','Norway','Norveška'),('OM','OMN','512','Oman','Oman'),('PK','PAK','586','Pakistan','Pakistan'),('PW','PLW','585','Palau','Palau'),('PS','PSE','275','Palestinian Territory, Occupied','Palestina'),('PA','PAN','591','Panama','Panama'),('PG','PNG','598','Papua New Guinea','Papua Nova Gvineja'),('PY','PRY','600','Paraguay','Paragvaj'),('PE','PER','604','Peru','Peru'),('PH','PHL','608','Philippines','Filipini'),('PN','PCN','612','Pitcairn','Pitcairnovi otoki'),('PL','POL','616','Poland','Poljska'),('PT','PRT','620','Portugal','Portugalska'),('PR','PRI','630','Puerto Rico','Portoriko'),('QA','QAT','634','Qatar','Katar'),('RE','REU','638','Réunion','Francoska skupnost Reunion'),('RO','ROU','642','Romania','Romunija'),('RU','RUS','643','Russian Federation','Ruska federacija'),('RW','RWA','646','Rwanda','Ruanda'),('BL','BLM','652','Saint Barthélemy','Sveti Bartolomej'),('SH','SHN','654','Saint Helena, Ascension and Tristan da Cunha','Sveta Helena'),('KN','KNA','659','Saint Kitts and Nevis','Sveti Kits in Nevis'),('LC','LCA','662','Saint Lucia','Sveta Lucija'),('MF','MAF','663','Saint Martin (French part)','Otok svetega Martina'),('PM','SPM','666','Saint Pierre and Miquelon','Sveta Pierre in Miquelon'),('VC','VCT','670','Saint Vincent and the Grenadines','Sveti Vincent in Grenadini'),('WS','WSM','882','Samoa','Samoa'),('SM','SMR','674','San Marino','San Marino'),('ST','STP','678','Sao Tome and Principe','Sao Tome in Principe'),('SA','SAU','682','Saudi Arabia','Savdska Arabija'),('SN','SEN','686','Senegal','Senegal'),('RS','SRB','688','Serbia','Srbija'),('SC','SYC','690','Seychelles','Sejšeli'),('SL','SLE','694','Sierra Leone','Siera Leone'),('SG','SGP','702','Singapore','Singapur'),('SX','SXM','534','Sint Maarten (Dutch part)','Otok svetega.Martina (Nizozemska)'),('SK','SVK','703','Slovakia','Slovaška'),('SI','SVN','705','Slovenia','Slovenija'),('SB','SLB','090','Solomon Islands','Solomonovi otoki'),('SO','SOM','706','Somalia','Somalija'),('ZA','ZAF','710','South Africa','Južna afrika'),('GS','SGS','239','South Georgia and the South Sandwich Islands','Južna Georgia in Južni Sandwichevi otoki'),('SS','SSD','728','South Sudan','Južni Sudan'),('ES','ESP','724','Spain','Španija'),('LK','LKA','144','Sri Lanka','Šri Lanka'),('SD','SDN','729','Sudan','Sudan'),('SR','SUR','740','Suriname','Surinam'),('SJ','SJM','744','Svalbard and Jan Mayen','Svalbard in Jan Majen'),('SZ','SWZ','748','Swaziland','Svazi'),('SE','SWE','752','Sweden','Švedska'),('CH','CHE','756','Switzerland','Švica'),('SY','SYR','760','Syrian Arab Republic','Sirija'),('TW','TWN','158','Taiwan, Province of China','Tajvan'),('TJ','TJK','762','Tajikistan','Tadžikistan'),('TZ','TZA','834','Tanzania, United Republic of','Tanzanija'),('TH','THA','764','Thailand','Tajska'),('TL','TLS','626','Timor-Leste','Vzhodni Timor'),('TG','TGO','768','Togo','Togo'),('TK','TKL','772','Tokelau','Tokelau'),('TO','TON','776','Tonga','Tonga'),('TT','TTO','780','Trinidad and Tobago','Trinidad in Tobago'),('TN','TUN','788','Tunisia','Tunizija'),('TR','TUR','792','Turkey','Turčija'),('TM','TKM','795','Turkmenistan','Turkmenistan'),('TC','TCA','796','Turks and Caicos Islands','Tirški in Kajkoški otoki'),('TV','TUV','798','Tuvalu','Tuvalu'),('UG','UGA','800','Uganda','Uganda'),('UA','UKR','804','Ukraine','Ukrajina'),('AE','ARE','784','United Arab Emirates','Združeni Arabski Emirati'),('GB','GBR','826','United Kingdom','Velika Britanija'),('US','USA','840','United States','Združene države Amerike'),('UM','UMI','581','United States Minor Outlying Islands','ZDA zunanji otoki'),('UY','URY','858','Uruguay','Urugvaj'),('UZ','UZB','860','Uzbekistan','Uzbekistan'),('VU','VUT','548','Vanuatu','Republika Vanuatu'),('VE','VEN','862','Venezuela, Bolivarian Republic of','Venezuela'),('VN','VNM','704','Viet Nam','Vietnam'),('VG','VGB','092','Virgin Islands, British','Britanski Deviški otoki'),('VI','VIR','850','Virgin Islands, U.S.','Ameriški Deviški otoki'),('WF','WLF','876','Wallis and Futuna','Otočje Valis in Futuna'),('EH','ESH','732','Western Sahara','Zahodna Sahara'),('YE','YEM','887','Yemen','Jemen'),('ZM','ZMB','894','Zambia','Zambija'),('ZW','ZWE','716','Zimbabwe','Zimbabve');
INSERT INTO municipality (id,name) VALUES ('999','- (Ni v Sloveniji)'),('213','Ankaran'),('1','Ajdovščina'),('195','Apače'),('2','Beltinci'),('148','Benedikt'),('149','Bistrica ob Sotli'),('3','Bled'),('150','Bloke'),('4','Bohinj'),('5','Borovnica'),('6','Bovec'),('151','Braslovče'),('7','Brda'),('8','Brezovica'),('9','Brežice'),('152','Cankova'),('11','Celje'),('12','Cerklje na Gorenjskem'),('13','Cerknica'),('14','Cerkno'),('153','Cerkvenjak'),('196','Cirkulane'),('15','Črenšovci'),('16','Črna na Koroškem'),('17','Črnomelj'),('18','Destrnik'),('19','Divača'),('154','Dobje'),('20','Dobrepolje'),('155','Dobrna'),('21','Dobrova - Polhov Gradec'),('156','Dobrovnik'),('22','Dol pri Ljubljani'),('157','Dolenjske Toplice'),('23','Domžale'),('24','Dornava'),('25','Dravograd'),('26','Duplek'),('27','Gorenja vas - Poljane'),('28','Gorišnica'),('207','Gorje'),('29','Gornja Radgona'),('30','Gornji Grad'),('31','Gornji Petrovci'),('158','Grad'),('32','Grosuplje'),('159','Hajdina'),('160','Hoče - Slivnica'),('161','Hodoš'),('162','Horjul'),('34','Hrastnik'),('35','Hrpelje - Kozina'),('36','Idrija'),('37','Ig'),('38','Ilirska Bistrica'),('39','Ivančna Gorica'),('40','Izola'),('41','Jesenice'),('163','Jezersko'),('42','Juršinci'),('43','Kamnik'),('44','Kanal'),('45','Kidričevo'),('46','Kobarid'),('47','Kobilje'),('48','Kočevje'),('49','Komen'),('164','Komenda'),('50','Koper'),('197','Kostanjevica na Krki'),('165','Kostel'),('51','Kozje'),('52','Kranj'),('53','Kranjska Gora'),('166','Križevci'),('54','Krško'),('55','Kungota'),('56','Kuzma'),('57','Laško'),('58','Lenart'),('59','Lendava'),('60','Litija'),('61','Ljubljana'),('62','Ljubno'),('63','Ljutomer'),('208','Log - Dragomer'),('64','Logatec'),('65','Loška dolina'),('66','Loški Potok'),('167','Lovrenc na Pohorju'),('67','Luče'),('68','Lukovica'),('69','Majšperk'),('198','Makole'),('70','Maribor'),('168','Markovci'),('71','Medvode'),('72','Mengeš'),('73','Metlika'),('74','Mežica'),('169','Miklavž na Dravskem polju'),('75','Miren - Kostanjevica'),('212','Mirna'),('170','Mirna Peč'),('76','Mislinja'),('199','Mokronog - Trebelno'),('77','Moravče'),('78','Moravske Toplice'),('79','Mozirje'),('80','Murska Sobota'),('81','Muta'),('82','Naklo'),('83','Nazarje'),('84','Nova Gorica'),('85','Novo mesto'),('86','Odranci'),('171','Oplotnica'),('87','Ormož'),('88','Osilnica'),('89','Pesnica'),('90','Piran'),('91','Pivka'),('92','Podčetrtek'),('172','Podlehnik'),('93','Podvelka'),('200','Poljčane'),('173','Polzela'),('94','Postojna'),('174','Prebold'),('95','Preddvor'),('175','Prevalje'),('96','Ptuj'),('97','Puconci'),('98','Rače - Fram'),('99','Radeče'),('100','Radenci'),('101','Radlje ob Dravi'),('102','Radovljica'),('103','Ravne na Koroškem'),('176','Razkrižje'),('209','Rečica ob Savinji'),('201','Renče - Vogrsko'),('104','Ribnica'),('177','Ribnica na Pohorju'),('106','Rogaška Slatina'),('105','Rogašovci'),('107','Rogatec'),('108','Ruše'),('178','Selnica ob Dravi'),('109','Semič'),('110','Sevnica'),('111','Sežana'),('112','Slovenj Gradec'),('113','Slovenska Bistrica'),('114','Slovenske Konjice'),('179','Sodražica'),('180','Solčava'),('202','Središče ob Dravi'),('115','Starše'),('203','Straža'),('204','Sv. Trojica v Slov. Goricah'),('181','Sveta Ana'),('182','Sveti Andraž v Slov. Goricah'),('116','Sveti Jurij ob Ščavnici'),('210','Sveti Jurij v Slov. Goricah'),('205','Sveti Tomaž'),('33','Šalovci'),('183','Šempeter - Vrtojba'),('117','Šenčur'),('118','Šentilj'),('119','Šentjernej'),('120','Šentjur pri Celju'),('211','Šentrupert'),('121','Škocjan'),('122','Škofja Loka'),('123','Škofljica'),('124','Šmarje pri Jelšah'),('206','Šmarješke Toplice'),('125','Šmartno ob Paki'),('194','Šmartno pri Litiji'),('126','Šoštanj'),('127','Štore'),('184','Tabor'),('10','Tišina'),('128','Tolmin'),('129','Trbovlje'),('130','Trebnje'),('185','Trnovska vas'),('186','Trzin'),('131','Tržič'),('132','Turnišče'),('133','Velenje'),('187','Velika Polana'),('134','Velike Lašče'),('188','Veržej'),('135','Videm'),('136','Vipava'),('137','Vitanje'),('138','Vodice'),('139','Vojnik'),('189','Vransko'),('140','Vrhnika'),('141','Vuzenica'),('142','Zagorje ob Savi'),('143','Zavrč'),('144','Zreče'),('190','Žalec'),('146','Železniki'),('191','Žetale'),('147','Žiri'),('192','Žirovnica'),('193','Žužemberk');
INSERT INTO post_address (id,name) VALUES ('8341','Adlešiči'),('5270','Ajdovščina'),('6280','Ankaran/Ancarano'),('9253','Apače'),('8253','Artiče'),('4275','Begunje na Gorenjskem'),('1382','Begunje pri Cerknici'),('9231','Beltinci'),('2234','Benedikt'),('2345','Bistrica ob Dravi'),('3256','Bistrica ob Sotli'),('8259','Bizeljsko'),('1223','Blagovica'),('8283','Blanca'),('4260','Bled'),('4273','Blejska Dobrava'),('9265','Bodonci'),('9222','Bogojina'),('4263','Bohinjska Bela'),('4264','Bohinjska Bistrica'),('4265','Bohinjsko jezero'),('1353','Borovnica'),('8294','Boštanj'),('5230','Bovec'),('5295','Branik'),('3314','Braslovče'),('5223','Breginj'),('8280','Brestanica'),('2354','Bresternica'),('4243','Brezje'),('1351','Brezovica pri Ljubljani'),('8250','Brežice'),('4210','Brnik - Aerodrom'),('8321','Brusnice'),('3255','Buče'),('8276','Bučka'),('9261','Cankova'),('3000','Celje'),('3001','Celje - poštni predali'),('4207','Cerklje na Gorenjskem'),('8263','Cerklje ob Krki'),('1380','Cerknica'),('5282','Cerkno'),('2236','Cerkvenjak'),('2215','Ceršak'),('2326','Cirkovce'),('2282','Cirkulane'),('5273','Col'),('8251','Čatež ob Savi'),('1413','Čemšenik'),('5253','Čepovan'),('9232','Črenšovci'),('2393','Črna na Koroškem'),('6275','Črni Kal'),('5274','Črni Vrh nad Idrijo'),('5262','Črniče'),('8340','Črnomelj'),('6271','Dekani'),('5210','Deskle'),('2253','Destrnik'),('6215','Divača'),('1233','Dob'),('3224','Dobje pri Planini'),('8257','Dobova'),('1423','Dobovec'),('5263','Dobravlje'),('3204','Dobrna'),('8211','Dobrnič'),('1356','Dobrova'),('9223','Dobrovnik/Dobronak'),('5212','Dobrovo v Brdih'),('1431','Dol pri Hrastniku'),('1262','Dol pri Ljubljani'),('1273','Dole pri Litiji'),('1331','Dolenja vas'),('8350','Dolenjske Toplice'),('1230','Domžale'),('2252','Dornava'),('5294','Dornberk'),('1319','Draga'),('8343','Dragatuš'),('3222','Dramlje'),('2370','Dravograd'),('4203','Duplje'),('6221','Dutovlje'),('8361','Dvor'),('2343','Fala'),('9208','Fokovci'),('2313','Fram'),('3213','Frankolovo'),('1274','Gabrovka'),('8254','Globoko'),('5275','Godovič'),('4204','Golnik'),('3303','Gomilsko'),('4224','Gorenja vas'),('3263','Gorica pri Slivnici'),('2272','Gorišnica'),('9250','Gornja Radgona'),('3342','Gornji Grad'),('4282','Gozd Martuljek'),('6272','Gračišče'),('9264','Grad'),('8332','Gradac'),('1384','Grahovo'),('5242','Grahovo ob Bači'),('5251','Grgar'),('3302','Griže'),('3231','Grobelno'),('1290','Grosuplje'),('2288','Hajdina'),('8362','Hinje'),('2311','Hoče'),('9205','Hodoš/Hodos'),('1354','Horjul'),('1372','Hotedršica'),('1430','Hrastnik'),('6225','Hruševje'),('4276','Hrušica'),('5280','Idrija'),('1292','Ig'),('6250','Ilirska Bistrica'),('6251','Ilirska Bistrica-Trnovo'),('1295','Ivančna Gorica'),('2259','Ivanjkovci'),('1411','Izlake'),('6310','Izola/Isola'),('2222','Jakobski Dol'),('2221','Jarenina'),('6254','Jelšane'),('4270','Jesenice'),('8261','Jesenice na Dolenjskem'),('3273','Jurklošter'),('2223','Jurovski Dol'),('2256','Juršinci'),('5214','Kal nad Kanalom'),('3233','Kalobje'),('4246','Kamna Gorica'),('2351','Kamnica'),('1241','Kamnik'),('5213','Kanal'),('8258','Kapele'),('2362','Kapla'),('2325','Kidričevo'),('1412','Kisovec'),('6253','Knežak'),('5222','Kobarid'),('9227','Kobilje'),('1330','Kočevje'),('1338','Kočevska Reka'),('2276','Kog'),('5211','Kojsko'),('6223','Komen'),('1218','Komenda'),('6000','Koper/Capodistria'),('6001','Koper/Capodistria - poštni predali'),('8282','Koprivnica'),('5296','Kostanjevica na Krasu'),('8311','Kostanjevica na Krki'),('1336','Kostel'),('6256','Košana'),('2394','Kotlje'),('6240','Kozina'),('3260','Kozje'),('4000','Kranj'),('4001','Kranj - poštni predali'),('4280','Kranjska Gora'),('1281','Kresnice'),('4294','Križe'),('9206','Križevci'),('9242','Križevci pri Ljutomeru'),('1301','Krka'),('8296','Krmelj'),('4245','Kropa'),('8262','Krška vas'),('8270','Krško'),('9263','Kuzma'),('2318','Laporje'),('3270','Laško'),('1219','Laze v Tuhinju'),('2230','Lenart v Slovenskih goricah'),('9220','Lendava/Lendva'),('4248','Lesce'),('3261','Lesično'),('8273','Leskovec pri Krškem'),('2372','Libeliče'),('2341','Limbuš'),('1270','Litija'),('3202','Ljubečna'),('1000','Ljubljana'),('1001','Ljubljana - poštni predali'),('1231','Ljubljana - Črnuče'),('1261','Ljubljana - Dobrunje'),('1260','Ljubljana - Polje'),('1210','Ljubljana - Šentvid'),('1211','Ljubljana - Šmartno'),('3333','Ljubno ob Savinji'),('9240','Ljutomer'),('3215','Loče'),('5231','Log pod Mangartom'),('1358','Log pri Brezovici'),('1370','Logatec'),('1371','Logatec'),('1434','Loka pri Zidanem Mostu'),('3223','Loka pri Žusmu'),('6219','Lokev'),('1318','Loški Potok'),('2324','Lovrenc na Dravskem polju'),('2344','Lovrenc na Pohorju'),('3334','Luče'),('1225','Lukovica'),('9202','Mačkovci'),('2322','Majšperk'),('2321','Makole'),('9243','Mala Nedelja'),('2229','Malečnik'),('6273','Marezige'),('2000','Maribor'),('2001','Maribor - poštni predali'),('2206','Marjeta na Dravskem polju'),('2281','Markovci'),('9221','Martjanci'),('6242','Materija'),('4211','Mavčiče'),('1215','Medvode'),('1234','Mengeš'),('8330','Metlika'),('2392','Mežica'),('2204','Miklavž na Dravskem polju'),('2275','Miklavž pri Ormožu'),('5291','Miren'),('8233','Mirna'),('8216','Mirna Peč'),('2382','Mislinja'),('4281','Mojstrana'),('8230','Mokronog'),('1251','Moravče'),('9226','Moravske Toplice'),('5216','Most na Soči'),('1221','Motnik'),('3330','Mozirje'),('9000','Murska Sobota'),('9001','Murska Sobota - poštni predali'),('2366','Muta'),('4202','Naklo'),('3331','Nazarje'),('1357','Notranje Gorice'),('3203','Nova Cerkev'),('5000','Nova Gorica'),('5001','Nova Gorica - poštni predali'),('1385','Nova vas'),('8000','Novo mesto'),('8001','Novo mesto - poštni predali'),('6243','Obrov'),('9233','Odranci'),('2317','Oplotnica'),('2312','Orehova vas'),('2270','Ormož'),('1316','Ortnek'),('1337','Osilnica'),('8222','Otočec'),('2361','Ožbalt'),('2231','Pernica'),('2211','Pesnica pri Mariboru'),('9203','Petrovci'),('3301','Petrovče'),('6330','Piran/Pirano'),('8255','Pišece'),('6257','Pivka'),('6232','Planina'),('3225','Planina pri Sevnici'),('6276','Pobegi'),('8312','Podbočje'),('5243','Podbrdo'),('3254','Podčetrtek'),('2273','Podgorci'),('6216','Podgorje'),('2381','Podgorje pri Slovenj Gradcu'),('6244','Podgrad'),('1414','Podkum'),('2286','Podlehnik'),('5272','Podnanos'),('4244','Podnart'),('3241','Podplat'),('3257','Podsreda'),('2363','Podvelka'),('2208','Pohorje'),('2257','Polenšak'),('1355','Polhov Gradec'),('4223','Poljane nad Škofjo Loko'),('2319','Poljčane'),('1272','Polšnik'),('3313','Polzela'),('3232','Ponikva'),('6320','Portorož/Portorose'),('6230','Postojna'),('2331','Pragersko'),('3312','Prebold'),('4205','Preddvor'),('6255','Prem'),('1352','Preserje'),('6258','Prestranek'),('2391','Prevalje'),('3262','Prevorje'),('1276','Primskovo'),('3253','Pristava pri Mestinju'),('9207','Prosenjakovci/Partosfalva'),('5297','Prvačina'),('2250','Ptuj'),('2323','Ptujska Gora'),('9201','Puconci'),('2327','Rače'),('1433','Radeče'),('9252','Radenci'),('2360','Radlje ob Dravi'),('1235','Radomlje'),('4240','Radovljica'),('8274','Raka'),('1381','Rakek'),('4283','Rateče - Planica'),('2390','Ravne na Koroškem'),('9246','Razkrižje'),('3332','Rečica ob Savinji'),('5292','Renče'),('1310','Ribnica'),('2364','Ribnica na Pohorju'),('3272','Rimske Toplice'),('1314','Rob'),('5215','Ročinj'),('3250','Rogaška Slatina'),('9262','Rogašovci'),('3252','Rogatec'),('1373','Rovte'),('2342','Ruše'),('1282','Sava'),('6333','Sečovlje/Sicciole'),('4227','Selca'),('2352','Selnica ob Dravi'),('8333','Semič'),('8281','Senovo'),('6224','Senožeče'),('8290','Sevnica'),('6210','Sežana'),('2214','Sladki Vrh'),('5283','Slap ob Idrijci'),('2380','Slovenj Gradec'),('2310','Slovenska Bistrica'),('3210','Slovenske Konjice'),('1216','Smlednik'),('5232','Soča'),('1317','Sodražica'),('3335','Solčava'),('5250','Solkan'),('4229','Sorica'),('4225','Sovodenj'),('5281','Spodnja Idrija'),('2241','Spodnji Duplek'),('9245','Spodnji Ivanjci'),('2277','Središče ob Dravi'),('4267','Srednja vas v Bohinju'),('8256','Sromlje'),('5224','Srpenica'),('1242','Stahovica'),('1332','Stara Cerkev'),('8342','Stari trg ob Kolpi'),('1386','Stari trg pri Ložu'),('2205','Starše'),('2289','Stoperce'),('8322','Stopiče'),('3206','Stranice'),('8351','Straža'),('1313','Struge'),('8293','Studenec'),('8331','Suhor'),('2233','Sv. Ana v Slovenskih goricah'),('2235','Sv. Trojica v Slovenskih goricah'),('2353','Sveti Duh na Ostrem Vrhu'),('9244','Sveti Jurij ob Ščavnici'),('3264','Sveti Štefan'),('2258','Sveti Tomaž'),('9204','Šalovci'),('5261','Šempas'),('5290','Šempeter pri Gorici'),('3311','Šempeter v Savinjski dolini'),('4208','Šenčur'),('2212','Šentilj v Slovenskih goricah'),('8297','Šentjanž'),('2373','Šentjanž pri Dravogradu'),('8310','Šentjernej'),('3230','Šentjur'),('3271','Šentrupert'),('8232','Šentrupert'),('1296','Šentvid pri Stični'),('8275','Škocjan'),('6281','Škofije'),('4220','Škofja Loka'),('3211','Škofja vas'),('1291','Škofljica'),('6274','Šmarje'),('1293','Šmarje - Sap'),('3240','Šmarje pri Jelšah'),('8220','Šmarješke Toplice'),('2315','Šmartno na Pohorju'),('3341','Šmartno ob Dreti'),('3327','Šmartno ob Paki'),('1275','Šmartno pri Litiji'),('2383','Šmartno pri Slovenj Gradcu'),('3201','Šmartno v Rožni dolini'),('3325','Šoštanj'),('6222','Štanjel'),('3220','Štore'),('3304','Tabor'),('3221','Teharje'),('9251','Tišina'),('5220','Tolmin'),('3326','Topolšica'),('2371','Trbonje'),('1420','Trbovlje'),('8231','Trebelno'),('8210','Trebnje'),('5252','Trnovo pri Gorici'),('2254','Trnovska vas'),('1222','Trojane'),('1236','Trzin'),('4290','Tržič'),('8295','Tržišče'),('1311','Turjak'),('9224','Turnišče'),('8323','Uršna sela'),('1252','Vače'),('3320','Velenje'),('3322','Velenje - poštni predali'),('8212','Velika Loka'),('2274','Velika Nedelja'),('9225','Velika Polana'),('1315','Velike Lašče'),('8213','Veliki Gaber'),('9241','Veržej'),('1312','Videm - Dobrepolje'),('2284','Videm pri Ptuju'),('8344','Vinica'),('5271','Vipava'),('4212','Visoko'),('1294','Višnja Gora'),('3205','Vitanje'),('2255','Vitomarci'),('1217','Vodice'),('3212','Vojnik'),('5293','Volčja Draga'),('2232','Voličina'),('3305','Vransko'),('6217','Vremski Britof'),('1360','Vrhnika'),('2365','Vuhred'),('2367','Vuzenica'),('8292','Zabukovje'),('1410','Zagorje ob Savi'),('1303','Zagradec'),('2283','Zavrč'),('8272','Zdole'),('4201','Zgornja Besnica'),('2242','Zgornja Korena'),('2201','Zgornja Kungota'),('2316','Zgornja Ložnica'),('2314','Zgornja Polskava'),('2213','Zgornja Velka'),('4247','Zgornje Gorje'),('4206','Zgornje Jezersko'),('2285','Zgornji Leskovec'),('1432','Zidani Most'),('3214','Zreče'),('4209','Žabnica'),('3310','Žalec'),('4228','Železniki'),('2287','Žetale'),('4226','Žiri'),('4274','Žirovnica'),('8360','Žužemberk');
INSERT INTO study_degree (id,name) VALUES ('B','(predbolonjski) visokošolski'),('C','(predbolonjski) univerzitetni'),('F','(predbolonjski) magistrski'),('G','(predbolonjski) doktorski'),('J','1. stopnja: visokošolski strokovni'),('K','1. stopnja: univerzitetni'),('L','2. stopnja: magistrski'),('M','3. stopnja: doktorski'),('71','visokošolski (univerzitetni)'),('61','višješolski študij');
INSERT INTO study_program (id,name,id_study_degree,semesters) VALUES ('1000479','Informacijski sistemi in odločanje (predb D)','G','4'),('1000480','Informacijski sistemi in odločanje (predb M)','F','4'),('1000472','Kognitivna znanost (BM)','L','4'),('1001001','Multimedija (BUN)','K','6'),('100977','Pedagoško računalništvo in informatika (BM)','L','4'),('1009999','Predmetnik za tuje študente na izmenjavi',NULL,NULL),('1000475','Računalništvo in informatika (predb UN)','C','9'),('1000425','Računalništvo in matematika (predb UN)','C','8'),('1000477','Računalništvo in informatika (predb VS)','B','6'),('1000407','Računalništvo in matematika (BUN)','K','6'),('1000471','Računalništvo in informatika (BM)','L','4'),('1000468','Računalništvo in informatika (BUN)','K','6'),('1000470','Računalništvo in informatika (BVS)','J','6'),('1000474','Računalništvo in informatika (BD)','M','6'),('1000478','Računalništvo in informatika (predb D)','G','4'),('1000481','Računalništvo in informatika (predb M)','F','4'),('1000934','Računalništvo in matematika (BM)','L','4'),('1000469','Upravna informatika (BUN)','K','6');
INSERT INTO course (id,credit_points,deleted,name,semester) VALUES ('63508','6','false','Algoritmi','poletni'),('63711','6','false','Algoritmi in podatkovne strukture 1','zimski'),('63279','6','false','Algoritmi in podatkovne strukture 1','zimski'),('63280','6','false','Algoritmi in podatkovne strukture 2','poletni'),('63705','6','false','Diskretne strukture','zimski'),('63203','6','false','Diskretne strukture','zimski'),('63266','6','false','Inteligentni sistemi','zimski'),('63517','6','false','Izračunljivost in računska zahtevnost','zimski'),('63525','6','false','Odkrivanje znanj iz podatkov','poletni'),('63741','6','false','Odločitveni sistemi','zimski'),('63765','6','false','Podatkovno rudarjenje','poletni'),('63251','6','false','Poslovna inteligenca','zimski'),('63265','6','false','Prevajalniki','poletni'),('63722','6','false','Prevajalniki in navidezni stroji','poletni'),('63220','6','false','Principi programskih jezikov','poletni'),('63502','5','false','Programiranje','zimski'),('63277','6','false','Programiranje 1','zimski'),('63702','6','false','Programiranje 1','zimski'),('63278','6','false','Programiranje 2 (C)','poletni'),('63706','6','false','Programiranje 2 (Java)','poletni'),('63268','6','false','Razvoj inteligentnih sistemov','poletni'),('63263','6','false','Računska zahtevnost in hevristično programiranje','zimski'),('63739','6','false','Robotika in računalniško zaznavanje','zimski'),('63519','6','false','Strojno učenje','zimski'),('63510','6','false','Umetna inteligenca','poletni'),('63720','6','false','Umetna inteligenca','zimski'),('63267','6','false','Umetno zaznavanje','zimski'),('63520','6','false','Uvod v bioinformatiko','zimski'),('63212','6','false','Arhitektura računalniških sistemov','zimski'),('63718','6','false','Digitalna vezja','zimski'),('63260','6','false','Digitalno načrtovanje','zimski'),('63257','6','false','Modeliranje računalniških omrežij','zimski'),('63729','6','false','Načrtovanje digitalnih naprav','poletni'),('63709','6','false','Operacijski sistemi','poletni'),('63217','6','false','Operacijski sistemi','poletni'),('63717','6','false','Organizacija računalnikov','zimski'),('63218','6','false','Organizacija računalniških sistemov','zimski'),('63204','6','false','Osnove digitalnih vezij','zimski'),('63703','6','false','Računalniška arhitektura','zimski'),('63221','6','false','Računalniške tehnologije','poletni'),('63509','6','false','Računalniški sistemi','poletni'),('63264','6','false','Sistemska programska oprema','zimski'),('63736','6','false','Sistemska programska oprema','zimski'),('63728','6','false','Vhodno-izhodne naprave','poletni'),('63262','6','false','Zanesljivost in zmogljivost računalniških sistemov','poletni'),('63516','6','false','Digitalno procesiranje signalov','zimski'),('63744','6','false','Digitalno procesiranje signalov','zimski'),('63532','6','false','Diskretna matematika','poletni'),('63518','6','false','E-izobraževanje','zimski'),('63715','6','false','Grafično oblikovanje','zimski'),('63527','6','false','Interaktivnost in oblikovanje informacij','poletni'),('63210','6','false','Komunikacija človek računalnik','poletni'),('63734','6','false','Multimedijske tehnologije','zimski'),('63270','6','false','Multimedijski sistemi','zimski'),('63514','6','false','Obdelava biomedicinskih signalov in slik','zimski'),('63271','6','false','Osnove oblikovanja','poletni'),('63547','6','false','Poučevanje algoritmičnega razmišljanja','zimski'),('63726','6','false','Produkcija multimedijskih gradiv','poletni'),('63719','6','false','Računalniška grafika','zimski'),('63269','6','false','Računalniška grafika in tehnologija iger','zimski'),('63740','6','false','Tehnologija iger in navidezna resničnost','zimski'),('63721','6','false','Uporabniški vmesniki','poletni'),('63701','6','false','Uvod v računalništvo','zimski'),('63714','6','false','Informacijski sistemi','zimski'),('63533','6','false','Management proizvodnih in storitvenih procesov','zimski'),('63512','6','false','Nekonvencionalne platforme in metode procesiranja','zimski'),('63526','6','false','Obvladovanje informatike','poletni'),('63253','6','false','Planiranje in upravljanje informatike','poletni'),('63254','6','false','Postopki razvoja programske opreme','zimski'),('63737','6','false','Procesna avtomatika','zimski'),('63725','6','false','Razvoj informacijskih sistemov','poletni'),('63515','6','false','Sodobne metode razvoja programske opreme','poletni'),('63727','6','false','Spletne tehnologije','poletni'),('63255','6','false','Spletno programiranje','zimski'),('63732','6','false','Tehnologija programske opreme','zimski'),('63256','6','false','Tehnologija programske opreme','poletni'),('63724','6','false','Testiranje in kakovost','poletni'),('63738','6','false','Vgrajeni sistemi','zimski'),('63712','6','false','Elektronsko in mobilno poslovanje','zimski'),('63249','6','false','Elektronsko poslovanje','zimski'),('63521','6','false','Informacijska varnost in zasebnost','zimski'),('63528','6','false','Kriptografija in računalniška varnost','zimski'),('63250','6','false','Organizacija in management','poletni'),('63215','6','false','Osnove informacijskih sistemov','poletni'),('63707','6','false','Podatkovne baze','poletni'),('63713','6','false','Podatkovne baze 2','zimski'),('63530','6','false','Računalniška forenzika','poletni'),('63226','6','false','Tehnologija upravljanja podatkov','zimski'),('63216','6','false','Teorija informacij in sistemov','poletni'),('63259','6','false','Brezžična in mobilna omrežja','poletni'),('63511','6','false','Brezžična senzorska omrežja','poletni'),('63258','6','false','Komunikacijski protokoli','zimski'),('63716','6','false','Komunikacijski protokoli in omrežna varnost','zimski'),('63261','6','false','Porazdeljeni sistemi','zimski'),('63209','6','false','Računalniške komunikacije','poletni'),('63708','6','false','Računalniške komunikacije','poletni'),('63735','6','false','Vzporedni in porazdeljeni sistemi in algoritmi','zimski'),('63284','3','false','Tehnične veščine (Funkcijsko programiranje za splet)','zimski'),('63752','3','false','Računalništvo v praksi 1','bločni'),('63242','3','false','Računalništvo v praksi 2','bločni'),('63202','6','false','Osnove matematične analize','zimski'),('63710','6','false','Osnove verjetnosti in statistike','poletni'),('63213','6','false','Verjetnost in statistika','zimski'),('63207','6','false','Linearna algebra','poletni'),('63205','6','false','Fizika','zimski'),('63248','6','false','Ekonomika in podjetništvo','poletni'),('63281','6','false','Diplomski seminar','poletni'),('63214','6','false','Osnove umetne inteligence','zimski'),('63219','6','false','Matematično modeliranje','poletni'),('63225','6','false','Izbrana poglavja iz računalništva in informatike: Analiza omrežij','bločni'),('63750','3','false','Športna vzgoja','zimski'),('63208','6','false','Osnove podatkovnih baz','zimski'),('63704','6','false','Matematika','zimski');
INSERT INTO user_role (id,name) VALUES ('1','Skrbnik/ca'),('2','Študent/ka'),('3','Profesor/ica'),('4','Referent/ka');
INSERT INTO study_year (id,name) VALUES ('1','2013/2014'),('2','2014/2015'),('3','2015/2016'),('4','2016/2017'),('5','2017/2018');
INSERT INTO part_of_curriculum (id,type_of_curriculum,module_name) VALUES ('1','obv',NULL),('2','siz',NULL),('3','piz',NULL),('4','mod','Informacijski sistemi'),('5','mod','Obvladovanje informatike'),('6','mod','Razvoj programske opreme'),('7','mod','Računalniška omrežja'),('8','mod','Računalniški sistemi'),('9','mod','Algoritmi in sistemski programi'),('10','mod','Umetna inteligenca'),('11','mod','Medijske tehnologije');
INSERT INTO curriculum (id_curriculum,deleted,year_of_program,id_course,id_study_program,part_of_curriculum,id_study_year) VALUES ('1','false','1','63508','1000471','1','5'),('2','false','1','63508','1000934','1','5'),('3','false','1','63508','100977','1','5'),('4','false','2','63711','1000470','1','5'),('5','false','2','63279','1000468','1','5'),('6','false','2','63279','1000407','1','5'),('7','false','2','63280','1000468','1','5'),('8','false','2','63280','1000407','1','5'),('9','false','1','63705','1000470','1','5'),('10','false','1','63203','1000468','1','5'),('11','false','3','63266','1000468','10','5'),('12','false','3','63266','1000407','10','5'),('13','false','1','63266','1000471','10','5'),('14','false','2','63266','1000471','10','5'),('15','false','2','63517','1000468','1','5'),('16','false','2','63517','1000407','1','5'),('17','false','2','63741','1000470','2','5'),('18','false','2','63765','1000470','2','5'),('19','false','3','63251','1000468','4','5'),('20','false','3','63251','1000407','4','5'),('21','false','1','63251','1000471','4','5'),('22','false','2','63251','1000471','4','5'),('23','false','3','63265','1000468','9','5'),('24','false','3','63265','1000407','9','5'),('25','false','1','63265','1000471','9','5'),('26','false','2','63265','1000471','9','5'),('27','false','2','63722','1000470','2','5'),('28','false','1','63277','1000468','1','5'),('29','false','1','63277','1000407','1','5'),('30','false','1','63277','1001001','1','5'),('31','false','1','63702','1000470','1','5'),('32','false','1','63278','1000468','1','5'),('33','false','1','63278','1001001','1','5'),('34','false','1','63278','1000407','1','5'),('35','false','1','63706','1000470','1','5'),('36','false','3','63268','1000468','10','5'),('37','false','3','63268','1000407','10','5'),('38','false','3','63268','1000471','10','5'),('39','false','2','63220','1000468','2','5'),('40','false','3','63220','1000468','3','5'),('41','false','2','63220','1000407','1','5'),('42','false','3','63263','1000468','9','5'),('43','false','3','63263','1000407','9','5'),('44','false','1','63263','1000471','9','5'),('45','false','2','63263','1000471','9','5'),('46','false','2','63739','1000470','2','5'),('47','false','1','63212','1000468','1','5'),('48','false','1','63212','1000407','1','5'),('49','false','2','63718','1000470','2','5'),('50','false','3','63260','1000468','8','5'),('51','false','3','63260','1000407','8','5'),('52','false','1','63260','1000471','8','5'),('53','false','2','63260','1000471','8','5'),('54','false','3','63257','1000468','7','5'),('55','false','3','63257','1000407','7','5'),('56','false','1','63257','1000471','7','5'),('57','false','2','63257','1000471','7','5'),('58','false','2','63729','1000470','2','5'),('59','false','1','63709','1000470','1','5'),('60','false','2','63217','1000468','1','5'),('61','false','2','63717','1000470','2','5'),('62','false','2','63218','1000468','1','5'),('63','false','1','63204','1000468','1','5'),('64','false','1','63204','1000407','1','5'),('65','false','2','63221','1000468','2','5'),('66','false','1','63703','1000470','1','5'),('67','false','1','63509','1000471','1','5'),('68','false','1','63509','1000934','1','5'),('69','false','3','63264','1000468','9','5'),('70','false','3','63264','1000407','9','5'),('71','false','1','63264','1000471','9','5'),('72','false','2','63264','1000471','9','5'),('73','false','2','63736','1000470','2','5'),('74','false','2','63728','1000470','2','5'),('75','false','3','63262','1000468','8','5'),('76','false','3','63262','1000407','8','5'),('77','false','1','63262','1000471','8','5'),('78','false','2','63262','1000471','8','5'),('79','false','2','63744','1000470','2','5'),('80','false','2','63715','1000470','2','5'),('81','false','2','63734','1000470','2','5'),('82','false','3','63270','1000468','11','5'),('83','false','3','63270','1000407','11','5'),('84','false','1','63270','1000471','11','5'),('85','false','2','63270','1000471','11','5'),('86','false','3','63271','1000468','11','5'),('87','false','3','63271','1000407','11','5'),('88','false','1','63271','1000471','11','5'),('89','false','2','63271','1000471','11','5'),('90','false','2','63271','1001001','1','5'),('91','false','2','63726','1000470','2','5'),('92','false','2','63719','1000470','2','5'),('93','false','3','63269','1000468','11','5'),('94','false','3','63269','1000407','11','5'),('95','false','2','63269','1001001','11','5'),('96','false','1','63269','1000471','11','5'),('97','false','2','63269','1000471','11','5'),('98','false','2','63740','1000470','2','5'),('99','false','2','63721','1000470','2','5'),('100','false','1','63701','1000470','1','5'),('101','false','2','63714','1000470','2','5'),('102','false','3','63253','1000468','5','5'),('103','false','3','63253','1000407','5','5'),('104','false','1','63253','1000471','5','5'),('105','false','2','63253','1000471','5','5'),('106','false','3','63254','1000468','6','5'),('107','false','3','63254','1000407','6','5'),('108','false','1','63254','1000471','6','5'),('109','false','2','63254','1000471','6','5'),('110','false','2','63737','1000470','2','5'),('111','false','2','63737','1000468','3','5'),('112','false','3','63737','1000468','3','5'),('113','false','2','63725','1000470','2','5'),('114','false','2','63727','1000470','2','5'),('115','false','3','63255','1000468','6','5'),('116','false','3','63255','1000407','6','5'),('117','false','1','63255','1000471','6','5'),('118','false','2','63255','1000471','6','5'),('119','false','3','63732','1000470','1','5'),('120','false','3','63256','1000468','6','5'),('121','false','3','63256','1000407','6','5'),('122','false','1','63256','1000471','6','5'),('123','false','3','63256','1000475','6','5'),('124','false','2','63724','1000470','2','5'),('125','false','2','63738','1000470','2','5'),('126','false','3','63249','1000468','4','5'),('127','false','3','63249','1000407','4','5'),('128','false','1','63249','1000471','4','5'),('129','false','2','63249','1000471','4','5'),('130','false','3','63250','1000468','4','5'),('131','false','3','63250','1000407','4','5'),('132','false','1','63250','1000471','4','5'),('133','false','2','63250','1000475','4','5'),('134','false','1','63215','1000468','1','5'),('135','false','1','63707','1000470','1','5'),('136','false','2','63713','1000470','2','5'),('137','false','3','63226','1000468','5','5'),('138','false','3','63226','1000407','5','5'),('139','false','1','63226','1000471','5','5'),('140','false','2','63226','1000471','5','5'),('141','false','2','63216','1000468','1','5'),('142','false','3','63259','1000468','7','5'),('143','false','3','63259','1000407','7','5'),('144','false','1','63259','1000471','7','5'),('145','false','2','63259','1000471','7','5'),('146','false','3','63258','1000468','7','5'),('147','false','3','63258','1000407','7','5'),('148','false','1','63258','1000471','7','5'),('149','false','2','63258','1000471','7','5'),('150','false','2','63716','1000470','2','5'),('151','false','3','63261','1000468','8','5'),('152','false','3','63261','1000407','8','5'),('153','false','1','63261','1000471','8','5'),('154','false','2','63261','1000471','8','5'),('155','false','1','63209','1000468','1','5'),('156','false','2','63209','1000407','1','5'),('157','false','1','63708','1000470','1','5'),('158','false','3','63735','1000470','2','5'),('159','false','2','63284','1000468','3','5'),('160','false','3','63284','1000468','3','5'),('161','false','2','63752','1000468','3','5'),('162','false','3','63752','1000468','3','5'),('163','false','2','63242','1000468','3','5'),('164','false','3','63242','1000468','3','5'),('165','false','2','63213','1000468','1','5'),('166','false','1','63710','1000470','1','5'),('167','false','1','63202','1000468','1','5'),('168','false','1','63202','1001001','1','5'),('169','false','1','63207','1000468','1','5'),('170','false','1','63207','1001001','1','5'),('171','false','1','63205','1000468','1','5'),('172','false','3','63248','1000468','1','5'),('173','false','3','63281','1000468','1','5'),('174','false','3','63214','1000468','1','5'),('175','false','3','63214','1000407','1','5'),('176','false','2','63219','1000468','2','5'),('177','false','3','63219','1000468','3','5'),('178','false','2','63225','1000468','3','5'),('179','false','3','63225','1000468','3','5'),('180','false','2','63208','1000468','1','5'),('181','false','3','63267','1000468','10','5'),('182','false','3','63267','1000407','10','5'),('183','false','1','63267','1000471','2','5'),('184','false','2','63267','1000471','2','5'),('185','false','3','63725','1000468','5','5'),('186','false','3','63725','1000407','5','5'),('187','false','1','63725','1000471','2','5'),('188','false','2','63725','1000471','2','5'),('189','false','3','63221','1000468','3','5'),('190','false','1','63704','1000470','1','5'),('191','false','1','63508','1000471','1','4'),('192','false','1','63508','1000934','1','4'),('193','false','1','63508','100977','1','4'),('194','false','2','63711','1000470','1','4'),('195','false','2','63279','1000468','1','4'),('196','false','2','63279','1000407','1','4'),('197','false','2','63280','1000468','1','4'),('198','false','2','63280','1000407','1','4'),('199','false','1','63705','1000470','1','4'),('200','false','1','63203','1000468','1','4'),('201','false','3','63266','1000468','10','4'),('202','false','3','63266','1000407','10','4'),('203','false','1','63266','1000471','10','4'),('204','false','2','63266','1000471','10','4'),('205','false','2','63517','1000468','1','4'),('206','false','2','63517','1000407','1','4'),('207','false','2','63741','1000470','2','4'),('208','false','2','63765','1000470','2','4'),('209','false','3','63251','1000468','4','4'),('210','false','3','63251','1000407','4','4'),('211','false','1','63251','1000471','4','4'),('212','false','2','63251','1000471','4','4'),('213','false','3','63265','1000468','9','4'),('214','false','3','63265','1000407','9','4'),('215','false','1','63265','1000471','9','4'),('216','false','2','63265','1000471','9','4'),('217','false','2','63722','1000470','2','4'),('218','false','1','63277','1000468','1','4'),('219','false','1','63277','1000407','1','4'),('220','false','1','63277','1001001','1','4'),('221','false','1','63702','1000470','1','4'),('222','false','1','63278','1000468','1','4'),('223','false','1','63278','1001001','1','4'),('224','false','1','63278','1000407','1','4'),('225','false','1','63706','1000470','1','4'),('226','false','3','63268','1000468','10','4'),('227','false','3','63268','1000407','10','4'),('228','false','3','63268','1000471','10','4'),('229','false','2','63220','1000468','2','4'),('230','false','3','63220','1000468','3','4'),('231','false','2','63220','1000407','1','4'),('232','false','3','63263','1000468','9','4'),('233','false','3','63263','1000407','9','4'),('234','false','1','63263','1000471','9','4'),('235','false','2','63263','1000471','9','4'),('236','false','2','63739','1000470','2','4'),('237','false','1','63212','1000468','1','4'),('238','false','1','63212','1000407','1','4'),('239','false','2','63718','1000470','2','4'),('240','false','3','63260','1000468','8','4'),('241','false','3','63260','1000407','8','4'),('242','false','1','63260','1000471','8','4'),('243','false','2','63260','1000471','8','4'),('244','false','3','63257','1000468','7','4'),('245','false','3','63257','1000407','7','4'),('246','false','1','63257','1000471','7','4'),('247','false','2','63257','1000471','7','4'),('248','false','2','63729','1000470','2','4'),('249','false','1','63709','1000470','1','4'),('250','false','2','63217','1000468','1','4'),('251','false','2','63717','1000470','2','4'),('252','false','2','63218','1000468','1','4'),('253','false','1','63204','1000468','1','4'),('254','false','1','63204','1000407','1','4'),('255','false','2','63221','1000468','2','4'),('256','false','1','63703','1000470','1','4'),('257','false','1','63509','1000471','1','4'),('258','false','1','63509','1000934','1','4'),('259','false','3','63264','1000468','9','4'),('260','false','3','63264','1000407','9','4'),('261','false','1','63264','1000471','9','4'),('262','false','2','63264','1000471','9','4'),('263','false','2','63736','1000470','2','4'),('264','false','2','63728','1000470','2','4'),('265','false','3','63262','1000468','8','4'),('266','false','3','63262','1000407','8','4'),('267','false','1','63262','1000471','8','4'),('268','false','2','63262','1000471','8','4'),('269','false','2','63744','1000470','2','4'),('270','false','2','63715','1000470','2','4'),('271','false','2','63734','1000470','2','4'),('272','false','3','63270','1000468','11','4'),('273','false','3','63270','1000407','11','4'),('274','false','1','63270','1000471','11','4'),('275','false','2','63270','1000471','11','4'),('276','false','3','63271','1000468','11','4'),('277','false','3','63271','1000407','11','4'),('278','false','1','63271','1000471','11','4'),('279','false','2','63271','1000471','11','4'),('280','false','2','63271','1001001','1','4'),('281','false','2','63726','1000470','2','4'),('282','false','2','63719','1000470','2','4'),('283','false','3','63269','1000468','11','4'),('284','false','3','63269','1000407','11','4'),('285','false','2','63269','1001001','11','4'),('286','false','1','63269','1000471','11','4'),('287','false','2','63269','1000471','11','4'),('288','false','2','63740','1000470','2','4'),('289','false','2','63721','1000470','2','4'),('290','false','1','63701','1000470','1','4'),('291','false','2','63714','1000470','2','4'),('292','false','3','63253','1000468','5','4'),('293','false','3','63253','1000407','5','4'),('294','false','1','63253','1000471','5','4'),('295','false','2','63253','1000471','5','4'),('296','false','3','63254','1000468','6','4'),('297','false','3','63254','1000407','6','4'),('298','false','1','63254','1000471','6','4'),('299','false','2','63254','1000471','6','4'),('300','false','2','63737','1000470','2','4'),('301','false','2','63737','1000468','3','4'),('302','false','3','63737','1000468','3','4'),('303','false','2','63725','1000470','2','4'),('304','false','2','63727','1000470','2','4'),('305','false','3','63255','1000468','6','4'),('306','false','3','63255','1000407','6','4'),('307','false','1','63255','1000471','6','4'),('308','false','2','63255','1000471','6','4'),('309','false','3','63732','1000470','1','4'),('310','false','3','63256','1000468','6','4'),('311','false','3','63256','1000407','6','4'),('312','false','1','63256','1000471','6','4'),('313','false','3','63256','1000475','6','4'),('314','false','2','63724','1000470','2','4'),('315','false','2','63738','1000470','2','4'),('316','false','3','63249','1000468','4','4'),('317','false','3','63249','1000407','4','4'),('318','false','1','63249','1000471','4','4'),('319','false','2','63249','1000471','4','4'),('320','false','3','63250','1000468','4','4'),('321','false','3','63250','1000407','4','4'),('322','false','1','63250','1000471','4','4'),('323','false','2','63250','1000475','4','4'),('324','false','1','63215','1000468','1','4'),('325','false','1','63707','1000470','1','4'),('326','false','2','63713','1000470','2','4'),('327','false','3','63226','1000468','5','4'),('328','false','3','63226','1000407','5','4'),('329','false','1','63226','1000471','5','4'),('330','false','2','63226','1000471','5','4'),('331','false','2','63216','1000468','1','4'),('332','false','3','63259','1000468','7','4'),('333','false','3','63259','1000407','7','4'),('334','false','1','63259','1000471','7','4'),('335','false','2','63259','1000471','7','4'),('336','false','3','63258','1000468','7','4'),('337','false','3','63258','1000407','7','4'),('338','false','1','63258','1000471','7','4'),('339','false','2','63258','1000471','7','4'),('340','false','2','63716','1000470','2','4'),('341','false','3','63261','1000468','8','4'),('342','false','3','63261','1000407','8','4'),('343','false','1','63261','1000471','8','4'),('344','false','2','63261','1000471','8','4'),('345','false','1','63209','1000468','1','4'),('346','false','2','63209','1000407','1','4'),('347','false','1','63708','1000470','1','4'),('348','false','3','63735','1000470','2','4'),('349','false','2','63284','1000468','3','4'),('350','false','3','63284','1000468','3','4'),('351','false','2','63752','1000468','3','4'),('352','false','3','63752','1000468','3','4'),('353','false','2','63242','1000468','3','4'),('354','false','3','63242','1000468','3','4'),('355','false','2','63213','1000468','1','4'),('356','false','1','63710','1000470','1','4'),('357','false','1','63202','1000468','1','4'),('358','false','1','63202','1001001','1','4'),('359','false','1','63207','1000468','1','4'),('360','false','1','63207','1001001','1','4'),('361','false','1','63205','1000468','1','4'),('362','false','3','63248','1000468','1','4'),('363','false','3','63281','1000468','1','4'),('364','false','3','63214','1000468','1','4'),('365','false','3','63214','1000407','1','4'),('366','false','2','63219','1000468','2','4'),('367','false','3','63219','1000468','3','4'),('368','false','2','63225','1000468','3','4'),('369','false','3','63225','1000468','3','4'),('370','false','2','63208','1000468','1','4'),('371','false','3','63267','1000468','10','4'),('372','false','3','63267','1000407','10','4'),('373','false','1','63267','1000471','2','4'),('374','false','2','63267','1000471','2','4'),('375','false','3','63725','1000468','5','4'),('376','false','3','63725','1000407','5','4'),('377','false','1','63725','1000471','2','4'),('378','false','2','63725','1000471','2','4'),('379','false','3','63221','1000468','3','4'),('380','false','1','63704','1000470','1','4'),('381','false','1','63508','1000471','1','3'),('382','false','1','63508','1000934','1','3'),('383','false','1','63508','100977','1','3'),('384','false','2','63711','1000470','1','3'),('385','false','2','63279','1000468','1','3'),('386','false','2','63279','1000407','1','3'),('387','false','2','63280','1000468','1','3'),('388','false','2','63280','1000407','1','3'),('389','false','1','63705','1000470','1','3'),('390','false','1','63203','1000468','1','3'),('391','false','3','63266','1000468','10','3'),('392','false','3','63266','1000407','10','3'),('393','false','1','63266','1000471','10','3'),('394','false','2','63266','1000471','10','3'),('395','false','2','63517','1000468','1','3'),('396','false','2','63517','1000407','1','3'),('397','false','2','63741','1000470','2','3'),('398','false','2','63765','1000470','2','3'),('399','false','3','63251','1000468','4','3'),('400','false','3','63251','1000407','4','3'),('401','false','1','63251','1000471','4','3'),('402','false','2','63251','1000471','4','3'),('403','false','3','63265','1000468','9','3'),('404','false','3','63265','1000407','9','3'),('405','false','1','63265','1000471','9','3'),('406','false','2','63265','1000471','9','3'),('407','false','2','63722','1000470','2','3'),('408','false','1','63277','1000468','1','3'),('409','false','1','63277','1000407','1','3'),('410','false','1','63277','1001001','1','3'),('411','false','1','63702','1000470','1','3'),('412','false','1','63278','1000468','1','3'),('413','false','1','63278','1001001','1','3'),('414','false','1','63278','1000407','1','3'),('415','false','1','63706','1000470','1','3'),('416','false','3','63268','1000468','10','3'),('417','false','3','63268','1000407','10','3'),('418','false','3','63268','1000471','10','3'),('419','false','2','63220','1000468','2','3'),('420','false','3','63220','1000468','3','3'),('421','false','2','63220','1000407','1','3'),('422','false','3','63263','1000468','9','3'),('423','false','3','63263','1000407','9','3'),('424','false','1','63263','1000471','9','3'),('425','false','2','63263','1000471','9','3'),('426','false','2','63739','1000470','2','3'),('427','false','1','63212','1000468','1','3'),('428','false','1','63212','1000407','1','3'),('429','false','2','63718','1000470','2','3'),('430','false','3','63260','1000468','8','3'),('431','false','3','63260','1000407','8','3'),('432','false','1','63260','1000471','8','3'),('433','false','2','63260','1000471','8','3'),('434','false','3','63257','1000468','7','3'),('435','false','3','63257','1000407','7','3'),('436','false','1','63257','1000471','7','3'),('437','false','2','63257','1000471','7','3'),('438','false','2','63729','1000470','2','3'),('439','false','1','63709','1000470','1','3'),('440','false','2','63217','1000468','1','3'),('441','false','2','63717','1000470','2','3'),('442','false','2','63218','1000468','1','3'),('443','false','1','63204','1000468','1','3'),('444','false','1','63204','1000407','1','3'),('445','false','2','63221','1000468','2','3'),('446','false','1','63703','1000470','1','3'),('447','false','1','63509','1000471','1','3'),('448','false','1','63509','1000934','1','3'),('449','false','3','63264','1000468','9','3'),('450','false','3','63264','1000407','9','3'),('451','false','1','63264','1000471','9','3'),('452','false','2','63264','1000471','9','3'),('453','false','2','63736','1000470','2','3'),('454','false','2','63728','1000470','2','3'),('455','false','3','63262','1000468','8','3'),('456','false','3','63262','1000407','8','3'),('457','false','1','63262','1000471','8','3'),('458','false','2','63262','1000471','8','3'),('459','false','2','63744','1000470','2','3'),('460','false','2','63715','1000470','2','3'),('461','false','2','63734','1000470','2','3'),('462','false','3','63270','1000468','11','3'),('463','false','3','63270','1000407','11','3'),('464','false','1','63270','1000471','11','3'),('465','false','2','63270','1000471','11','3'),('466','false','3','63271','1000468','11','3'),('467','false','3','63271','1000407','11','3'),('468','false','1','63271','1000471','11','3'),('469','false','2','63271','1000471','11','3'),('470','false','2','63271','1001001','1','3'),('471','false','2','63726','1000470','2','3'),('472','false','2','63719','1000470','2','3'),('473','false','3','63269','1000468','11','3'),('474','false','3','63269','1000407','11','3'),('475','false','2','63269','1001001','11','3'),('476','false','1','63269','1000471','11','3'),('477','false','2','63269','1000471','11','3'),('478','false','2','63740','1000470','2','3'),('479','false','2','63721','1000470','2','3'),('480','false','1','63701','1000470','1','3'),('481','false','2','63714','1000470','2','3'),('482','false','3','63253','1000468','5','3'),('483','false','3','63253','1000407','5','3'),('484','false','1','63253','1000471','5','3'),('485','false','2','63253','1000471','5','3'),('486','false','3','63254','1000468','6','3'),('487','false','3','63254','1000407','6','3'),('488','false','1','63254','1000471','6','3'),('489','false','2','63254','1000471','6','3'),('490','false','2','63737','1000470','2','3'),('491','false','2','63737','1000468','3','3'),('492','false','3','63737','1000468','3','3'),('493','false','2','63725','1000470','2','3'),('494','false','2','63727','1000470','2','3'),('495','false','3','63255','1000468','6','3'),('496','false','3','63255','1000407','6','3'),('497','false','1','63255','1000471','6','3'),('498','false','2','63255','1000471','6','3'),('499','false','3','63732','1000470','1','3'),('500','false','3','63256','1000468','6','3'),('501','false','3','63256','1000407','6','3'),('502','false','1','63256','1000471','6','3'),('503','false','3','63256','1000475','6','3'),('504','false','2','63724','1000470','2','3'),('505','false','2','63738','1000470','2','3'),('506','false','3','63249','1000468','4','3'),('507','false','3','63249','1000407','4','3'),('508','false','1','63249','1000471','4','3'),('509','false','2','63249','1000471','4','3'),('510','false','3','63250','1000468','4','3'),('511','false','3','63250','1000407','4','3'),('512','false','1','63250','1000471','4','3'),('513','false','2','63250','1000475','4','3'),('514','false','1','63215','1000468','1','3'),('515','false','1','63707','1000470','1','3'),('516','false','2','63713','1000470','2','3'),('517','false','3','63226','1000468','5','3'),('518','false','3','63226','1000407','5','3'),('519','false','1','63226','1000471','5','3'),('520','false','2','63226','1000471','5','3'),('521','false','2','63216','1000468','1','3'),('522','false','3','63259','1000468','7','3'),('523','false','3','63259','1000407','7','3'),('524','false','1','63259','1000471','7','3'),('525','false','2','63259','1000471','7','3'),('526','false','3','63258','1000468','7','3'),('527','false','3','63258','1000407','7','3'),('528','false','1','63258','1000471','7','3'),('529','false','2','63258','1000471','7','3'),('530','false','2','63716','1000470','2','3'),('531','false','3','63261','1000468','8','3'),('532','false','3','63261','1000407','8','3'),('533','false','1','63261','1000471','8','3'),('534','false','2','63261','1000471','8','3'),('535','false','1','63209','1000468','1','3'),('536','false','2','63209','1000407','1','3'),('537','false','1','63708','1000470','1','3'),('538','false','3','63735','1000470','2','3'),('539','false','2','63284','1000468','3','3'),('540','false','3','63284','1000468','3','3'),('541','false','2','63752','1000468','3','3'),('542','false','3','63752','1000468','3','3'),('543','false','2','63242','1000468','3','3'),('544','false','3','63242','1000468','3','3'),('545','false','2','63213','1000468','1','3'),('546','false','1','63710','1000470','1','3'),('547','false','1','63202','1000468','1','3'),('548','false','1','63202','1001001','1','3'),('549','false','1','63207','1000468','1','3'),('550','false','1','63207','1001001','1','3'),('551','false','1','63205','1000468','1','3'),('552','false','3','63248','1000468','1','3'),('553','false','3','63281','1000468','1','3'),('554','false','3','63214','1000468','1','3'),('555','false','3','63214','1000407','1','3'),('556','false','2','63219','1000468','2','3'),('557','false','3','63219','1000468','3','3'),('558','false','2','63225','1000468','3','3'),('559','false','3','63225','1000468','3','3'),('560','false','2','63208','1000468','1','3'),('561','false','3','63267','1000468','10','3'),('562','false','3','63267','1000407','10','3'),('563','false','1','63267','1000471','2','3'),('564','false','2','63267','1000471','2','3'),('565','false','3','63725','1000468','5','3'),('566','false','3','63725','1000407','5','3'),('567','false','1','63725','1000471','2','3'),('568','false','2','63725','1000471','2','3'),('569','false','3','63221','1000468','3','3'),('570','false','1','63704','1000470','1','3'),('571','false','1','63508','1000471','1','2'),('572','false','1','63508','1000934','1','2'),('573','false','1','63508','100977','1','2'),('574','false','2','63711','1000470','1','2'),('575','false','2','63279','1000468','1','2'),('576','false','2','63279','1000407','1','2'),('577','false','2','63280','1000468','1','2'),('578','false','2','63280','1000407','1','2'),('579','false','1','63705','1000470','1','2'),('580','false','1','63203','1000468','1','2'),('581','false','3','63266','1000468','10','2'),('582','false','3','63266','1000407','10','2'),('583','false','1','63266','1000471','10','2'),('584','false','2','63266','1000471','10','2'),('585','false','2','63517','1000468','1','2'),('586','false','2','63517','1000407','1','2'),('587','false','2','63741','1000470','2','2'),('588','false','2','63765','1000470','2','2'),('589','false','3','63251','1000468','4','2'),('590','false','3','63251','1000407','4','2'),('591','false','1','63251','1000471','4','2'),('592','false','2','63251','1000471','4','2'),('593','false','3','63265','1000468','9','2'),('594','false','3','63265','1000407','9','2'),('595','false','1','63265','1000471','9','2'),('596','false','2','63265','1000471','9','2'),('597','false','2','63722','1000470','2','2'),('598','false','1','63277','1000468','1','2'),('599','false','1','63277','1000407','1','2'),('600','false','1','63277','1001001','1','2'),('601','false','1','63702','1000470','1','2'),('602','false','1','63278','1000468','1','2'),('603','false','1','63278','1001001','1','2'),('604','false','1','63278','1000407','1','2'),('605','false','1','63706','1000470','1','2'),('606','false','3','63268','1000468','10','2'),('607','false','3','63268','1000407','10','2'),('608','false','3','63268','1000471','10','2'),('609','false','2','63220','1000468','2','2'),('610','false','3','63220','1000468','3','2'),('611','false','2','63220','1000407','1','2'),('612','false','3','63263','1000468','9','2'),('613','false','3','63263','1000407','9','2'),('614','false','1','63263','1000471','9','2'),('615','false','2','63263','1000471','9','2'),('616','false','2','63739','1000470','2','2'),('617','false','1','63212','1000468','1','2'),('618','false','1','63212','1000407','1','2'),('619','false','2','63718','1000470','2','2'),('620','false','3','63260','1000468','8','2'),('621','false','3','63260','1000407','8','2'),('622','false','1','63260','1000471','8','2'),('623','false','2','63260','1000471','8','2'),('624','false','3','63257','1000468','7','2'),('625','false','3','63257','1000407','7','2'),('626','false','1','63257','1000471','7','2'),('627','false','2','63257','1000471','7','2'),('628','false','2','63729','1000470','2','2'),('629','false','1','63709','1000470','1','2'),('630','false','2','63217','1000468','1','2'),('631','false','2','63717','1000470','2','2'),('632','false','2','63218','1000468','1','2'),('633','false','1','63204','1000468','1','2'),('634','false','1','63204','1000407','1','2'),('635','false','2','63221','1000468','2','2'),('636','false','1','63703','1000470','1','2'),('637','false','1','63509','1000471','1','2'),('638','false','1','63509','1000934','1','2'),('639','false','3','63264','1000468','9','2'),('640','false','3','63264','1000407','9','2'),('641','false','1','63264','1000471','9','2'),('642','false','2','63264','1000471','9','2'),('643','false','2','63736','1000470','2','2'),('644','false','2','63728','1000470','2','2'),('645','false','3','63262','1000468','8','2'),('646','false','3','63262','1000407','8','2'),('647','false','1','63262','1000471','8','2'),('648','false','2','63262','1000471','8','2'),('649','false','2','63744','1000470','2','2'),('650','false','2','63715','1000470','2','2'),('651','false','2','63734','1000470','2','2'),('652','false','3','63270','1000468','11','2'),('653','false','3','63270','1000407','11','2'),('654','false','1','63270','1000471','11','2'),('655','false','2','63270','1000471','11','2'),('656','false','3','63271','1000468','11','2'),('657','false','3','63271','1000407','11','2'),('658','false','1','63271','1000471','11','2'),('659','false','2','63271','1000471','11','2'),('660','false','2','63271','1001001','1','2'),('661','false','2','63726','1000470','2','2'),('662','false','2','63719','1000470','2','2'),('663','false','3','63269','1000468','11','2'),('664','false','3','63269','1000407','11','2'),('665','false','2','63269','1001001','11','2'),('666','false','1','63269','1000471','11','2'),('667','false','2','63269','1000471','11','2'),('668','false','2','63740','1000470','2','2'),('669','false','2','63721','1000470','2','2'),('670','false','1','63701','1000470','1','2'),('671','false','2','63714','1000470','2','2'),('672','false','3','63253','1000468','5','2'),('673','false','3','63253','1000407','5','2'),('674','false','1','63253','1000471','5','2'),('675','false','2','63253','1000471','5','2'),('676','false','3','63254','1000468','6','2'),('677','false','3','63254','1000407','6','2'),('678','false','1','63254','1000471','6','2'),('679','false','2','63254','1000471','6','2'),('680','false','2','63737','1000470','2','2'),('681','false','2','63737','1000468','3','2'),('682','false','3','63737','1000468','3','2'),('683','false','2','63725','1000470','2','2'),('684','false','2','63727','1000470','2','2'),('685','false','3','63255','1000468','6','2'),('686','false','3','63255','1000407','6','2'),('687','false','1','63255','1000471','6','2'),('688','false','2','63255','1000471','6','2'),('689','false','3','63732','1000470','1','2'),('690','false','3','63256','1000468','6','2'),('691','false','3','63256','1000407','6','2'),('692','false','1','63256','1000471','6','2'),('693','false','3','63256','1000475','6','2'),('694','false','2','63724','1000470','2','2'),('695','false','2','63738','1000470','2','2'),('696','false','3','63249','1000468','4','2'),('697','false','3','63249','1000407','4','2'),('698','false','1','63249','1000471','4','2'),('699','false','2','63249','1000471','4','2'),('700','false','3','63250','1000468','4','2'),('701','false','3','63250','1000407','4','2'),('702','false','1','63250','1000471','4','2'),('703','false','2','63250','1000475','4','2'),('704','false','1','63215','1000468','1','2'),('705','false','1','63707','1000470','1','2'),('706','false','2','63713','1000470','2','2'),('707','false','3','63226','1000468','5','2'),('708','false','3','63226','1000407','5','2'),('709','false','1','63226','1000471','5','2'),('710','false','2','63226','1000471','5','2'),('711','false','2','63216','1000468','1','2'),('712','false','3','63259','1000468','7','2'),('713','false','3','63259','1000407','7','2'),('714','false','1','63259','1000471','7','2'),('715','false','2','63259','1000471','7','2'),('716','false','3','63258','1000468','7','2'),('717','false','3','63258','1000407','7','2'),('718','false','1','63258','1000471','7','2'),('719','false','2','63258','1000471','7','2'),('720','false','2','63716','1000470','2','2'),('721','false','3','63261','1000468','8','2'),('722','false','3','63261','1000407','8','2'),('723','false','1','63261','1000471','8','2'),('724','false','2','63261','1000471','8','2'),('725','false','1','63209','1000468','1','2'),('726','false','2','63209','1000407','1','2'),('727','false','1','63708','1000470','1','2'),('728','false','3','63735','1000470','2','2'),('729','false','2','63284','1000468','3','2'),('730','false','3','63284','1000468','3','2'),('731','false','2','63752','1000468','3','2'),('732','false','3','63752','1000468','3','2'),('733','false','2','63242','1000468','3','2'),('734','false','3','63242','1000468','3','2'),('735','false','2','63213','1000468','1','2'),('736','false','1','63710','1000470','1','2'),('737','false','1','63202','1000468','1','2'),('738','false','1','63202','1001001','1','2'),('739','false','1','63207','1000468','1','2'),('740','false','1','63207','1001001','1','2'),('741','false','1','63205','1000468','1','2'),('742','false','3','63248','1000468','1','2'),('743','false','3','63281','1000468','1','2'),('744','false','3','63214','1000468','1','2'),('745','false','3','63214','1000407','1','2'),('746','false','2','63219','1000468','2','2'),('747','false','3','63219','1000468','3','2'),('748','false','2','63225','1000468','3','2'),('749','false','3','63225','1000468','3','2'),('750','false','2','63208','1000468','1','2'),('751','false','3','63267','1000468','10','2'),('752','false','3','63267','1000407','10','2'),('753','false','1','63267','1000471','2','2'),('754','false','2','63267','1000471','2','2'),('755','false','3','63725','1000468','5','2'),('756','false','3','63725','1000407','5','2'),('757','false','1','63725','1000471','2','2'),('758','false','2','63725','1000471','2','2'),('759','false','3','63221','1000468','3','2'),('760','false','1','63704','1000470','1','2'),('761','false','1','63508','1000471','1','1'),('762','false','1','63508','1000934','1','1'),('763','false','1','63508','100977','1','1'),('764','false','2','63711','1000470','1','1'),('765','false','2','63279','1000468','1','1'),('766','false','2','63279','1000407','1','1'),('767','false','2','63280','1000468','1','1'),('768','false','2','63280','1000407','1','1'),('769','false','1','63705','1000470','1','1'),('770','false','1','63203','1000468','1','1'),('771','false','3','63266','1000468','10','1'),('772','false','3','63266','1000407','10','1'),('773','false','1','63266','1000471','10','1'),('774','false','2','63266','1000471','10','1'),('775','false','2','63517','1000468','1','1'),('776','false','2','63517','1000407','1','1'),('777','false','2','63741','1000470','2','1'),('778','false','2','63765','1000470','2','1'),('779','false','3','63251','1000468','4','1'),('780','false','3','63251','1000407','4','1'),('781','false','1','63251','1000471','4','1'),('782','false','2','63251','1000471','4','1'),('783','false','3','63265','1000468','9','1'),('784','false','3','63265','1000407','9','1'),('785','false','1','63265','1000471','9','1'),('786','false','2','63265','1000471','9','1'),('787','false','2','63722','1000470','2','1'),('788','false','1','63277','1000468','1','1'),('789','false','1','63277','1000407','1','1'),('790','false','1','63277','1001001','1','1'),('791','false','1','63702','1000470','1','1'),('792','false','1','63278','1000468','1','1'),('793','false','1','63278','1001001','1','1'),('794','false','1','63278','1000407','1','1'),('795','false','1','63706','1000470','1','1'),('796','false','3','63268','1000468','10','1'),('797','false','3','63268','1000407','10','1'),('798','false','3','63268','1000471','10','1'),('799','false','2','63220','1000468','2','1'),('800','false','3','63220','1000468','3','1'),('801','false','2','63220','1000407','1','1'),('802','false','3','63263','1000468','9','1'),('803','false','3','63263','1000407','9','1'),('804','false','1','63263','1000471','9','1'),('805','false','2','63263','1000471','9','1'),('806','false','2','63739','1000470','2','1'),('807','false','1','63212','1000468','1','1'),('808','false','1','63212','1000407','1','1'),('809','false','2','63718','1000470','2','1'),('810','false','3','63260','1000468','8','1'),('811','false','3','63260','1000407','8','1'),('812','false','1','63260','1000471','8','1'),('813','false','2','63260','1000471','8','1'),('814','false','3','63257','1000468','7','1'),('815','false','3','63257','1000407','7','1'),('816','false','1','63257','1000471','7','1'),('817','false','2','63257','1000471','7','1'),('818','false','2','63729','1000470','2','1'),('819','false','1','63709','1000470','1','1'),('820','false','2','63217','1000468','1','1'),('821','false','2','63717','1000470','2','1'),('822','false','2','63218','1000468','1','1'),('823','false','1','63204','1000468','1','1'),('824','false','1','63204','1000407','1','1'),('825','false','2','63221','1000468','2','1'),('826','false','1','63703','1000470','1','1'),('827','false','1','63509','1000471','1','1'),('828','false','1','63509','1000934','1','1'),('829','false','3','63264','1000468','9','1'),('830','false','3','63264','1000407','9','1'),('831','false','1','63264','1000471','9','1'),('832','false','2','63264','1000471','9','1'),('833','false','2','63736','1000470','2','1'),('834','false','2','63728','1000470','2','1'),('835','false','3','63262','1000468','8','1'),('836','false','3','63262','1000407','8','1'),('837','false','1','63262','1000471','8','1'),('838','false','2','63262','1000471','8','1'),('839','false','2','63744','1000470','2','1'),('840','false','2','63715','1000470','2','1'),('841','false','2','63734','1000470','2','1'),('842','false','3','63270','1000468','11','1'),('843','false','3','63270','1000407','11','1'),('844','false','1','63270','1000471','11','1'),('845','false','2','63270','1000471','11','1'),('846','false','3','63271','1000468','11','1'),('847','false','3','63271','1000407','11','1'),('848','false','1','63271','1000471','11','1'),('849','false','2','63271','1000471','11','1'),('850','false','2','63271','1001001','1','1'),('851','false','2','63726','1000470','2','1'),('852','false','2','63719','1000470','2','1'),('853','false','3','63269','1000468','11','1'),('854','false','3','63269','1000407','11','1'),('855','false','2','63269','1001001','11','1'),('856','false','1','63269','1000471','11','1'),('857','false','2','63269','1000471','11','1'),('858','false','2','63740','1000470','2','1'),('859','false','2','63721','1000470','2','1'),('860','false','1','63701','1000470','1','1'),('861','false','2','63714','1000470','2','1'),('862','false','3','63253','1000468','5','1'),('863','false','3','63253','1000407','5','1'),('864','false','1','63253','1000471','5','1'),('865','false','2','63253','1000471','5','1'),('866','false','3','63254','1000468','6','1'),('867','false','3','63254','1000407','6','1'),('868','false','1','63254','1000471','6','1'),('869','false','2','63254','1000471','6','1'),('870','false','2','63737','1000470','2','1'),('871','false','2','63737','1000468','3','1'),('872','false','3','63737','1000468','3','1'),('873','false','2','63725','1000470','2','1'),('874','false','2','63727','1000470','2','1'),('875','false','3','63255','1000468','6','1'),('876','false','3','63255','1000407','6','1'),('877','false','1','63255','1000471','6','1'),('878','false','2','63255','1000471','6','1'),('879','false','3','63732','1000470','1','1'),('880','false','3','63256','1000468','6','1'),('881','false','3','63256','1000407','6','1'),('882','false','1','63256','1000471','6','1'),('883','false','3','63256','1000475','6','1'),('884','false','2','63724','1000470','2','1'),('885','false','2','63738','1000470','2','1'),('886','false','3','63249','1000468','4','1'),('887','false','3','63249','1000407','4','1'),('888','false','1','63249','1000471','4','1'),('889','false','2','63249','1000471','4','1'),('890','false','3','63250','1000468','4','1'),('891','false','3','63250','1000407','4','1'),('892','false','1','63250','1000471','4','1'),('893','false','2','63250','1000475','4','1'),('894','false','1','63215','1000468','1','1'),('895','false','1','63707','1000470','1','1'),('896','false','2','63713','1000470','2','1'),('897','false','3','63226','1000468','5','1'),('898','false','3','63226','1000407','5','1'),('899','false','1','63226','1000471','5','1'),('900','false','2','63226','1000471','5','1'),('901','false','2','63216','1000468','1','1'),('902','false','3','63259','1000468','7','1'),('903','false','3','63259','1000407','7','1'),('904','false','1','63259','1000471','7','1'),('905','false','2','63259','1000471','7','1'),('906','false','3','63258','1000468','7','1'),('907','false','3','63258','1000407','7','1'),('908','false','1','63258','1000471','7','1'),('909','false','2','63258','1000471','7','1'),('910','false','2','63716','1000470','2','1'),('911','false','3','63261','1000468','8','1'),('912','false','3','63261','1000407','8','1'),('913','false','1','63261','1000471','8','1'),('914','false','2','63261','1000471','8','1'),('915','false','1','63209','1000468','1','1'),('916','false','2','63209','1000407','1','1'),('917','false','1','63708','1000470','1','1'),('918','false','3','63735','1000470','2','1'),('919','false','2','63284','1000468','3','1'),('920','false','3','63284','1000468','3','1'),('921','false','2','63752','1000468','3','1'),('922','false','3','63752','1000468','3','1'),('923','false','2','63242','1000468','3','1'),('924','false','3','63242','1000468','3','1'),('925','false','2','63213','1000468','1','1'),('926','false','1','63710','1000470','1','1'),('927','false','1','63202','1000468','1','1'),('928','false','1','63202','1001001','1','1'),('929','false','1','63207','1000468','1','1'),('930','false','1','63207','1001001','1','1'),('931','false','1','63205','1000468','1','1'),('932','false','3','63248','1000468','1','1'),('933','false','3','63281','1000468','1','1'),('934','false','3','63214','1000468','1','1'),('935','false','3','63214','1000407','1','1'),('936','false','2','63219','1000468','2','1'),('937','false','3','63219','1000468','3','1'),('938','false','2','63225','1000468','3','1'),('939','false','3','63225','1000468','3','1'),('940','false','2','63208','1000468','1','1'),('941','false','3','63267','1000468','10','1'),('942','false','3','63267','1000407','10','1'),('943','false','1','63267','1000471','2','1'),('944','false','2','63267','1000471','2','1'),('945','false','3','63725','1000468','5','1'),('946','false','3','63725','1000407','5','1'),('947','false','1','63725','1000471','2','1'),('948','false','2','63725','1000471','2','1'),('949','false','3','63221','1000468','3','1'),('950','false','1','63704','1000470','1','1');
INSERT INTO professor (id,deleted,first_name,last_name1,last_name2,id_login) VALUES ('1','false','Aleksandar','Jurišić',NULL,NULL),('2','false','Igor','Kononenko',NULL,NULL),('3','false','Polona','Oblak',NULL,NULL),('4','false','Matjaž','Branko','Jurič',NULL),('5','false','Blaž','Zupan',NULL,NULL),('6','false','Luka','Čehovin','Zajc',NULL),('7','false','Marko','Robnik','Šikonja',NULL),('8','false','Ivan','Bratko',NULL,NULL),('9','false','Andrej','Bauer',NULL,NULL),('10','false','Mojca','Ciglarič',NULL,NULL),('11','false','Tomaž','Curk',NULL,NULL),('12','false','Uroš','Čibej',NULL,NULL),('13','false','Janez','Demšar',NULL,NULL),('14','false','Andrej','Dobnikar',NULL,NULL),('15','false','Tomaž','Dobravec',NULL,NULL),('16','false','Matej','Guid',NULL,NULL),('17','false','Dušan','Kodek',NULL,NULL),('18','false','Matej','Kristan',NULL,NULL),('19','false','Matjaž','Kukar',NULL,NULL),('20','false','Viljan','Mahnič',NULL,NULL),('21','false','Matija','Marolt',NULL,NULL),('22','false','Iztok','Mihevc',NULL,NULL),('23','false','Nežka','Mramor','Kosta',NULL),('24','false','Miha','Mraz',NULL,NULL),('25','false','Vladislav','Rajkovič',NULL,NULL),('26','false','Borut','Robič',NULL,NULL),('27','false','Rok','Rupnik',NULL,NULL),('28','false','Aleksander','Sadikov',NULL,NULL),('29','false','Danijel','Skočaj',NULL,NULL),('30','false','Boštjan','Slivnik',NULL,NULL),('31','false','Franc','Solina',NULL,NULL),('32','false','Denis','Trček',NULL,NULL),('33','false','Nikolaj','Zimic',NULL,NULL),('34','false','Marko','Bajec',NULL,NULL),('35','false','Zoran','Bosnić',NULL,NULL),('36','false','Narvika','Bovcon',NULL,NULL),('37','false','Andrej','Brodnik',NULL,NULL),('38','false','Patricio','Bulić',NULL,NULL),('39','false','Gašper','Fele','Žorž',NULL),('40','false','Gašper','Fijavž',NULL,NULL),('41','false','Tomaž','Hovelja',NULL,NULL),('42','false','Franc','Jager',NULL,NULL),('43','false','Dejan','Lavbič',NULL,NULL),('44','false','Iztok','Lebar','Bajec',NULL),('45','false','Jure','Leskovec',NULL,NULL),('46','false','Aleš','Leonardis',NULL,NULL),('47','false','Jaka','Lindič',NULL,NULL),('48','false','Uroš','Lotrič',NULL,NULL),('49','false','Bojan','Orel',NULL,NULL),('50','false','Matjaž','Pančur',NULL,NULL),('51','false','Peter','Peer',NULL,NULL),('52','false','Veljko','Pejović',NULL,NULL),('53','false','Darja','Peljhan',NULL,NULL),('54','false','Igor','Škraba',NULL,NULL),('55','false','Branko','Šter',NULL,NULL),('56','false','Lovro','Šubelj',NULL,NULL),('57','false','Mateja','Drnovšek',NULL,NULL),('58','false','Igor','Rožanc',NULL,NULL),('59','false','Irena','Drevenšek','Olenik',NULL),('60','false','Rok','Žitko',NULL,NULL);
INSERT INTO course_organization (id_course_organization,id_study_year,id_professor1,id_professor2,id_professor3,id_course) VALUES ('1','5','5',NULL,NULL,'63251'),('2','5','2','7',NULL,'63266'),('3','5','6',NULL,NULL,'63270'),('4','5','3',NULL,NULL,'63207'),('5','5','4',NULL,NULL,'63254'),('6','4','8',NULL,NULL,'63220'),('7','5','9',NULL,NULL,'63220'),('8','5','2',NULL,NULL,'63279'),('9','5','26',NULL,NULL,'63517'),('10','5','5',NULL,NULL,'63525'),('11','5','28',NULL,NULL,'63741'),('12','5','30',NULL,NULL,'63265'),('13','5','30',NULL,NULL,'63722'),('14','5','20',NULL,NULL,'63277'),('15','5','30',NULL,NULL,'63278'),('16','5','29',NULL,NULL,'63268'),('17','5','7',NULL,NULL,'63263'),('18','5','18',NULL,NULL,'63267'),('19','5','11','5',NULL,'63520'),('20','5','55',NULL,NULL,'63212'),('21','5','38',NULL,NULL,'63260'),('22','5','24',NULL,NULL,'63257'),('23','5','51',NULL,NULL,'63709'),('24','5','26',NULL,NULL,'63217'),('25','5','38',NULL,NULL,'63218'),('26','5','33',NULL,NULL,'63204'),('27','5','20',NULL,NULL,'63256'),('28','5','58',NULL,NULL,'63724'),('29','5','38',NULL,NULL,'63738'),('30','5','32',NULL,NULL,'63249'),('31','5','41',NULL,NULL,'63250'),('32','5','43',NULL,NULL,'63215'),('33','5','19',NULL,NULL,'63707'),('34','5','19',NULL,NULL,'63226'),('35','5','48',NULL,NULL,'63216'),('36','5','33',NULL,NULL,'63259'),('37','5','10',NULL,NULL,'63258'),('38','5','48',NULL,NULL,'63261'),('39','5','35',NULL,NULL,'63209'),('40','5','12',NULL,NULL,'63284'),('41','5','40',NULL,NULL,'63752'),('42','5','40',NULL,NULL,'63242'),('43','5','23',NULL,NULL,'63202'),('44','5','1',NULL,NULL,'63213'),('45','5','59',NULL,NULL,'63205'),('46','5','53','57','47','63248'),('47','5','31',NULL,NULL,'63281'),('48','5','35',NULL,NULL,'63214'),('49','5','23',NULL,NULL,'63219'),('50','5','34',NULL,NULL,'63208'),('51','4','5',NULL,NULL,'63251'),('52','4','2','7',NULL,'63266'),('53','4','6',NULL,NULL,'63270'),('54','4','3',NULL,NULL,'63207'),('55','4','4',NULL,NULL,'63254'),('57','4','2',NULL,NULL,'63279'),('58','4','26',NULL,NULL,'63517'),('59','4','5',NULL,NULL,'63525'),('60','4','28',NULL,NULL,'63741'),('61','4','30',NULL,NULL,'63265'),('62','4','30',NULL,NULL,'63722'),('63','4','20',NULL,NULL,'63277'),('64','4','30',NULL,NULL,'63278'),('65','4','29',NULL,NULL,'63268'),('66','4','7',NULL,NULL,'63263'),('67','4','18',NULL,NULL,'63267'),('68','4','11','5',NULL,'63520'),('69','4','55',NULL,NULL,'63212'),('70','4','38',NULL,NULL,'63260'),('71','4','24',NULL,NULL,'63257'),('72','4','51',NULL,NULL,'63709'),('73','4','26',NULL,NULL,'63217'),('74','4','38',NULL,NULL,'63218'),('75','4','33',NULL,NULL,'63204'),('76','4','20',NULL,NULL,'63256'),('77','4','58',NULL,NULL,'63724'),('78','4','38',NULL,NULL,'63738'),('79','4','32',NULL,NULL,'63249'),('80','4','41',NULL,NULL,'63250'),('81','4','43',NULL,NULL,'63215'),('82','4','19',NULL,NULL,'63707'),('83','4','19',NULL,NULL,'63226'),('84','4','48',NULL,NULL,'63216'),('85','4','33',NULL,NULL,'63259'),('86','4','10',NULL,NULL,'63258'),('87','4','48',NULL,NULL,'63261'),('88','4','35',NULL,NULL,'63209'),('89','4','12',NULL,NULL,'63284'),('90','4','40',NULL,NULL,'63752'),('91','4','40',NULL,NULL,'63242'),('92','4','23',NULL,NULL,'63202'),('93','4','1',NULL,NULL,'63213'),('94','4','59',NULL,NULL,'63205'),('95','4','53','57','47','63248'),('96','4','31',NULL,NULL,'63281'),('97','4','35',NULL,NULL,'63214'),('98','4','23',NULL,NULL,'63219'),('99','4','34',NULL,NULL,'63208'),('100','3','5',NULL,NULL,'63251'),('101','3','2','7',NULL,'63266'),('102','3','6',NULL,NULL,'63270'),('103','3','3',NULL,NULL,'63207'),('104','3','4',NULL,NULL,'63254'),('105','3','8',NULL,NULL,'63220'),('106','3','2',NULL,NULL,'63279'),('107','3','26',NULL,NULL,'63517'),('108','3','5',NULL,NULL,'63525'),('109','3','28',NULL,NULL,'63741'),('110','3','30',NULL,NULL,'63265'),('111','3','30',NULL,NULL,'63722'),('112','3','20',NULL,NULL,'63277'),('113','3','30',NULL,NULL,'63278'),('114','3','29',NULL,NULL,'63268'),('115','3','7',NULL,NULL,'63263'),('116','3','18',NULL,NULL,'63267'),('117','3','11','5',NULL,'63520'),('118','3','55',NULL,NULL,'63212'),('119','3','38',NULL,NULL,'63260'),('120','3','24',NULL,NULL,'63257'),('121','3','51',NULL,NULL,'63709'),('122','3','26',NULL,NULL,'63217'),('123','3','38',NULL,NULL,'63218'),('124','3','33',NULL,NULL,'63204'),('125','3','20',NULL,NULL,'63256'),('126','3','58',NULL,NULL,'63724'),('127','3','38',NULL,NULL,'63738'),('128','3','32',NULL,NULL,'63249'),('129','3','41',NULL,NULL,'63250'),('130','3','43',NULL,NULL,'63215'),('131','3','19',NULL,NULL,'63707'),('132','3','19',NULL,NULL,'63226'),('133','3','48',NULL,NULL,'63216'),('134','3','33',NULL,NULL,'63259'),('135','3','10',NULL,NULL,'63258'),('136','3','48',NULL,NULL,'63261'),('137','3','35',NULL,NULL,'63209'),('138','3','12',NULL,NULL,'63284'),('139','3','40',NULL,NULL,'63752'),('140','3','40',NULL,NULL,'63242'),('141','3','23',NULL,NULL,'63202'),('142','3','1',NULL,NULL,'63213'),('143','3','59',NULL,NULL,'63205'),('144','3','53','57','47','63248'),('145','3','31',NULL,NULL,'63281'),('146','3','35',NULL,NULL,'63214'),('147','3','23',NULL,NULL,'63219'),('148','3','34',NULL,NULL,'63208'),('149','2','5',NULL,NULL,'63251'),('150','2','2','7',NULL,'63266'),('151','2','6',NULL,NULL,'63270'),('152','2','3',NULL,NULL,'63207'),('153','2','4',NULL,NULL,'63254'),('154','2','8',NULL,NULL,'63220'),('155','2','2',NULL,NULL,'63279'),('156','2','26',NULL,NULL,'63517'),('157','2','5',NULL,NULL,'63525'),('158','2','28',NULL,NULL,'63741'),('159','2','30',NULL,NULL,'63265'),('160','2','30',NULL,NULL,'63722'),('161','2','20',NULL,NULL,'63277'),('162','2','30',NULL,NULL,'63278'),('163','2','29',NULL,NULL,'63268'),('164','2','7',NULL,NULL,'63263'),('165','2','18',NULL,NULL,'63267'),('166','2','11','5',NULL,'63520'),('167','2','55',NULL,NULL,'63212'),('168','2','38',NULL,NULL,'63260'),('169','2','24',NULL,NULL,'63257'),('170','2','51',NULL,NULL,'63709'),('171','2','26',NULL,NULL,'63217'),('172','2','38',NULL,NULL,'63218'),('173','2','33',NULL,NULL,'63204'),('174','2','20',NULL,NULL,'63256'),('175','2','58',NULL,NULL,'63724'),('176','2','38',NULL,NULL,'63738'),('177','2','32',NULL,NULL,'63249'),('178','2','41',NULL,NULL,'63250'),('179','2','43',NULL,NULL,'63215'),('180','2','19',NULL,NULL,'63707'),('181','2','19',NULL,NULL,'63226'),('182','2','48',NULL,NULL,'63216'),('183','2','33',NULL,NULL,'63259'),('184','2','10',NULL,NULL,'63258'),('185','2','48',NULL,NULL,'63261'),('186','2','35',NULL,NULL,'63209'),('187','2','12',NULL,NULL,'63284'),('188','2','40',NULL,NULL,'63752'),('189','2','40',NULL,NULL,'63242'),('190','2','23',NULL,NULL,'63202'),('191','2','1',NULL,NULL,'63213'),('192','2','59',NULL,NULL,'63205'),('193','2','53','57','47','63248'),('194','2','31',NULL,NULL,'63281'),('195','2','35',NULL,NULL,'63214'),('196','2','23',NULL,NULL,'63219'),('197','2','34',NULL,NULL,'63208'),('198','1','5',NULL,NULL,'63251'),('199','1','2','7',NULL,'63266'),('200','1','6',NULL,NULL,'63270'),('201','1','3',NULL,NULL,'63207'),('202','1','4',NULL,NULL,'63254'),('203','1','8',NULL,NULL,'63220'),('204','1','2',NULL,NULL,'63279'),('205','1','26',NULL,NULL,'63517'),('206','1','5',NULL,NULL,'63525'),('207','1','28',NULL,NULL,'63741'),('208','1','30',NULL,NULL,'63265'),('209','1','30',NULL,NULL,'63722'),('210','1','20',NULL,NULL,'63277'),('211','1','30',NULL,NULL,'63278'),('212','1','29',NULL,NULL,'63268'),('213','1','7',NULL,NULL,'63263'),('214','1','18',NULL,NULL,'63267'),('215','1','11','5',NULL,'63520'),('216','1','55',NULL,NULL,'63212'),('217','1','38',NULL,NULL,'63260'),('218','1','24',NULL,NULL,'63257'),('219','1','51',NULL,NULL,'63709'),('220','1','26',NULL,NULL,'63217'),('221','1','38',NULL,NULL,'63218'),('222','1','33',NULL,NULL,'63204'),('223','1','20',NULL,NULL,'63256'),('224','1','58',NULL,NULL,'63724'),('225','1','38',NULL,NULL,'63738'),('226','1','32',NULL,NULL,'63249'),('227','1','41',NULL,NULL,'63250'),('228','1','43',NULL,NULL,'63215'),('229','1','19',NULL,NULL,'63707'),('230','1','19',NULL,NULL,'63226'),('231','1','48',NULL,NULL,'63216'),('232','1','33',NULL,NULL,'63259'),('233','1','10',NULL,NULL,'63258'),('234','1','48',NULL,NULL,'63261'),('235','1','35',NULL,NULL,'63209'),('236','1','12',NULL,NULL,'63284'),('237','1','40',NULL,NULL,'63752'),('238','1','40',NULL,NULL,'63242'),('239','1','23',NULL,NULL,'63202'),('240','1','1',NULL,NULL,'63213'),('241','1','59',NULL,NULL,'63205'),('242','1','53','57','47','63248'),('243','1','31',NULL,NULL,'63281'),('244','1','35',NULL,NULL,'63214'),('245','1','23',NULL,NULL,'63219'),('246','1','34',NULL,NULL,'63208'),('247','5','40',NULL,NULL,'63203'),('248','4','40',NULL,NULL,'63203'),('249','3','40',NULL,NULL,'63203'),('250','2','40',NULL,NULL,'63203'),('251','1','40',NULL,NULL,'63203'),('252','5','26',NULL,NULL,'63280'),('253','4','26',NULL,NULL,'63280'),('254','3','26',NULL,NULL,'63280'),('255','2','26',NULL,NULL,'63280'),('256','1','26',NULL,NULL,'63280'),('257','5','43',NULL,NULL,'63255'),('258','4','43',NULL,NULL,'63255'),('259','3','43',NULL,NULL,'63255'),('260','2','43',NULL,NULL,'63255'),('261','1','43',NULL,NULL,'63255'),('262','5','60',NULL,NULL,'63221'),('263','4','60',NULL,NULL,'63221'),('264','3','60',NULL,NULL,'63221'),('265','2','60',NULL,NULL,'63221'),('266','1','60',NULL,NULL,'63221');
INSERT INTO klasius_srv (id,name,description,level) VALUES ('12001','Osnovnošolska izobrazba','','1'),('13001','Nižja poklicna izobrazba','','3'),('14001','Srednja poklicna izobrazba','','4'),('15001','Srednja strokovna izobrazba','','5'),('15002','Srednja splošna izobrazba','','5'),('16102','Višješolska izobrazba (predbolonjska)','','6/1'),('16201','Specializacija po višješolski izobrazbi (predbolonjska)','','6/2'),('16202','Visokošolska strokovna izobrazba (predbolonjska)','','6/2'),('17001','Specializacija po visokošolski strokovni izobrazbi (predbolonjska)','','7'),('17002','Visokošolska univerzitetna izobrazba (predbolonjska)','','7'),('18101','Specializacija po univerzitetni izobrazbi (predbolonjska)','','8/1'),('18102','Magisterij znanosti (predbolonjski)','','8/1'),('18201','Doktorat znanosti (predbolonjski)','','8/2'),('16101','Višja strokovna izobrazba','','6/1'),('16203','Visokošolska strokovna izobrazba (prva bolonjska stopnja)','','6/2'),('16204','Visokošolska univerzitetna izobrazba (prva bolonjska stopnja)','','6/2'),('17003','Magistrska izobrazba (druga bolonjska stopnja)','','7'),('18202','Doktorat znanosti (tretja bolonjska stopnja)','','8/2');
INSERT INTO study_kind (id,name) VALUES ('1','redni'),('3','izredni');
INSERT INTO study_form (id,name) VALUES ('1','na lokaciji'),('2','na daljavo'),('3','e-študij');
INSERT INTO study_type (id,short_name,name) VALUES ('1','Prvi vpis','Prvi vpis v letnik/dodatno leto'),('2','Ponavljanje','Ponavljanje letnika'),('3','Nadaljevanje','Nadaljevanje letnika'),('4','Podaljšanje statusa','Podaljšanje statusa študenta'),('5','Vpis po merilih (višji letnik)','Vpis po merilih za prehode v višji letnik'),('6','Vpis v semester','Vpis v semester skupnega št. programa'),('7','Vpis po merilih (isti letnik)','Vpis po merilih za prehode v isti letnik'),('98','Zaključek','Vpis za zaključek');
INSERT INTO course_exam_term (id_course_exam_term,datetime,deleted,duration,notes,type,id_course_organization,id_exam_organizer) VALUES ('1','2018-01-22 18:00:00.000000','false','60',NULL,'pisni','1','5'),('2','2018-02-06 14:00:00.000000','false','60',NULL,'pisni','1','5'),('3','2018-09-03 16:00:00.000000','false','60',NULL,'pisni','1','5'),('4','2018-01-24 08:00:00.000000','false','90',NULL,'pisni','2','2'),('5','2018-02-10 08:00:00.000000','false','90',NULL,'pisni','2','2'),('6','2018-09-05 08:00:00.000000','false','90',NULL,'pisni','2','2'),('7','2018-06-13 10:00:00.000000','false','45',NULL,'pisni','5','4'),('8','2018-06-18 09:00:00.000000','false','60',NULL,'pisni','4','3'),('9','2018-06-19 13:00:00.000000','false','60',NULL,'ustni','7','9'),('10','2018-06-13 08:00:00.000000','false','45',NULL,'pisni','27','20'),('11','2018-06-28 08:00:00.000000','false','45',NULL,'pisni','27','20'),('12','2018-08-22 08:00:00.000000','false','45',NULL,'pisni','27','20'),('13','2018-06-18 10:00:00.000000','false','180',NULL,'ustni','16','29'),('14','2018-07-03 10:00:00.000000','false','180',NULL,'ustni','16','29'),('15','2018-08-21 10:00:00.000000','false','180',NULL,'ustni','16','29'),('16','2018-06-19 14:00:00.000000','false','60',NULL,'pisni','46','57'),('17','2018-07-04 14:00:00.000000','false','60',NULL,'pisni','46','57'),('18','2018-08-23 14:00:00.000000','false','60',NULL,'pisni','46','57'),('19','2018-01-24 10:00:00.000000','false','70',NULL,'pisni','18','18'),('20','2018-02-13 14:00:00.000000','false','70',NULL,'pisni','18','18'),('21','2018-09-12 14:00:00.000000','false','70',NULL,'pisni','18','18'),('22','2018-01-26 10:15:00.000000','false','45',NULL,'pisni','5','4'),('23','2018-02-12 10:15:00.000000','false','45',NULL,'pisni','5','4'),('24','2018-08-21 10:15:00.000000','false','45',NULL,'pisni','5','4'),('25','2018-01-23 10:00:00.000000','false','60',NULL,'pisni','38','48'),('26','2018-02-07 10:00:00.000000','false','60',NULL,'pisni','38','48'),('27','2018-09-05 10:15:00.000000','false','60',NULL,'pisni','38','48'),('28','2018-01-30 11:00:00.000000','false','70',NULL,'pisni','48','35'),('29','2018-02-21 09:00:00.000000','false','70',NULL,'pisni','48','35'),('30','2018-08-30 10:00:00.000000','false','70',NULL,'pisni','48','35'),('31','2018-01-31 10:00:00.000000','false','60',NULL,'pisni','14','20'),('32','2018-02-15 09:00:00.000000','false','60',NULL,'pisni','14','20'),('33','2018-09-12 10:00:00.000000','false','60',NULL,'pisni','14','20'),('34','2018-01-26 08:00:00.000000','false','70',NULL,'pisni','43','23'),('35','2018-02-14 16:00:00.000000','false','70',NULL,'pisni','43','23'),('36','2018-09-04 16:00:00.000000','false','70',NULL,'pisni','43','23'),('37','2018-02-01 10:00:00.000000','false','60',NULL,'pisni','26','33'),('38','2018-02-16 10:00:00.000000','false','70',NULL,'pisni','26','33'),('39','2018-09-07 11:00:00.000000','false','60',NULL,'pisni','26','33'),('40','2018-01-26 17:00:00.000000','false','90',NULL,'pisni','45','59'),('41','2018-02-13 17:00:00.000000','false','90',NULL,'pisni','45','59'),('42','2018-08-24 17:00:00.000000','false','90',NULL,'pisni','45','59'),('43','2018-07-06 09:00:00.000000','false','70',NULL,'pisni','4','3'),('44','2018-09-06 15:00:00.000000','false','70',NULL,'pisni','4','3'),('45','2018-02-01 10:00:00.000000','false','45',NULL,'pisni','50','34'),('46','2018-02-16 10:00:00.000000','false','45',NULL,'pisni','50','34'),('47','2018-09-12 10:00:00.000000','false','70',NULL,'pisni','50','34'),('48','2018-06-15 08:00:00.000000','false','60',NULL,'pisni','39','35'),('49','2018-07-04 08:00:00.000000','false','60',NULL,'pisni','39','35'),('50','2018-09-12 10:00:00.000000','false','60',NULL,'pisni','39','35'),('51','2018-06-20 09:00:00.000000','false','60',NULL,'pisni','20','55'),('52','2019-07-05 09:00:00.000000','true','60',NULL,'pisni','20','55'),('53','2018-07-05 09:00:00.000000','false','60',NULL,'pisni','20','55'),('54','2018-08-28 09:00:00.000000','false','60',NULL,'pisni','20','55'),('55','2018-01-29 12:00:00.000000','false','60',NULL,'pisni','44','1'),('56','2018-02-07 13:00:00.000000','false','60',NULL,'pisni','44','1'),('57','2018-09-03 13:00:00.000000','false','60',NULL,'pisni','44','1'),('58','2018-06-21 16:00:00.000000','false','60',NULL,'pisni','32','43'),('59','2018-07-04 10:00:00.000000','false','60',NULL,'pisni','32','43'),('60','2018-09-14 16:00:00.000000','false','60',NULL,'pisni','32','43'),('61','2018-06-22 19:00:00.000000','false','60',NULL,'pisni','15','30'),('62','2018-07-10 20:00:00.000000','false','90',NULL,'pisni','15','30'),('63','2018-09-07 19:00:00.000000','false','90',NULL,'pisni','15','30'),('64','2018-06-15 15:00:00.000000','false','40',NULL,'pisni','35','48'),('65','2018-07-02 18:00:00.000000','false','40',NULL,'pisni','35','48'),('66','2018-09-06 13:00:00.000000','false','40',NULL,'pisni','35','48'),('67','2018-06-21 14:00:00.000000','false','45',NULL,'pisni','24','26'),('68','2018-07-11 14:00:00.000000','false','45',NULL,'pisni','24','26'),('69','2018-09-10 14:00:00.000000','false','45',NULL,'pisni','24','26'),('70','2018-06-19 13:00:00.000000','true','45',NULL,'pisni','25','38'),('71','2018-01-30 13:00:00.000000','false','45',NULL,'pisni','25','38'),('72','2018-02-14 16:00:00.000000','false','45',NULL,'pisni','25','38'),('73','2018-09-04 14:00:00.000000','false','45',NULL,'pisni','25','38'),('74','2018-01-24 10:00:00.000000','true','45',NULL,'pisni','49','23'),('75','2018-06-21 13:00:00.000000','false','60',NULL,'pisni','49','23'),('76','2018-07-05 17:00:00.000000','false','60',NULL,'pisni','49','23'),('77','2018-09-10 15:00:00.000000','false','60',NULL,'pisni','49','23'),('78','2018-09-07 12:00:00.000000','false','1','Priimki A-K ob 15:00, priimki L-Ž: 17:00, v sobi R2.56','ustni','35','48'),('79','2018-09-05 08:00:00.000000','false','300','CLI','ustni','44','1'),('80','2018-08-29 15:00:00.000000','false','1','Prostor: Peterlinov pavilijon','ustni','45','59'),('81','2018-09-13 12:00:00.000000','false','40','Samo za študente, ki so dosegli <= 60% na pisnem izpitu.','ustni','18','18'),('82','2018-09-10 10:00:00.000000','false','60',NULL,'ustni','25','38'),('83','2015-01-22 10:00:00.000000','false','60',NULL,'pisni','161','20'),('84','2015-02-13 10:00:00.000000','false','60',NULL,'pisni','161','20'),('85','2015-09-03 10:00:00.000000','false','60',NULL,'pisni','161','20'),('86','2015-01-23 10:00:00.000000','false','60','Glej učilnico za razpored','pisni','190','23'),('87','2015-02-10 10:00:00.000000','false','60','Glej učilnico za razpored','pisni','190','23'),('88','2015-08-28 10:00:00.000000','false','60','Glej učilnico za razpored','pisni','190','23'),('89','2015-01-26 10:00:00.000000','false','60',NULL,'pisni','250','40'),('90','2015-02-06 08:00:00.000000','false','60',NULL,'pisni','250','40'),('91','2015-09-08 08:00:00.000000','false','60',NULL,'pisni','250','40'),('92','2015-01-29 14:00:00.000000','false','90',NULL,'pisni','173','33'),('93','2015-02-13 09:00:00.000000','false','90',NULL,'pisni','173','33'),('94','2015-09-01 08:00:00.000000','false','90',NULL,'pisni','173','33'),('95','2015-01-26 10:00:00.000000','false','70','Izpit bo potekal v VFP','pisni','192','59'),('96','2015-02-10 17:00:00.000000','false','90','Izpit bo potekal v VFP','pisni','192','59'),('97','2015-09-10 11:00:00.000000','false','90','Izpit bo potekal v VFP','pisni','192','59'),('98','2015-06-22 14:00:00.000000','false','60',NULL,'pisni','162','30'),('99','2015-07-03 08:00:00.000000','false','60',NULL,'pisni','162','30'),('100','2015-09-08 10:00:00.000000','false','90','Predavalnice: P10, P11, P12, P13','pisni','162','30'),('101','2015-06-17 08:00:00.000000','false','70',NULL,'pisni','152','3'),('102','2015-07-01 08:00:00.000000','false','70',NULL,'pisni','152','3'),('103','2015-09-10 08:00:00.000000','false','70',NULL,'pisni','152','3'),('104','2015-06-15 15:00:00.000000','false','45',NULL,'pisni','167','55'),('105','2015-07-06 08:00:00.000000','false','45',NULL,'pisni','167','55'),('106','2015-09-11 11:00:00.000000','false','45',NULL,'pisni','167','55'),('107','2015-06-16 14:00:00.000000','false','60',NULL,'pisni','186','35'),('108','2015-06-30 08:00:00.000000','false','60',NULL,'pisni','186','35'),('109','2015-09-07 08:00:00.000000','false','60',NULL,'pisni','186','35'),('110','2015-06-19 16:00:00.000000','false','90',NULL,'pisni','179','43'),('111','2015-07-13 16:00:00.000000','false','90',NULL,'pisni','179','43'),('112','2015-09-04 16:00:00.000000','false','90',NULL,'pisni','179','43'),('113','2018-01-24 08:00:00.000000','false','60','Predavalnice: PA, P1, PB, P22','pisni','251','40'),('114','2018-02-01 08:00:00.000000','false','60','Predavalnice: PA, P1','pisni','251','40'),('115','2018-09-03 08:00:00.000000','false','60','Predavalnice: P1, P22','pisni','251','40'),('116','2016-01-20 10:00:00.000000','false','90',NULL,'pisni','142','1'),('117','2016-02-09 10:00:00.000000','false','90',NULL,'pisni','142','1'),('118','2016-09-02 10:00:00.000000','false','90',NULL,'pisni','142','1'),('119','2016-01-22 08:00:00.000000','false','60',NULL,'pisni','106','2'),('120','2016-02-10 08:00:00.000000','false','60',NULL,'pisni','106','2'),('121','2016-09-12 08:00:00.000000','false','60',NULL,'pisni','108','2'),('122','2016-01-25 14:00:00.000000','false','45',NULL,'pisni','148','34'),('123','2016-02-15 14:00:00.000000','false','45',NULL,'pisni','148','34'),('124','2016-08-22 14:00:00.000000','false','45',NULL,'pisni','148','34'),('125','2016-01-22 13:00:00.000000','true','60',NULL,'pisni','122','26'),('126','2016-02-10 13:00:00.000000','true','60',NULL,'pisni','122','26'),('127','2016-08-26 13:00:00.000000','false','60',NULL,'pisni','171','26'),('128','2016-01-28 09:00:00.000000','false','60',NULL,'pisni','107','26'),('129','2016-02-11 09:00:00.000000','true','60',NULL,'pisni','254','26'),('130','2016-09-05 09:00:00.000000','false','60',NULL,'pisni','122','26'),('131','2016-06-15 08:00:00.000000','false','45',NULL,'pisni','133','48'),('132','2016-07-01 09:00:00.000000','false','45',NULL,'pisni','133','48'),('133','2016-09-06 09:00:00.000000','false','45',NULL,'pisni','133','48'),('134','2016-01-19 12:00:00.000000','false','45',NULL,'pisni','123','38'),('135','2016-02-01 12:00:00.000000','false','45',NULL,'pisni','123','38'),('136','2016-09-09 12:00:00.000000','false','45',NULL,'pisni','123','38'),('137','2016-06-20 10:00:00.000000','false','70',NULL,'pisni','105','8'),('138','2016-07-05 10:00:00.000000','false','70',NULL,'pisni','105','8'),('139','2016-09-07 10:00:00.000000','false','70',NULL,'pisni','105','8'),('140','2016-06-15 15:00:00.000000','false','60',NULL,'pisni','147','23'),('141','2016-07-04 15:00:00.000000','false','60',NULL,'pisni','147','23'),('142','2016-09-15 16:00:00.000000','false','60',NULL,'pisni','147','23'),('143','2016-06-17 09:00:00.000000','false','60',NULL,'pisni','254','26'),('144','2016-07-06 09:00:00.000000','false','60',NULL,'pisni','254','26'),('145','2016-09-16 09:00:00.000000','false','60',NULL,'pisni','254','26'),('146','2016-01-20 11:00:00.000000','false','60',NULL,'pisni','112','20'),('147','2016-02-01 09:00:00.000000','false','60',NULL,'pisni','112','20'),('148','2016-09-01 16:00:00.000000','false','60',NULL,'pisni','112','20'),('149','2016-01-25 16:00:00.000000','false','80',NULL,'pisni','141','23'),('150','2016-02-09 14:00:00.000000','false','80',NULL,'pisni','141','23'),('151','2016-09-20 16:00:00.000000','false','80',NULL,'pisni','141','23'),('152','2016-01-18 10:00:00.000000','false','70',NULL,'pisni','249','40'),('153','2016-02-01 10:00:00.000000','false','60',NULL,'pisni','249','40'),('154','2016-08-23 10:00:00.000000','false','60',NULL,'pisni','249','40'),('155','2016-01-26 14:00:00.000000','false','60',NULL,'pisni','124','33'),('156','2016-02-15 15:00:00.000000','false','60',NULL,'pisni','124','33'),('157','2016-09-01 16:00:00.000000','false','90',NULL,'pisni','124','33'),('158','2016-01-25 14:00:00.000000','false','60',NULL,'pisni','143','59'),('159','2016-02-11 16:00:00.000000','false','60',NULL,'pisni','143','59'),('160','2016-09-07 15:00:00.000000','false','60',NULL,'pisni','143','59'),('161','2016-06-23 10:00:00.000000','false','90',NULL,'pisni','113','30'),('162','2016-07-05 14:00:00.000000','false','90',NULL,'pisni','113','30'),('163','2016-09-15 15:00:00.000000','false','90',NULL,'pisni','113','30'),('164','2016-06-21 17:00:00.000000','false','60',NULL,'pisni','103','3'),('165','2016-07-04 10:00:00.000000','false','60',NULL,'pisni','103','3'),('166','2016-09-16 09:00:00.000000','false','60',NULL,'pisni','103','3'),('167','2016-06-17 10:00:00.000000','false','45',NULL,'pisni','118','55'),('168','2016-07-01 10:00:00.000000','false','60',NULL,'pisni','118','55'),('169','2016-09-05 09:00:00.000000','false','60',NULL,'pisni','118','55'),('170','2016-06-13 08:00:00.000000','false','60',NULL,'pisni','137','35'),('171','2016-06-29 12:00:00.000000','false','60',NULL,'pisni','137','35'),('172','2016-09-14 14:00:00.000000','false','60',NULL,'pisni','137','35'),('173','2016-06-15 10:00:00.000000','false','90',NULL,'pisni','130','43'),('174','2016-06-30 10:00:00.000000','false','90',NULL,'pisni','130','43'),('175','2016-09-01 10:00:00.000000','false','90',NULL,'pisni','130','43'),('176','2017-01-20 12:00:00.000000','false','60',NULL,'pisni','63','20'),('177','2017-02-03 10:00:00.000000','false','60',NULL,'pisni','63','20'),('178','2017-09-01 11:00:00.000000','false','60',NULL,'pisni','63','20'),('179','2017-01-23 14:00:00.000000','false','70',NULL,'pisni','92','23'),('180','2017-02-02 14:00:00.000000','false','70',NULL,'pisni','92','23'),('181','2017-09-05 14:00:00.000000','false','70',NULL,'pisni','92','23'),('182','2017-01-26 08:00:00.000000','false','60',NULL,'pisni','248','40'),('183','2017-02-03 09:00:00.000000','false','60',NULL,'pisni','248','40'),('184','2017-08-24 09:00:00.000000','false','60',NULL,'pisni','248','40'),('185','2017-01-23 14:00:00.000000','false','90',NULL,'pisni','75','33'),('186','2017-02-10 13:00:00.000000','false','90',NULL,'pisni','75','33'),('187','2017-09-07 13:00:00.000000','false','90',NULL,'pisni','75','33'),('188','2017-01-27 17:00:00.000000','false','60',NULL,'pisni','94','59'),('189','2017-02-09 16:00:00.000000','false','60',NULL,'pisni','94','59'),('190','2017-09-06 16:00:00.000000','false','60',NULL,'pisni','94','59'),('191','2017-06-15 08:00:00.000000','false','80',NULL,'pisni','64','30'),('192','2017-06-29 10:00:00.000000','false','80',NULL,'pisni','64','30'),('193','2017-09-01 11:00:00.000000','false','80',NULL,'pisni','64','30'),('194','2017-06-20 13:00:00.000000','false','60',NULL,'pisni','54','3'),('195','2017-07-03 11:00:00.000000','false','60',NULL,'pisni','54','3'),('196','2017-09-04 11:00:00.000000','false','60',NULL,'pisni','54','3'),('197','2017-06-21 14:00:00.000000','false','45',NULL,'pisni','69','55'),('198','2017-06-30 14:00:00.000000','false','45',NULL,'pisni','69','55'),('199','2017-09-15 13:00:00.000000','false','45',NULL,'pisni','69','55'),('200','2017-06-22 10:00:00.000000','false','70',NULL,'pisni','88','35'),('201','2017-07-05 11:00:00.000000','false','70',NULL,'pisni','88','35'),('202','2017-09-08 12:00:00.000000','false','70',NULL,'pisni','88','35'),('203','2017-06-16 10:00:00.000000','false','90',NULL,'pisni','81','43'),('204','2017-06-29 10:00:00.000000','false','90',NULL,'pisni','81','43'),('205','2017-08-25 10:00:00.000000','false','90',NULL,'pisni','81','43'),('206','2017-01-23 16:00:00.000000','false','90',NULL,'pisni','93','1'),('207','2017-02-13 15:00:00.000000','false','90',NULL,'pisni','93','1'),('208','2017-09-01 15:00:00.000000','false','120',NULL,'pisni','93','1'),('209','2017-01-25 10:00:00.000000','false','70',NULL,'pisni','57','2'),('210','2017-02-06 10:00:00.000000','false','70',NULL,'pisni','57','2'),('211','2017-09-04 10:00:00.000000','false','70',NULL,'pisni','57','2'),('212','2017-06-15 14:00:00.000000','false','45',NULL,'pisni','253','26'),('213','2017-07-03 14:00:00.000000','false','45',NULL,'pisni','253','26'),('214','2017-08-28 14:00:00.000000','false','45',NULL,'pisni','253','26'),('215','2017-01-20 12:00:00.000000','false','50',NULL,'pisni','99','34'),('216','2017-02-03 14:00:00.000000','false','50',NULL,'pisni','99','34'),('217','2017-09-11 12:00:00.000000','false','50',NULL,'pisni','99','34'),('218','2017-06-16 12:00:00.000000','false','45',NULL,'pisni','73','26'),('219','2017-06-30 13:00:00.000000','false','45',NULL,'pisni','73','26'),('220','2017-09-07 13:00:00.000000','false','45',NULL,'pisni','73','26'),('221','2017-01-16 17:00:00.000000','false','60',NULL,'pisni','58','26'),('222','2017-01-30 16:00:00.000000','false','60',NULL,'pisni','58','26'),('223','2017-09-05 17:00:00.000000','false','60',NULL,'pisni','58','26'),('224','2017-06-16 10:00:00.000000','false','45',NULL,'pisni','84','48'),('225','2017-07-07 12:00:00.000000','false','45',NULL,'pisni','84','48'),('226','2017-08-25 10:00:00.000000','false','45',NULL,'pisni','84','48'),('227','2017-01-19 12:00:00.000000','false','45',NULL,'pisni','74','38'),('228','2017-01-30 12:00:00.000000','false','45',NULL,'pisni','74','38'),('229','2017-09-07 12:00:00.000000','false','45',NULL,'pisni','74','38'),('230','2017-06-20 16:00:00.000000','false','60',NULL,'pisni','6','8'),('231','2017-07-11 16:00:00.000000','false','60',NULL,'pisni','6','8'),('232','2017-09-04 16:15:00.000000','false','60',NULL,'pisni','6','8'),('233','2017-06-20 10:00:00.000000','false','90',NULL,'pisni','98','23'),('234','2017-07-13 10:00:00.000000','false','90',NULL,'pisni','98','23'),('235','2017-08-29 11:00:00.000000','false','90',NULL,'pisni','98','23'),('236','2017-01-23 12:00:00.000000','false','90',NULL,'pisni','97','35'),('237','2017-02-06 10:00:00.000000','false','90',NULL,'pisni','97','35'),('238','2017-09-01 10:00:00.000000','false','90',NULL,'pisni','97','35'),('239','2017-06-15 12:00:00.000000','false','45',NULL,'pisni','95','53'),('240','2017-07-03 11:00:00.000000','false','60',NULL,'pisni','95','53'),('241','2017-09-04 12:00:00.000000','false','60',NULL,'pisni','95','53'),('242','2017-06-16 14:00:00.000000','false','5',NULL,'ustni','65','29'),('243','2017-07-05 13:00:00.000000','false','5',NULL,'ustni','65','29'),('244','2017-09-01 11:00:00.000000','false','5',NULL,'ustni','65','29'),('245','2017-01-26 08:00:00.000000','false','90',NULL,'pisni','52','2'),('246','2017-02-09 08:00:00.000000','false','90',NULL,'pisni','52','2'),('247','2017-09-05 10:00:00.000000','false','90',NULL,'pisni','52','2'),('248','2017-01-26 16:00:00.000000','false','90',NULL,'pisni','67','18'),('249','2017-02-10 14:00:00.000000','false','90',NULL,'pisni','67','18'),('250','2017-09-04 14:00:00.000000','false','90',NULL,'pisni','67','18'),('251','2017-01-23 10:00:00.000000','false','45',NULL,'pisni','55','4'),('252','2017-02-07 08:00:00.000000','false','40',NULL,'pisni','55','4'),('253','2017-09-04 10:00:00.000000','false','40',NULL,'pisni','55','4'),('254','2017-06-19 14:00:00.000000','false','45',NULL,'pisni','76','20'),('255','2017-07-06 14:00:00.000000','false','60',NULL,'pisni','76','20'),('256','2017-09-01 11:00:00.000000','false','60',NULL,'pisni','76','20'),('257','2017-01-27 14:00:00.000000','false','60',NULL,'pisni','51','5'),('258','2017-02-14 14:00:00.000000','false','60',NULL,'pisni','51','5'),('259','2017-09-13 14:00:00.000000','false','60',NULL,'pisni','51','5'),('260','2017-01-26 12:00:00.000000','false','90',NULL,'pisni','258','43'),('261','2017-02-09 12:00:00.000000','false','90',NULL,'pisni','257','43'),('262','2017-09-04 11:00:00.000000','false','90',NULL,'pisni','258','43'),('263','2017-09-30 10:00:00.000000','false','10','Splošni rok za diplomski seminar 2017','pisni','96','31'),('264','2018-01-18 13:00:00.000000','false','45',NULL,'pisni','9','26'),('265','2018-02-02 13:00:00.000000','false','45',NULL,'pisni','9','26'),('266','2018-09-03 13:00:00.000000','false','45',NULL,'pisni','9','26'),('267','2018-01-19 13:00:00.000000','false','60','Predavalnice: PA, P1','pisni','8','2'),('268','2018-02-06 13:00:00.000000','false','60','Predavalnice: PA, P1','pisni','8','2'),('269','2018-09-04 13:00:00.000000','false','60','Predavalnice: PA, P1','pisni','8','2'),('270','2018-06-15 13:00:00.000000','false','45',NULL,'pisni','252','26'),('271','2018-07-05 13:00:00.000000','false','45',NULL,'pisni','252','26'),('272','2018-09-13 13:00:00.000000','false','45',NULL,'pisni','252','26'),('273','2018-09-18 13:00:00.000000','false','60','Četrti razpisani rok VIS, ki predstavlja ''izredni'' rok','pisni','44','1'),('274','2018-05-12 14:00:00.000000','false','60','Umetni rok, namenjen testiranju časovne omejitve za prijavo','pisni','46','57'),('275','2018-05-12 15:00:00.000000','false','60','Umetni rok, namenjen testiranju časovne omejitve za odjavo','pisni','46','57'),('276','2018-06-22 12:00:00.000000','false','60',NULL,'pisni','262','60'),('277','2017-06-12 12:00:00.000000','false','60',NULL,'pisni','263','60'),('278','2016-06-17 12:00:00.000000','false','60',NULL,'pisni','264','60');
INSERT INTO ects_distribution (id,id_study_program,id_study_year,year_of_program,ects_obv,ects_piz,ects_siz,ects_mod) VALUES ('1','1000468','5','1','60','0','0','0'),('2','1000468','5','2','48','6','6','0'),('3','1000468','5','3','18','6','0','36'),('4','1000470','5','1','60','0','0','0'),('5','1000470','5','2','12','6','42','0'),('6','1000470','5','3','30','6','24','0'),('7','1000471','5','1','24','12','24','0'),('8','1000471','5','2','24','0','36','0'),('9','1000468','4','1','60','0','0','0'),('10','1000468','4','2','48','6','6','0'),('11','1000468','4','3','18','6','0','36'),('12','1000470','4','1','60','0','0','0'),('13','1000470','4','2','12','6','42','0'),('14','1000470','4','3','30','6','24','0'),('15','1000471','4','1','24','12','24','0'),('16','1000471','4','2','24','0','36','0'),('17','1000468','3','1','60','0','0','0'),('18','1000468','3','2','48','6','6','0'),('19','1000468','3','3','18','6','0','36'),('20','1000470','3','1','60','0','0','0'),('21','1000470','3','2','12','6','42','0'),('22','1000470','3','3','30','6','24','0'),('23','1000471','3','1','24','12','24','0'),('24','1000471','3','2','24','0','36','0'),('25','1000468','2','1','60','0','0','0'),('26','1000468','2','2','48','6','6','0'),('27','1000468','2','3','18','6','0','36'),('28','1000470','2','1','60','0','0','0'),('29','1000470','2','2','12','6','42','0'),('30','1000470','2','3','30','6','24','0'),('31','1000471','2','1','24','12','24','0'),('32','1000471','2','2','24','0','36','0'),('33','1000468','1','1','60','0','0','0'),('34','1000468','1','2','48','6','6','0'),('35','1000468','1','3','18','6','0','36'),('36','1000470','1','1','60','0','0','0'),('37','1000470','1','2','12','6','42','0'),('38','1000470','1','3','30','6','24','0'),('39','1000471','1','1','24','12','24','0'),('40','1000471','1','2','24','0','36','0');
-- nevem zakaj mora bit v eni vrstici ceu ukaz, probu sm sam values nastet po vrsticah pa ni delal

-- user logins
INSERT INTO user_login (id,password,salt,username,id_user_role) VALUES ('1','263fec58861449aacc1c328a4aff64aff4c62df4a2d50b3f207fa89b6e242c9aa778e7a8baeffef85b6ca6d2e7dc16ff0a760d59c13c238f6bcdc32f8ce9cc62','123','joze1','1'),('2','5c04bcdf01a4553d9b4ebe88b0d6cca9ad763c141f0fef491cbbad71114d24a2d8e633c32179d6c05f4d1adfa29ba3cda2e1cb1bdcd23b2d50abf317e77de41c','1337','blazkablatnik@gmail.com','2'),('3','ebbcfecbb97654304f3aee0228236ec4d94fa0593ea1ec8236fc3e2b9e6b01546d9ee62550d8ff30d3df9edc65517caa75dcb6dd358e11a9ec5d7cdf8911b0c0','321','prof@fri.uni-lj.si','3'),('4','d858b8524703de2002a21b7798f8ffb239308d0e9cdfd2c6756b7ffbf5d83561c1e5c73239f9b13d568513ea84aea268c7e429b63939aacf8b72be197c5ef725','666','ref@fri.uni-lj.si','4'),('5','db2bb81c724d0e9fc3479bd22355e520849702013d177182a24f9a82ebc3ed84739156e06002c3f4e0af1ac18acfbc0792de666d4a6880029ee6a97a43780f74','420','janez@nov.ak','2'),('6','ba3253876aed6bc22d4a6ff53d8406c6ad864195ed144ab5c87621b6c233b548baeae6956df346ec8c17f5ea10f35ee3cbc514797ed7ddd3145464e2a0bab413','456','peter@kopljem.net','2'),('7','7eabd9f1226a6d0c3548c3b37dc749c0aa256c03af4f47f8c214498fad4ded4fa48fc9fc2b7a62d977a56bb2a27bc91787214bcdc944b19f7a0e83bc23eca6f7','101','marta@pod.streho','2'),('8','ab15321e6484a0f4dca2dfa4f379ca4bc3cafce543bad6753fe50cdbf65cb93b3049546eba6856980f5d60ec67c8496c38542464357885c4ce4d2be057819f10','808','steff@stef.anio','2'),('9','99a5fe9d40e246de0bb911818f79cc03718148ca33c5e92f2fbbdc7907b54b0520e60de994fe4331f905eced10986c572315f47097f16238d5de491043bacabc','163734400','sz8003@student.uni-lj.si','2'),('10','a635bae3313801e933c8a6e4df03484deecbb11a5a91e866186042569a4349cd8458807c3048ca9cbcc26200c0647e52ed64842dc3ee830d499ddb052ebaf869','-121163117','jd8004@student.uni-lj.si','2'),('11','3fd39af9b15a8c647423e74287c52719d3b4e5f1463c3a03de4084a05670d32b93fdc6732bc41d6dd4c3918fc2ac21fffc8a4e8aadcc2e1411f53a328c64e006','-674793274','mj8005@student.uni-lj.si','2'),('12','f6535d6f56c1b37f91d0e7c3b4250e245a3cfef60bd4c354e73b5db7d56dc8e3362c72d9f36143bd48b28039bab540abd4f39484a79e51f983ba93369061bae9','-1648194537','lh8006@student.uni-lj.si','2'),('13','994fa9c537d8068f22c639c1f4e25ba90e227f922a06f8ef1a38e146ee754332457104941c299e37f5cdb45473a0cf1e5dfb04f8298a0eb2df4112f26a2aa450','-1190932726','žr8007@student.uni-lj.si','2'),('14','9a557bffde1523d7755acd93fbfe9ec7710fea07dfa6174a85ef9e7f8431a36fbaf9711fab947280259f1de79b8294849dedaf98f668771c7f3126937f3c6841','1269228366','tz8008@student.uni-lj.si','2'),('15','b0716094e48aa1f90c46522165ba15f499e20a2c8bc11732e811cab484d1576b32769c212801f68c3b39fc7297de42c20efc3af76d6e459bb68b16b3290ae1e3','-1052744078','rb8009@student.uni-lj.si','2'),('16','21cbf967a155b76cfdb39d23b64e27ff71eff7f93949ef370145264f312da0712902e874862bfd77370bdb27011cb71805e0a673c0a989b36ce8bdb02a732124','-926210828','nk8010@student.uni-lj.si','2'),('17','893343307543f0e85121c3c829c65933b3a3609cb3ce5905648b340c78336b79eeacae265003cf132f59d6fce3098754ef6db0d14eebac25fed681ca11ba74e3','-1620454342','cl8011@student.uni-lj.si','2'),('18','9fa490fa5b35733d201ed3ac531520bfb40798594f21492a64280cf1bd5011c0c7cee66742c31298b8b37b6373d84860219ee47eba854b62d822f917d9241aee','-774544758','ip8012@student.uni-lj.si','2'),('19','ce61c160ca6ff7365a1b5cac899fc010bae3028ad3a62ddbb9a56be2f43eb122fa68ca1843bd6ed52911a3372b686bd61359792993c5eb72c6c104c8b4fd47c0','1459725057','jj8013@student.uni-lj.si','2'),('20','539629e6eafa4e6c4eb053ac746ae09a58da832d18895d18e5f8e4e69f24312afea4319ff5fdd2fa11ab3ff19e316bfc74b1a90f29e80d0472ca3978d60ae478','1762170085','al8015@student.uni-lj.si','2'),('21','48607a2b5adfae87cc6637c28b52ff3c6faeb1a59f01180e03b9bfa4680483c53567798caf4979ccdbe688c9e9df28e04e4ba86721a8262cb5e48083577f3957','591462123','bn8016@student.uni-lj.si','2'),('22','82c44001e961916d50fe68cf87286d5c64dc8b748b2401ee0c78ba5c8e865e0d768b2c3ce0d593e8dcf8196a3418a75c9c42bca1b3caab04d65375263b4737bf','801979501','cc8017@student.uni-lj.si','2'),('23','33a0ee60bc8ffbf75bda03af379814d127047a0e33593a24407ca0e22c269c219f9374fcc771096addc0fbd71f7f0c75c4c1356e0d2fc7dae2477f9804d9a109','1248989678','kt8018@student.uni-lj.si','2'),('24','8ba242cccc15d3076ccac0fd750b386c962caac7d2c1f670bf521cb06561b6496721d085a6aa302e05fa7bee84c6bfa1b551163a2d3805ba39f83b8453e56dc8','1762006755','žč8019@student.uni-lj.si','2'),('25','da7acbc7585cdb29fabd8a860ac6b3069b62bc61d501e8058deb25d416238a2339e759031b85fe08ce998fde45886a9223a7e92d94e684e48170fc6d877474b2','1280921840','bl8020@student.uni-lj.si','2'),('26','5f1d878402c3e2ce055c23051161eaa168208bd2e7e79c3950c3ca7ac2d3be8e6fd53baebea37a32182ebe28298e20431e6b172f0c4ef7d172e4f23e21cc06f9','-1842328100','af8021@student.uni-lj.si','2'),('27','6fa038f197e0c8d4276cf603a3e6a4ed9a1acbd5440670d05d4cece391c80ab692bdd2531828b4531eec8c76234a8d6529435538cd0893244bafe3faab2ab50f','786457214','ak8022@student.uni-lj.si','2'),('28','5e537caf1e37cdd3215a66cfad17e397744d7c5b0f519533fa9fb28bd190c289e39f55e4a4a1983c27b57f53da2ae506a7e21af4ba7febc4bfc2e38a0659f6c7','-1332612294','ab8023@student.uni-lj.si','2'),('29','5d1318107f8de8ff2d530aa4da475d78b4225b3becea6b183865b0c12bd2d3f54ae134c1795432dd8e695c18f85a848afd10210185f89385991dd45d3330c5f6','-1939680857','ap8024@student.uni-lj.si','2'),('30','70408c95b2d37ddc43aa287298ebc2f1b73f163a69caf93991ef9a7a706b59fcbb8767689ad645a2003d4c67a79448f21ab8e7ba48fe1ffdbc32c0d419cc918f','-126727492','ai8025@student.uni-lj.si','2'),('31','c30d62fe482e85710fb5f1087c342f85f1c64dd8ee2f18d5041d8e1fd340153ff66ab8f18d57c86ec657fd53df9836cca92c87829bb41b29f27cf0f06920cd14','1362502211','ak8026@student.uni-lj.si','2'),('32','25f3580992a0a918de3cc99a12e492520bb0fbfe152491c43e6a57c24035463a520785b737c49e1bd1e0390571f25c358897c73ab8b8d313793e3c131dcfc891','492803364','aj8027@student.uni-lj.si','2'),('33','19c49a99341077a372e9bfb6d639726f2c90160f44e088e167057dff1a975e245d5700afccc2d8ba86061888fda9a65ab74132b81c16852697744e1ff3f12e44','-1678916774','aa8028@student.uni-lj.si','2'),('34','3c87475cdcb8e8abc9bab88409a76903aa5760a8be49b4e35a41b1a7c8fb14a3aaf422de534a00a3275fbe80e2a93cb1f1d4f10ed48b52c4b78c92d4e7d04305','23317863','ad8029@student.uni-lj.si','2'),('35','7af5fd3da556536cbd17dd88e9b7852ffdd913acad404c9ff5f0ed041d78ead3a6dd1d966bfcccdd12ecf9663914a66a4f684de6ea60c7631f29bdebb7205cfd','1817173366','ab8030@student.uni-lj.si','2'),('36','9ef4e1d423fb2972f1d253c948573f865d3db7e7b5ab7875758d85341627bf93b78b4e5577288c1e9891b54f26cd08ce3d763ad911cdcc1aaa9e001eb0011fa6','-193263088','ak8031@student.uni-lj.si','2'),('37','dcfb7703839b393df8b592e95734617850599900f08ee1174540596fc125365ce7c6f3d93f92dac0e9aef1bff821659377aa713c5eb5489fe5729617f075d889','1876302851','aj8032@student.uni-lj.si','2'),('38','fa3882990f1129e52786659b5e1b29850b1e3223f315c2990ab97ef10e2afb9d48c96f91103c4314f644e6f0d2337e062ccdaa45dea92aab23d7d4debe2c3aae','-429761954','ad8033@student.uni-lj.si','2'),('39','7d4666055a4ec73fe8e551567b88a9f482b891f7a101f25701d341e469ae20a6af498bab6c1bda6eff162aac7c945b18fca70df0f14d78ef8995367223348ee5','-1774587958','aj8034@student.uni-lj.si','2'),('40','d47be7e88e542fc47630733620f595d176a92735710f018ad121fed37677114f50596574e8967cd37f80693b781654e96fc07ccef559b4b75227c96560eb4203','1364414249','ab8035@student.uni-lj.si','2'),('41','d1f0d0a23424a3c641e2dec8b21706c47f751a56d95ba86b5d6f30dde7a21f1280833601796c70963e3b3c4fb95c08ea687e5a84ced9fcab5aea0111e422f113','2140008150','aa8036@student.uni-lj.si','2'),('42','a35e3f574f1cb38418f8b158f215f4574aa893240618c12b38d3cb4b6fd812bf53b40d2e62915062402a4179e38d7b442fd69db8b69ecbe19ad6a5409dc1797c','311331097','aa8037@student.uni-lj.si','2'),('43','9cb3d0d60ae33a0b73c7f9e6762a88f19276c0e29a5df12c9958e44e500bda071e435fbc8fca988d202035d712697757ca45e2c9433bc5f5479fc901b9709813','-1821163579','aj8038@student.uni-lj.si','2'),('44','ee0f7fe4c9d7e6b999a5e37adc53fddcff026347a8fb1fccdc60f50629b195439f795a8db0b1c065334a137e480711cee1bd94757e3d3a399691aec04ae76775','1412729203','ad8039@student.uni-lj.si','2'),('45','e347036da632d0c7316bae9e09637cf6df607a5aa7d7d0c704228205e81e575ed1dbd8454c64065a8225460899754b42c1a4c5b06ddd35d2a699563a7efef5ea','1536827617','ak8040@student.uni-lj.si','2'),('46','8b6d012c67f5dc9c5c39c3c2bbeedaba052cb1b16de706ee0908bf717f8b9435bb3a18e58990ab49f102adcd7654966da07b457d18a536cb62a36e7421902b28','-812927211','ed8041@student.uni-lj.si','2'),('47','16690377b96959f9b045f3453daac8c6c3466024d31e4e22e8a1ed213a30a16e4773e062bdfc823e99b7daab51edc9eea52e7d05075a782ff0bc6d0d39913e8d','-402492022','ef8042@student.uni-lj.si','2'),('48','8bd64f1d51c97e8b08a9e3395572d5808fedb7ee94ab7148cba81797539ff17e3b4bc6d0a4311e298db8f6c4e4fe933ec5f14532c3d3023211a43b5744b3b5f0','672974976','ep8043@student.uni-lj.si','2'),('49','33dff4884294ab161e1abc18c70bdc4f20d00b66a57de05c77aaf7b85e054cb4651a3db6f736b2049968cff3bf0a300c08b690b095b614cf88bfe87c47dc6b69','24545107','ei8044@student.uni-lj.si','2'),('50','f8544b7c694750620c3d12893399dc602e721de096710712d4a436f81cf4e6fdad1667abaa19990a1477df392c71b569a4058464896f2f1ad19a47bfaea0783b','2076254850','id8045@student.uni-lj.si','2'),('51','da730b585297a84e274ad545aaafd643c3eb4792fa0fc2055af222f723260c27460adec447efaab406eb2962f78f9702acabe8570dedfdd883c8b0ae6257c174','1169452118','ib8046@student.uni-lj.si','2'),('52','816cf40b8cb4f4f35baf89c131efac40bf1250d819b166f05ea7daffb2dcea6e2764b58542ce6297cb8165662fe255843571442a9a9f31d880e2bd98241091fc','12864880','ij8047@student.uni-lj.si','2'),('53','c3067c49941b61dca8eaccc7aab90789308b1cd7142fbb57725a70613265fa827d0e41d3ee40b7e8e0c4191e57579f959155d2229165d9768dbc763f79609235','-92481774','if8048@student.uni-lj.si','2'),('54','1ee3dbde5c84d291b9aea949c523073bbd0fc874d6d4b4bd7c657db3227f39cd4954cb4ebd52c37c288d5c068e259eebaf1cb47532f2ab60b7146baca4cb5e1f','789326609','eb8049@student.uni-lj.si','2'),('55','62e89d6d17e352c47c42ed92bc1940a87d67c8562d848d2d6644ec8fc021e643d69c06ced0d7db939f935a76a963309e5df3a69ffc5244f57f4e190fb6bc1fda','963090394','ea8050@student.uni-lj.si','2'),('56','26d7fb479ef48a828ed132a1b30ea39ddc0f4710e5eb2a32add5bdfb255f99096da12dc0b9387e9405d6b4431d6c2b66cda6ccc51e90ccb98c5a418c977cfe68','-1451521480','ed8051@student.uni-lj.si','2'),('57','0de989e4424c21283ab1b8f93e7c32fc43fbd537a4d2fa45aa6f29e8a7c3ac11ce1e383afb8b50a3cb0ee744fff11a5be5541a37f397f9170233ca55831b45fc','974111803','ej8052@student.uni-lj.si','2'),('58','ec011e0110267c17af2b40cf46a9018312a199f36745842728129265858971f1ad0c2c2b8eef1d1778d1b0aa384a234e2ae5bf73a4a272cff57513d4f7bbe6be','560789158','id8053@student.uni-lj.si','2'),('59','1029272822eb6215b4ca7fe0e79572f92499292f001566368139de3f109498886beb4280cbcf75b583eb25584275343c147b5e1409786d4c7130fb9214ff9182','1161284690','ij8054@student.uni-lj.si','2'),('60','b8c6c04a37e6ea89568894134047b7207fb6f38a4fdffa6e7bf151e6208975f0572ac117983f393592b7301d13097696ef54b635a933213b5585a1ea1b548ec1','1656450663','ip8055@student.uni-lj.si','2'),('61','e1373b0abc525a7dcffa36c2e0563f8999e56dc37f3ae66e56ceed4c9ae77236c1fac7615cb2e2c2e2d093d223049634a88353b522fc9e15aa123f047e7d9719','-907411187','if8056@student.uni-lj.si','2'),('62','0db4395209fbeda3c5c68695550de03c2b7c2a3d747a8fbbc3e990be85555d85e47e5324e166a150310a400d85b94d1ab5a108312477efd773d5a22660956790','-1188934186','ik8057@student.uni-lj.si','2'),('63','bb8d3fcfbd97009aea4b0136194fe2246c8277ad0bae39f7eb27e70a5823afea5f45d831f40461bc1b375d16508083f6e2a9b11f3f1d3419d79481c44e6550fc','834029243','ik8058@student.uni-lj.si','2'),('64','a5c4a6cba50d6087af343c9e6c07c7a249b83641387f869ae45870bcee37a5d4ca677e731b595ef6f58d93d25afc80aaf7ed7445e10ae33fa22f064eb4c184b7','-27682986','if8059@student.uni-lj.si','2'),('65','6919441697b5ac63ea544f0e69274defc48a8100edfb49aeffdf003765e104694c0061b7b7885a69e49df6309038bee8c50520ec25d1d71628f6654856ed8e60','2005543802','ip8060@student.uni-lj.si','2'),('66','c962a97e1f3a9cf93c2dc66844883e1fddd841167a35a0bea4641dbe3c0cb48884ff61380e5d410ee2d8442dad87b7cf35d90245fee1a4ba6bb75e5664d6a572','-2134121574','ja8061@student.uni-lj.si','2'),('67','704835238e223f6fde6dc6d63ca23bd074d84b184244c6bdf13b87ee8881d15bfab123e3bae639cf39cbbb41db55c7f25c644d2027a7ba527c25acd3cb452b15','980367779','jb8062@student.uni-lj.si','2'),('68','a3d16dea1c26ab843f8dc9dfbedcf101227664b257066d141853afb125896e05a70c04a3d8fba205b4e1d443c29b20f00e2f07b6c7d2403a2010ac2e31a55baf','-530485327','jb8063@student.uni-lj.si','2'),('69','1f26a58eb775be820de5050069e7226ee3c4a4e38772e3b33f161149af996858f0b71917fae0dfb8078aa0458bdb6bd55f649ba37bf6ba72c246854907609bfd','390693149','jp8064@student.uni-lj.si','2'),('70','20952041f23b4c729ea3fce0fc9edf9b5f053ac430545fd6736e8ab2553ad11e34b4f2b97ce56de5da329f61896ffb83c7c52a59f485f2b3e99973f405823964','1600763463','jb8065@student.uni-lj.si','2'),('71','06039f41fdc0ace56878ff5e12142ac50c17c6edb461ee22949616113371e15413dd37687d7d40538baa874256a2bfffe95e4cda36d7e7ed4d53e9775c90d7cf','-1700737538','jp8066@student.uni-lj.si','2'),('72','f249da4f9db586c38b2aa08d11106ec784be33a1a16ec7a23e2062248dbc78b488961e00a65860cef18173206a5cc3832796ecf63c70f690711380500d516daf','-2018185113','jf8067@student.uni-lj.si','2'),('73','a000325d282d78224eb1ee539c7d989924a755e7ce943e0fc6d5c3b39ee4b95327e764acb1cd8486acb196ecfafdc68f31513fe481a6da38585ee38db9d8ef76','1386094666','jf8068@student.uni-lj.si','2'),('74','9ac62dc2af03c2fa84ff56b33996e0f69f79dc9f51ff3f6bfa315b6c1f6c7fce307cb0628d198638c5029b3e0d5fe9bb8b3dfd16f6b372c15bcda8d170494962','-2115403830','lb8069@student.uni-lj.si','2'),('75','0cdcc9247110faf52ce2bc9f1c08e5b9ce4a77e00472c9e248a0dfd049a2f2628e6fc38b227c488914f314ab7097b9cabd51b2535830f09639ee6286104485e7','712973064','lk8070@student.uni-lj.si','2'),('76','3cf226f4ebd03169ddbf2d161fd978165b6f17495f24ba318a769527919b5fe23e24e3e66e6dd9cee12d2626520e1b45f4189cd2de48003a1e5de2c5dfaac1f7','-470174002','lp8071@student.uni-lj.si','2'),('77','889ef28fd81bd7bd1c834a1c14b936aae9c2526f4bf1fb99eab41a300e66dd275c657510762da2d041cca4ac70531712e853f8aa1c0289f2760a83619f8c8405','1093578313','lb8072@student.uni-lj.si','2'),('78','012ae8cfe5b3ac4865c51ed738f0acfd65532e16dbb5a49c0bacb906ed0318794b1159d39cab36da3ee494ec6bb43e5497ebbc55e163aecd6f525d5e53d0f59d','-32824204','nb8073@student.uni-lj.si','2'),('79','e3111b2126190e1ffdeafd67566d43d0bd6d444df01bcd6f5ce2d4c573d575becd7212fa3b4b988cc13cd06141a1390c895e8777c36fdeb1562ce5f1676565e9','-1751908114','nb8074@student.uni-lj.si','2'),('80','795c991122dc839aec0cd771799959c0a942d9243772cc9fe2ecbdfe5be35a0580071e6d2530159d122c8595207c2c30143e7e6639e5c73b835177b68de0a81d','-191375050','ni8075@student.uni-lj.si','2'),('81','3a8e401fea345f724c95fdbaa5f209b15c73654a0967928886c7b7b9b243eac9689f42524858ef61d2320042fc41241637635edadb8b49a02c951ce12e963aa8','1180041368','na8076@student.uni-lj.si','2'),('82','218d01bff3bf760d6a307c52280f97ec9bd051800d416d0705fca3af8a792e34ee58a21a5492415b1da821612af572738682da0408b8d33d3a4007092185abc7','1863928869','md8077@student.uni-lj.si','2'),('83','ab1c8ff101e19fedba7a51f176140706e445203ca1f6dccde94fbf39c1df67cef3df0d2f2770ec9dc3238a10ee1036488ce87cb08ac343c91e7c673b81f5da38','-61148517','mk8078@student.uni-lj.si','2'),('84','7a8972e72823c95d400d597d756357cca4e18c9c936d36335b8181018fded6c665e7807ae0f40526eafc88d09e4193148f160e9b3e84a703324f5f9bbcaa7398','1499494106','mf8079@student.uni-lj.si','2'),('85','1ff67cf0cb2fa002c20ddf4e1c5a162eac680aab2f88c72eb8965d6e71490aa7e8778ff545f7b8603ad74ca58595fce14ad79c8ae8fdc93317b782cd054b7916','1350259302','mb8080@student.uni-lj.si','2'),('86','3d4a3c01a32a6f431f17eacbe12f013a2b62d72add937a3b72cf140fcd84c25d4fd3522a76b30904cb66c79ba4d42861147d77557782e6319cf7281e8a84cbf4','424577443','np8081@student.uni-lj.si','2'),('87','d1df2dc3426f5a9328204b5acf6477ae1c033aba5918cdb1f3eb345496c9aac0dea3f5839b91764bfab177a35c89a8a77b0636694a336e46b394c9843e1db4a6','915756108','na8082@student.uni-lj.si','2'),('88','6c5b2994d0492ad4b7bc4cee61756be5708c740d9ef4407fd73f0e82ede78cab1dd03f617ef78d151d9173c1a5e79c459dd5133ba00f37fedde216bf15e25e92','1999518790','na8083@student.uni-lj.si','2'),('89','0eeab0ec7df44f0c56be4b49806d8398aa9a2bcecc1bd8be723c63b2776f022a6b80062e1075db9aa3eb6296b84a312a3b0aa0f47571fd97dc1592b3ebb60a68','-1795038586','na8084@student.uni-lj.si','2'),('90','e93433a8a80b3414f235739bd6ae5d30c534c2e47eabfd5277329509a430df717beaf0ef7e0f0f74db988bca20b42c9f5614893fa00ac2d8868edbbe852077c0','-1141383679','nb8085@student.uni-lj.si','2'),('91','a74bf9ac24236d3554b447d99e69ae3c06e2f4927554255f39c1e6af049b72a30ba32ec5742f0899df8f6d1a53ae2a1cb770118036b17aa44204d52042b5e6c2','859370711','nd8086@student.uni-lj.si','2'),('92','986e06dc0583416044f55105c3057ed4f667245b453e0f39c90a4d1eb21a45fdebd5c958970f7b8f97cdcaaa57509b932b0f37aba85453cb61a7663d66e23c72','1753580349','nj8087@student.uni-lj.si','2'),('93','ddbc3345650e376ac4c10acb4ff9ab1cffa4115ce3edfba5ae7cca01f3ee5cdfa0e40d29977ea76ad59d21919c5ea11e9fced2c7d17abb0a18cd7f6f45dde602','-424885321','np8088@student.uni-lj.si','2'),('94','17699f7c81166681f5613c7685245ab66aef9064283d0b8ce973d10f36e2d49bae116a6ac88fb7f5a36c674096e195f94fc7ff07dc391300927defa32267953b','-1357984345','tk8089@student.uni-lj.si','2'),('95','421916879dabfaf3f8429c15975d78e75eec6b40bf12ca0d669f0677f75f9f130adffea14e8aa7d4dd1d0af40f41183797fa16a1d44510c3259903e538278eae','199444735','tj8090@student.uni-lj.si','2'),('96','f75f8d23507bb9412ab62a02f3847f2ae841575e21fbc6a96434590e62e4abf4a12cceb0acfb6716ec66f762fd8ba77e50a3b3eec4e34530b7455d9fd917b7b9','-700534609','tf8091@student.uni-lj.si','2'),('97','c41b95acd52ac3aa8440ff9763a0bc266ed5f9388668cf968ae4d57cdf13cf61d96ddedb58523d49ec7ffa879a84576281ab211070ed37abf7139136ac90f9cd','-865755318','td8092@student.uni-lj.si','2');

-- address
INSERT INTO address (id, line1, id_post_address, id_country) VALUES (1, 'Generični kraj 9', 1234, 705), (2, 'Ulica zlatih jam 14', 8000, 705), (3, 'Pod orodjem 6b', 8220, 705), (4, 'Pod streho 45', 5243, 705), (5,'Cesta poštenih padcev 11', 1231, 705);
ALTER SEQUENCE address_id_seq RESTART WITH 6;

-- student
INSERT INTO student (id,date_of_birth,email,emso,gender,name,phone_number,place_of_birth,register_number,sending_address,surname,tax_number,id_address1,id_address2,id_citizenship,id_country_of_birth,id_municipality_of_birth,id_study_program,id_login) VALUES ('1','1996-01-01','janez@nov.ak','0101996500005','M','Janez','+386 666 666','Ljubljana','63130001','1','Novak','12345678','1',NULL,'705','705','61',NULL,'5'),('2','1994-12-31','peter@kopljem.net','3112994500019','M','Peter','+386 123 123','Novo mesto','63180002','2','Kramp','12345679','2','3','705','705','85',NULL,'6'),('3','1996-05-12','marta@pod.streho','1205996505019','Ž','Marta',NULL,NULL,'63130002','1','Strešnik','12345670','4',NULL,'643','643',NULL,NULL,'7'),('4','1991-02-02','steff@stef.anio','0202991500008','M','Štefan','005318008','Ljubljana','63130003','1','Čolnar','12345667','5','5','705','705','61',NULL,'8'),('5',NULL,'blazkablatnik@gmail.com',NULL,'','Blažka',NULL,NULL,'63180001',NULL,'Blatnik',NULL,NULL,NULL,NULL,NULL,NULL,NULL,NULL),('6',NULL,'szore.fake@gmail.com',NULL,'-','Simon',NULL,NULL,'63180003','1','Zore',NULL,NULL,NULL,NULL,NULL,NULL,'1000468','9'),('7',NULL,'jdoe.fake@gmail.com',NULL,'-','John',NULL,NULL,'63180004','1','Doe',NULL,NULL,NULL,NULL,NULL,NULL,'1000468','10'),('8',NULL,'mjelenc.fake@gmail.com',NULL,'-','Marko',NULL,NULL,'63180005','1','Jelenc',NULL,NULL,NULL,NULL,NULL,NULL,'1000468','11'),('9',NULL,'lhribar.fake@gmail.com',NULL,'-','Luka',NULL,NULL,'63180006','1','Hribar',NULL,NULL,NULL,NULL,NULL,NULL,'1000468','12'),('10',NULL,'zrink.fake@gmail.com',NULL,'-','Žan',NULL,NULL,'63180007','1','Rink',NULL,NULL,NULL,NULL,NULL,NULL,'1000468','13'),('11',NULL,'tzupanc.fake@gmail.com',NULL,'-','Teja',NULL,NULL,'63180008','1','Zupanc',NULL,NULL,NULL,NULL,NULL,NULL,'1000468','14'),('12',NULL,'rberdnik.fake@gmail.com',NULL,'-','Rok',NULL,NULL,'63180009','1','Berdnik',NULL,NULL,NULL,NULL,NULL,NULL,'1000468','15'),('13',NULL,'nkos.fake@gmail.com',NULL,'-','Nik',NULL,NULL,'63180010','1','Kos',NULL,NULL,NULL,NULL,NULL,NULL,'1000468','16'),('14',NULL,'clukavcic.fake@gmail.com',NULL,'-','Cene',NULL,NULL,'63180011','1','Lukavčič',NULL,NULL,NULL,NULL,NULL,NULL,'1000468','17'),('15',NULL,'ipri.fake@gmail.com',NULL,'-','Imenko',NULL,NULL,'63180012','1','Priimkovič',NULL,NULL,NULL,NULL,NULL,NULL,'1000468','18'),('16',NULL,'jjakomin.fake@gmail.com',NULL,'-','Jaka',NULL,NULL,'63180013','1','Jakomin',NULL,NULL,NULL,NULL,NULL,NULL,'1000468','19'),('17',NULL,'ana.luza@gmail.com',NULL,'-','Ana',NULL,NULL,'63180015','1','Lužnik',NULL,NULL,NULL,NULL,NULL,NULL,'1000468','20'),('18',NULL,'bojciNovci@msn.com',NULL,'-','Bojan',NULL,NULL,'63180016','1','Novak',NULL,NULL,NULL,NULL,NULL,NULL,'1000470','21'),('19',NULL,'cenko@gmail.com',NULL,'-','Cene',NULL,NULL,'63180017','1','Cepec',NULL,NULL,NULL,NULL,NULL,NULL,'1000470','22'),('20',NULL,'kajA@gmail.si',NULL,'-','Kaja',NULL,NULL,'63180018','1','Tutaja',NULL,NULL,NULL,NULL,NULL,NULL,'1000470','23'),('21',NULL,'zeljko.csdc@gmail.com',NULL,'-','Željko',NULL,NULL,'63180019','1','Češneđović',NULL,NULL,NULL,NULL,NULL,NULL,'1000470','24'),('22',NULL,'blazka.csdc@gmail.com',NULL,'-','Blazka',NULL,NULL,'63180020','1','llalalalal',NULL,NULL,NULL,NULL,NULL,NULL,'1000470','25'),('23',NULL,'alenka.ferk127915_fake@gmail.com',NULL,'-','Alenka',NULL,NULL,'63180021','1','Ferk',NULL,NULL,NULL,NULL,NULL,NULL,'1000468','26'),('24',NULL,'alenka.kacjan995121_fake@gmail.com',NULL,'-','Alenka',NULL,NULL,'63180022','1','Kacjan',NULL,NULL,NULL,NULL,NULL,NULL,'1000468','27'),('25',NULL,'alenka.bojc57009_fake@gmail.com',NULL,'-','Alenka',NULL,NULL,'63180023','1','Bojc',NULL,NULL,NULL,NULL,NULL,NULL,'1000468','28'),('26',NULL,'alenka.peternel693325_fake@gmail.com',NULL,'-','Alenka',NULL,NULL,'63180024','1','Peternel',NULL,NULL,NULL,NULL,NULL,NULL,'1000468','29'),('27',NULL,'ana.ivanc790816_fake@gmail.com',NULL,'-','Ana',NULL,NULL,'63180025','1','Ivanc',NULL,NULL,NULL,NULL,NULL,NULL,'1000468','30'),('28',NULL,'ana.kacjan91721_fake@gmail.com',NULL,'-','Ana',NULL,NULL,'63180026','1','Kacjan',NULL,NULL,NULL,NULL,NULL,NULL,'1000468','31'),('29',NULL,'ana.jelinkar196019_fake@gmail.com',NULL,'-','Ana',NULL,NULL,'63180027','1','Jelinkar',NULL,NULL,NULL,NULL,NULL,NULL,'1000468','32'),('30',NULL,'ana.ankel75491_fake@gmail.com',NULL,'-','Ana',NULL,NULL,'63180028','1','Ankel',NULL,NULL,NULL,NULL,NULL,NULL,'1000468','33'),('31',NULL,'alen.destovnik132811_fake@gmail.com',NULL,'-','Alen',NULL,NULL,'63180029','1','Destovnik',NULL,NULL,NULL,NULL,NULL,NULL,'1000468','34'),('32',NULL,'alen.baraga45582_fake@gmail.com',NULL,'-','Alen',NULL,NULL,'63180030','1','Baraga',NULL,NULL,NULL,NULL,NULL,NULL,'1000468','35'),('33',NULL,'alen.kacjan960921_fake@gmail.com',NULL,'-','Alen',NULL,NULL,'63180031','1','Kacjan',NULL,NULL,NULL,NULL,NULL,NULL,'1000468','36'),('34',NULL,'alen.jeras32920_fake@gmail.com',NULL,'-','Alen',NULL,NULL,'63180032','1','Jeras',NULL,NULL,NULL,NULL,NULL,NULL,'1000468','37'),('35',NULL,'andrej.destovnik173611_fake@gmail.com',NULL,'-','Andrej',NULL,NULL,'63180033','1','Destovnik',NULL,NULL,NULL,NULL,NULL,NULL,'1000468','38'),('36',NULL,'andrej.jelinkar672119_fake@gmail.com',NULL,'-','Andrej',NULL,NULL,'63180034','1','Jelinkar',NULL,NULL,NULL,NULL,NULL,NULL,'1000468','39'),('37',NULL,'andrej.bizjak30414_fake@gmail.com',NULL,'-','Andrej',NULL,NULL,'63180035','1','Bizjak',NULL,NULL,NULL,NULL,NULL,NULL,'1000468','40'),('38',NULL,'andrej.arh7617_fake@gmail.com',NULL,'-','Andrej',NULL,NULL,'63180036','1','Arh',NULL,NULL,NULL,NULL,NULL,NULL,'1000468','41'),('39',NULL,'anton.ankel55801_fake@gmail.com',NULL,'-','Anton',NULL,NULL,'63180037','1','Ankel',NULL,NULL,NULL,NULL,NULL,NULL,'1000468','42'),('40',NULL,'anton.jelinkar739219_fake@gmail.com',NULL,'-','Anton',NULL,NULL,'63180038','1','Jelinkar',NULL,NULL,NULL,NULL,NULL,NULL,'1000468','43'),('41',NULL,'anton.dekleva671510_fake@gmail.com',NULL,'-','Anton',NULL,NULL,'63180039','1','Dekleva',NULL,NULL,NULL,NULL,NULL,NULL,'1000468','44'),('42',NULL,'anton.kacjan227121_fake@gmail.com',NULL,'-','Anton',NULL,NULL,'63180040','1','Kacjan',NULL,NULL,NULL,NULL,NULL,NULL,'1000468','45'),('43',NULL,'eva.dekleva415810_fake@gmail.com',NULL,'-','Eva',NULL,NULL,'63180041','1','Dekleva',NULL,NULL,NULL,NULL,NULL,NULL,'1000468','46'),('44',NULL,'eva.ferk209415_fake@gmail.com',NULL,'-','Eva',NULL,NULL,'63180042','1','Ferk',NULL,NULL,NULL,NULL,NULL,NULL,'1000468','47'),('45',NULL,'eva.polec249626_fake@gmail.com',NULL,'-','Eva',NULL,NULL,'63180043','1','Polec',NULL,NULL,NULL,NULL,NULL,NULL,'1000468','48'),('46',NULL,'eva.ivanc403516_fake@gmail.com',NULL,'-','Eva',NULL,NULL,'63180044','1','Ivanc',NULL,NULL,NULL,NULL,NULL,NULL,'1000468','49'),('47',NULL,'ivo.destovnik160511_fake@gmail.com',NULL,'-','Ivo',NULL,NULL,'63180045','1','Destovnik',NULL,NULL,NULL,NULL,NULL,NULL,'1000468','50'),('48',NULL,'ivo.bizjak4934_fake@gmail.com',NULL,'-','Ivo',NULL,NULL,'63180046','1','Bizjak',NULL,NULL,NULL,NULL,NULL,NULL,'1000468','51'),('49',NULL,'ivo.jager798517_fake@gmail.com',NULL,'-','Ivo',NULL,NULL,'63180047','1','Jager',NULL,NULL,NULL,NULL,NULL,NULL,'1000468','52'),('50',NULL,'ivo.ferk378715_fake@gmail.com',NULL,'-','Ivo',NULL,NULL,'63180048','1','Ferk',NULL,NULL,NULL,NULL,NULL,NULL,'1000468','53'),('51',NULL,'emil.baraga51942_fake@gmail.com',NULL,'-','Emil',NULL,NULL,'63180049','1','Baraga',NULL,NULL,NULL,NULL,NULL,NULL,'1000468','54'),('52',NULL,'emil.abram41770_fake@gmail.com',NULL,'-','Emil',NULL,NULL,'63180050','1','Abram',NULL,NULL,NULL,NULL,NULL,NULL,'1000468','55'),('53',NULL,'emil.destovnik656611_fake@gmail.com',NULL,'-','Emil',NULL,NULL,'63180051','1','Destovnik',NULL,NULL,NULL,NULL,NULL,NULL,'1000468','56'),('54',NULL,'emil.jakac86418_fake@gmail.com',NULL,'-','Emil',NULL,NULL,'63180052','1','Jakac',NULL,NULL,NULL,NULL,NULL,NULL,'1000468','57'),('55',NULL,'ida.dekleva333910_fake@gmail.com',NULL,'-','Ida',NULL,NULL,'63180053','1','Dekleva',NULL,NULL,NULL,NULL,NULL,NULL,'1000468','58'),('56',NULL,'ida.jager972017_fake@gmail.com',NULL,'-','Ida',NULL,NULL,'63180054','1','Jager',NULL,NULL,NULL,NULL,NULL,NULL,'1000468','59'),('57',NULL,'ida.polec758026_fake@gmail.com',NULL,'-','Ida',NULL,NULL,'63180055','1','Polec',NULL,NULL,NULL,NULL,NULL,NULL,'1000468','60'),('58',NULL,'ida.fernc824313_fake@gmail.com',NULL,'-','Ida',NULL,NULL,'63180056','1','Fernc',NULL,NULL,NULL,NULL,NULL,NULL,'1000468','61'),('59',NULL,'iza.kacjan894421_fake@gmail.com',NULL,'-','Iza',NULL,NULL,'63180057','1','Kacjan',NULL,NULL,NULL,NULL,NULL,NULL,'1000468','62'),('60',NULL,'iza.kacjan151521_fake@gmail.com',NULL,'-','Iza',NULL,NULL,'63180058','1','Kacjan',NULL,NULL,NULL,NULL,NULL,NULL,'1000468','63'),('61',NULL,'iza.fabinc361414_fake@gmail.com',NULL,'-','Iza',NULL,NULL,'63180059','1','Fabinc',NULL,NULL,NULL,NULL,NULL,NULL,'1000468','64'),('62',NULL,'iza.peternel585625_fake@gmail.com',NULL,'-','Iza',NULL,NULL,'63180060','1','Peternel',NULL,NULL,NULL,NULL,NULL,NULL,'1000468','65'),('63',NULL,'julijan.abram70930_fake@gmail.com',NULL,'-','Julijan',NULL,NULL,'63180061','1','Abram',NULL,NULL,NULL,NULL,NULL,NULL,'1000468','66'),('64',NULL,'julijan.bavec64485_fake@gmail.com',NULL,'-','Julijan',NULL,NULL,'63180062','1','Bavec',NULL,NULL,NULL,NULL,NULL,NULL,'1000468','67'),('65',NULL,'julijan.baraga32912_fake@gmail.com',NULL,'-','Julijan',NULL,NULL,'63180063','1','Baraga',NULL,NULL,NULL,NULL,NULL,NULL,'1000468','68'),('66',NULL,'julijan.peternel151025_fake@gmail.com',NULL,'-','Julijan',NULL,NULL,'63180064','1','Peternel',NULL,NULL,NULL,NULL,NULL,NULL,'1000468','69'),('67',NULL,'jan.baraga7252_fake@gmail.com',NULL,'-','Jan',NULL,NULL,'63180065','1','Baraga',NULL,NULL,NULL,NULL,NULL,NULL,'1000468','70'),('68',NULL,'jan.pavlin112224_fake@gmail.com',NULL,'-','Jan',NULL,NULL,'63180066','1','Pavlin',NULL,NULL,NULL,NULL,NULL,NULL,'1000468','71'),('69',NULL,'jan.ferk692615_fake@gmail.com',NULL,'-','Jan',NULL,NULL,'63180067','1','Ferk',NULL,NULL,NULL,NULL,NULL,NULL,'1000468','72'),('70',NULL,'jan.fabinc120214_fake@gmail.com',NULL,'-','Jan',NULL,NULL,'63180068','1','Fabinc',NULL,NULL,NULL,NULL,NULL,NULL,'1000468','73'),('71',NULL,'luka.bizjak99474_fake@gmail.com',NULL,'-','Luka',NULL,NULL,'63180069','1','Bizjak',NULL,NULL,NULL,NULL,NULL,NULL,'1000468','74'),('72',NULL,'luka.kacjan765321_fake@gmail.com',NULL,'-','Luka',NULL,NULL,'63180070','1','Kacjan',NULL,NULL,NULL,NULL,NULL,NULL,'1000468','75'),('73',NULL,'luka.polec582226_fake@gmail.com',NULL,'-','Luka',NULL,NULL,'63180071','1','Polec',NULL,NULL,NULL,NULL,NULL,NULL,'1000468','76'),('74',NULL,'luka.bojc22339_fake@gmail.com',NULL,'-','Luka',NULL,NULL,'63180072','1','Bojc',NULL,NULL,NULL,NULL,NULL,NULL,'1000468','77'),('75',NULL,'nejc.bavec255_fake@gmail.com',NULL,'-','Nejc',NULL,NULL,'63180073','1','Bavec',NULL,NULL,NULL,NULL,NULL,NULL,'1000468','78'),('76',NULL,'nejc.baraga42342_fake@gmail.com',NULL,'-','Nejc',NULL,NULL,'63180074','1','Baraga',NULL,NULL,NULL,NULL,NULL,NULL,'1000468','79'),('77',NULL,'nejc.ivanc792216_fake@gmail.com',NULL,'-','Nejc',NULL,NULL,'63180075','1','Ivanc',NULL,NULL,NULL,NULL,NULL,NULL,'1000468','80'),('78',NULL,'nejc.ankel10671_fake@gmail.com',NULL,'-','Nejc',NULL,NULL,'63180076','1','Ankel',NULL,NULL,NULL,NULL,NULL,NULL,'1000468','81'),('79',NULL,'milan.destovnik885011_fake@gmail.com',NULL,'-','Milan',NULL,NULL,'63180077','1','Destovnik',NULL,NULL,NULL,NULL,NULL,NULL,'1000468','82'),('80',NULL,'milan.kacjan626621_fake@gmail.com',NULL,'-','Milan',NULL,NULL,'63180078','1','Kacjan',NULL,NULL,NULL,NULL,NULL,NULL,'1000468','83'),('81',NULL,'milan.fabinc567314_fake@gmail.com',NULL,'-','Milan',NULL,NULL,'63180079','1','Fabinc',NULL,NULL,NULL,NULL,NULL,NULL,'1000468','84'),('82',NULL,'milan.bojc2149_fake@gmail.com',NULL,'-','Milan',NULL,NULL,'63180080','1','Bojc',NULL,NULL,NULL,NULL,NULL,NULL,'1000468','85'),('83',NULL,'nik.peternel108425_fake@gmail.com',NULL,'-','Nik',NULL,NULL,'63180081','1','Peternel',NULL,NULL,NULL,NULL,NULL,NULL,'1000468','86'),('84',NULL,'nik.avbelj37856_fake@gmail.com',NULL,'-','Nik',NULL,NULL,'63180082','1','Avbelj',NULL,NULL,NULL,NULL,NULL,NULL,'1000468','87'),('85',NULL,'nik.abram62190_fake@gmail.com',NULL,'-','Nik',NULL,NULL,'63180083','1','Abram',NULL,NULL,NULL,NULL,NULL,NULL,'1000468','88'),('86',NULL,'nik.abram74760_fake@gmail.com',NULL,'-','Nik',NULL,NULL,'63180084','1','Abram',NULL,NULL,NULL,NULL,NULL,NULL,'1000468','89'),('87',NULL,'nina.bavec29065_fake@gmail.com',NULL,'-','Nina',NULL,NULL,'63180085','1','Bavec',NULL,NULL,NULL,NULL,NULL,NULL,'1000468','90'),('88',NULL,'nina.destovnik183611_fake@gmail.com',NULL,'-','Nina',NULL,NULL,'63180086','1','Destovnik',NULL,NULL,NULL,NULL,NULL,NULL,'1000468','91'),('89',NULL,'nina.jurgec42922_fake@gmail.com',NULL,'-','Nina',NULL,NULL,'63180087','1','Jurgec',NULL,NULL,NULL,NULL,NULL,NULL,'1000468','92'),('90',NULL,'nina.peternel276125_fake@gmail.com',NULL,'-','Nina',NULL,NULL,'63180088','1','Peternel',NULL,NULL,NULL,NULL,NULL,NULL,'1000468','93'),('91',NULL,'tom.kacjan893521_fake@gmail.com',NULL,'-','Tom',NULL,NULL,'63180089','1','Kacjan',NULL,NULL,NULL,NULL,NULL,NULL,'1000468','94'),('92',NULL,'tom.jeras664620_fake@gmail.com',NULL,'-','Tom',NULL,NULL,'63180090','1','Jeras',NULL,NULL,NULL,NULL,NULL,NULL,'1000468','95'),('93',NULL,'tom.fernc1413_fake@gmail.com',NULL,'-','Tom',NULL,NULL,'63180091','1','Fernc',NULL,NULL,NULL,NULL,NULL,NULL,'1000468','96'),('94',NULL,'tom.dekleva880910_fake@gmail.com',NULL,'-','Tom',NULL,NULL,'63180092','1','Dekleva',NULL,NULL,NULL,NULL,NULL,NULL,'1000468','97');

-- enrolments
INSERT INTO enrolment (id,confirmed,year,id_study_form,id_study_kind,id_klasius_srv,id_student,id_study_program,id_study_year,id_study_type) VALUES ('1','true','1','1','1','16204','1','1000468','5','1'),('2','true','1','1','1','16204','3','1000468','2','1'),('3','true','2','1','1','16204','4','1000468','2','1'),('4','true','2','1','1','16204','3','1000468','5','2'),('5','true','1','1','1','16204','4','1000468','4','1'),('6','true','2','1','1','16204','4','1000468','5','1'),('7','true','1','1','1','16204','6','1000468','3','1'),('8','true','2','1','1','16204','6','1000468','4','1'),('9','true','3','1','1','16204','6','1000468','5','1'),('10','true','1','1','1','16204','7','1000468','3','1'),('11','true','1','1','1','16204','7','1000468','4','2'),('12','true','1','1','3','16204','7','1000468','5','2'),('13','true','1','1','1','16204','8','1000468','4','1'),('14','true','2','1','1','16204','8','1000468','5','1'),('15','true','1','1','1','16204','9','1000468','4','1'),('16','true','2','1','1','16204','9','1000468','5','1'),('17','true','1','1','1','16204','10','1000468','3','1'),('18','true','2','1','1','16204','10','1000468','4','1'),('19','true','2','1','1','16204','10','1000468','5','2'),('20','true','1','1','1','16204','11','1000468','2','1'),('21','true','2','1','1','16204','11','1000468','3','1'),('22','true','3','1','1','16204','11','1000468','4','1'),('23','true','3','1','1','16204','11','1000468','5','2'),('24','true','1','1','1','16204','12','1000468','5','1'),('25','true','1','1','1','16204','13','1000468','3','1'),('26','true','1','1','1','16204','13','1000468','4','2'),('27','true','2','1','1','16204','13','1000468','5','1'),('28','true','1','1','1','16204','14','1000468','4','1'),('29','true','1','1','1','16204','14','1000468','5','2'),('30','true','1','1','1','16204','15','1000468','2','1'),('31','true','2','1','1','16204','15','1000468','3','1'),('32','true','2','1','1','16204','15','1000468','4','2'),('33','true','2','1','3','16204','15','1000468','5','2'),('35','true','1','1','1','16204','16','1000468','3','1'),('36','true','2','1','1','16204','16','1000468','4','1'),('37','true','3','1','1','16204','16','1000468','5','1'),('38','true','1','1','1','16204','17','1000468','3','1'),('39','true','2','1','1','16204','17','1000468','4','1'),('40','true','3','1','1','16204','17','1000468','5','1'),('41','true','1','1','1','16204','18','1000468','3','1'),('42','true','2','1','1','16204','18','1000468','4','1'),('43','true','3','1','1','16204','18','1000468','5','1'),('44','true','1','1','1','16204','19','1000468','3','1'),('45','true','2','1','1','16204','19','1000468','4','1'),('46','true','3','1','1','16204','19','1000468','5','1'),('47','true','1','1','1','16204','20','1000468','3','1'),('48','true','2','1','1','16204','20','1000468','4','1'),('49','true','3','1','1','16204','20','1000468','5','1'),('50','true','1','1','1','16204','21','1000468','3','1'),('51','true','2','1','1','16204','21','1000468','4','1'),('52','true','3','1','1','16204','21','1000468','5','1'),('53','true','1','1','1','16204','22','1000468','3','1'),('54','true','2','1','1','16204','22','1000468','4','1'),('55','true','3','1','1','16204','22','1000468','5','1'),('56','true','1','1','1','16204','23','1000468','3','1'),('57','true','2','1','1','16204','23','1000468','4','1'),('58','true','3','1','1','16204','23','1000468','5','1'),('59','true','1','1','1','16204','24','1000468','3','1'),('60','true','2','1','1','16204','24','1000468','4','1'),('61','true','3','1','1','16204','24','1000468','5','1'),('62','true','1','1','1','16204','25','1000468','3','1'),('63','true','2','1','1','16204','25','1000468','4','1'),('64','true','3','1','1','16204','25','1000468','5','1'),('65','true','1','1','1','16204','26','1000468','3','1'),('66','true','2','1','1','16204','26','1000468','4','1'),('67','true','3','1','1','16204','26','1000468','5','1'),('68','true','1','1','1','16204','27','1000468','3','1'),('69','true','2','1','1','16204','27','1000468','4','1'),('70','true','3','1','1','16204','27','1000468','5','1'),('71','true','1','1','1','16204','28','1000468','3','1'),('72','true','2','1','1','16204','28','1000468','4','1'),('73','true','3','1','1','16204','28','1000468','5','1'),('74','true','1','1','1','16204','29','1000468','3','1'),('75','true','2','1','1','16204','29','1000468','4','1'),('76','true','3','1','1','16204','29','1000468','5','1'),('77','true','1','1','1','16204','30','1000468','3','1'),('78','true','2','1','1','16204','30','1000468','4','1'),('79','true','3','1','1','16204','30','1000468','5','1'),('80','true','1','1','1','16204','31','1000468','3','1'),('81','true','2','1','1','16204','31','1000468','4','1'),('82','true','3','1','1','16204','31','1000468','5','1'),('83','true','1','1','1','16204','32','1000468','3','1'),('84','true','2','1','1','16204','32','1000468','4','1'),('85','true','3','1','1','16204','32','1000468','5','1'),('86','true','1','1','1','16204','33','1000468','3','1'),('87','true','2','1','1','16204','33','1000468','4','1'),('88','true','3','1','1','16204','33','1000468','5','1'),('89','true','1','1','1','16204','34','1000468','3','1'),('90','true','2','1','1','16204','34','1000468','4','1'),('91','true','3','1','1','16204','34','1000468','5','1'),('92','true','1','1','1','16204','35','1000468','3','1'),('93','true','2','1','1','16204','35','1000468','4','1'),('94','true','3','1','1','16204','35','1000468','5','1'),('95','true','1','1','1','16204','36','1000468','3','1'),('96','true','2','1','1','16204','36','1000468','4','1'),('97','true','3','1','1','16204','36','1000468','5','1'),('98','true','1','1','1','16204','37','1000468','3','1'),('99','true','2','1','1','16204','37','1000468','4','1'),('100','true','3','1','1','16204','37','1000468','5','1'),('101','true','1','1','1','16204','38','1000468','3','1'),('102','true','2','1','1','16204','38','1000468','4','1'),('103','true','3','1','1','16204','38','1000468','5','1'),('104','true','1','1','1','16204','39','1000468','3','1'),('105','true','2','1','1','16204','39','1000468','4','1'),('106','true','3','1','1','16204','39','1000468','5','1'),('107','true','1','1','1','16204','40','1000468','3','1'),('108','true','2','1','1','16204','40','1000468','4','1'),('109','true','3','1','1','16204','40','1000468','5','1'),('110','true','1','1','1','16204','41','1000468','3','1'),('111','true','2','1','1','16204','41','1000468','4','1'),('112','true','3','1','1','16204','41','1000468','5','1'),('113','true','1','1','1','16204','42','1000468','3','1'),('114','true','2','1','1','16204','42','1000468','4','1'),('115','true','3','1','1','16204','42','1000468','5','1'),('116','true','1','1','1','16204','43','1000468','3','1'),('117','true','2','1','1','16204','43','1000468','4','1'),('118','true','3','1','1','16204','43','1000468','5','1'),('119','true','1','1','1','16204','44','1000468','3','1'),('120','true','2','1','1','16204','44','1000468','4','1'),('121','true','3','1','1','16204','44','1000468','5','1'),('122','true','1','1','1','16204','45','1000468','3','1'),('123','true','2','1','1','16204','45','1000468','4','1'),('124','true','3','1','1','16204','45','1000468','5','1'),('125','true','1','1','1','16204','46','1000468','3','1'),('126','true','2','1','1','16204','46','1000468','4','1'),('127','true','3','1','1','16204','46','1000468','5','1'),('128','true','1','1','1','16204','47','1000468','3','1'),('129','true','2','1','1','16204','47','1000468','4','1'),('130','true','3','1','1','16204','47','1000468','5','1'),('131','true','1','1','1','16204','48','1000468','3','1'),('132','true','2','1','1','16204','48','1000468','4','1'),('133','true','3','1','1','16204','48','1000468','5','1'),('134','true','1','1','1','16204','49','1000468','3','1'),('135','true','2','1','1','16204','49','1000468','4','1'),('136','true','3','1','1','16204','49','1000468','5','1'),('137','true','1','1','1','16204','50','1000468','3','1'),('138','true','2','1','1','16204','50','1000468','4','1'),('139','true','3','1','1','16204','50','1000468','5','1'),('140','true','1','1','1','16204','51','1000468','3','1'),('141','true','2','1','1','16204','51','1000468','4','1'),('142','true','3','1','1','16204','51','1000468','5','1'),('143','true','1','1','1','16204','52','1000468','3','1'),('144','true','2','1','1','16204','52','1000468','4','1'),('145','true','3','1','1','16204','52','1000468','5','1'),('146','true','1','1','1','16204','53','1000468','3','1'),('147','true','2','1','1','16204','53','1000468','4','1'),('148','true','3','1','1','16204','53','1000468','5','1'),('149','true','1','1','1','16204','54','1000468','3','1'),('150','true','2','1','1','16204','54','1000468','4','1'),('151','true','3','1','1','16204','54','1000468','5','1'),('152','true','1','1','1','16204','55','1000468','3','1'),('153','true','2','1','1','16204','55','1000468','4','1'),('154','true','3','1','1','16204','55','1000468','5','1'),('155','true','1','1','1','16204','56','1000468','3','1'),('156','true','2','1','1','16204','56','1000468','4','1'),('157','true','3','1','1','16204','56','1000468','5','1'),('158','true','1','1','1','16204','57','1000468','3','1'),('159','true','2','1','1','16204','57','1000468','4','1'),('160','true','3','1','1','16204','57','1000468','5','1'),('161','true','1','1','1','16204','58','1000468','3','1'),('162','true','2','1','1','16204','58','1000468','4','1'),('163','true','3','1','1','16204','58','1000468','5','1'),('164','true','1','1','1','16204','59','1000468','3','1'),('165','true','2','1','1','16204','59','1000468','4','1'),('166','true','3','1','1','16204','59','1000468','5','1'),('167','true','1','1','1','16204','60','1000468','3','1'),('168','true','2','1','1','16204','60','1000468','4','1'),('169','true','3','1','1','16204','60','1000468','5','1'),('170','true','1','1','1','16204','61','1000468','3','1'),('171','true','2','1','1','16204','61','1000468','4','1'),('172','true','3','1','1','16204','61','1000468','5','1'),('173','true','1','1','1','16204','62','1000468','3','1'),('174','true','2','1','1','16204','62','1000468','4','1'),('175','true','3','1','1','16204','62','1000468','5','1'),('176','true','1','1','1','16204','63','1000468','3','1'),('177','true','2','1','1','16204','63','1000468','4','1'),('178','true','3','1','1','16204','63','1000468','5','1'),('179','true','1','1','1','16204','64','1000468','3','1'),('180','true','2','1','1','16204','64','1000468','4','1'),('181','true','3','1','1','16204','64','1000468','5','1'),('182','true','1','1','1','16204','65','1000468','3','1'),('183','true','2','1','1','16204','65','1000468','4','1'),('184','true','3','1','1','16204','65','1000468','5','1'),('185','true','1','1','1','16204','66','1000468','3','1'),('186','true','2','1','1','16204','66','1000468','4','1'),('187','true','3','1','1','16204','66','1000468','5','1'),('188','true','1','1','1','16204','67','1000468','3','1'),('189','true','2','1','1','16204','67','1000468','4','1'),('190','true','3','1','1','16204','67','1000468','5','1'),('191','true','1','1','1','16204','68','1000468','3','1'),('192','true','2','1','1','16204','68','1000468','4','1'),('193','true','3','1','1','16204','68','1000468','5','1'),('194','true','1','1','1','16204','69','1000468','3','1'),('195','true','2','1','1','16204','69','1000468','4','1'),('196','true','3','1','1','16204','69','1000468','5','1'),('197','true','1','1','1','16204','70','1000468','3','1'),('198','true','2','1','1','16204','70','1000468','4','1'),('199','true','3','1','1','16204','70','1000468','5','1'),('200','true','1','1','1','16204','71','1000468','3','1'),('201','true','2','1','1','16204','71','1000468','4','1'),('202','true','3','1','1','16204','71','1000468','5','1'),('203','true','1','1','1','16204','72','1000468','3','1'),('204','true','2','1','1','16204','72','1000468','4','1'),('205','true','3','1','1','16204','72','1000468','5','1'),('206','true','1','1','1','16204','73','1000468','3','1'),('207','true','2','1','1','16204','73','1000468','4','1'),('208','true','3','1','1','16204','73','1000468','5','1'),('209','true','1','1','1','16204','74','1000468','3','1'),('210','true','2','1','1','16204','74','1000468','4','1'),('211','true','3','1','1','16204','74','1000468','5','1'),('212','true','1','1','1','16204','75','1000468','3','1'),('213','true','2','1','1','16204','75','1000468','4','1'),('214','true','3','1','1','16204','75','1000468','5','1'),('215','true','1','1','1','16204','76','1000468','3','1'),('216','true','2','1','1','16204','76','1000468','4','1'),('217','true','3','1','1','16204','76','1000468','5','1'),('218','true','1','1','1','16204','77','1000468','3','1'),('219','true','2','1','1','16204','77','1000468','4','1'),('220','true','3','1','1','16204','77','1000468','5','1'),('221','true','1','1','1','16204','78','1000468','3','1'),('222','true','2','1','1','16204','78','1000468','4','1'),('223','true','3','1','1','16204','78','1000468','5','1'),('224','true','1','1','1','16204','79','1000468','3','1'),('225','true','2','1','1','16204','79','1000468','4','1'),('226','true','3','1','1','16204','79','1000468','5','1'),('227','true','1','1','1','16204','80','1000468','3','1'),('228','true','2','1','1','16204','80','1000468','4','1'),('229','true','3','1','1','16204','80','1000468','5','1'),('230','true','1','1','1','16204','81','1000468','3','1'),('231','true','2','1','1','16204','81','1000468','4','1'),('232','true','3','1','1','16204','81','1000468','5','1'),('233','true','1','1','1','16204','82','1000468','3','1'),('234','true','2','1','1','16204','82','1000468','4','1'),('235','true','3','1','1','16204','82','1000468','5','1'),('236','true','1','1','1','16204','83','1000468','3','1'),('237','true','2','1','1','16204','83','1000468','4','1'),('238','true','3','1','1','16204','83','1000468','5','1'),('239','true','1','1','1','16204','84','1000468','3','1'),('240','true','2','1','1','16204','84','1000468','4','1'),('241','true','3','1','1','16204','84','1000468','5','1'),('242','true','1','1','1','16204','85','1000468','3','1'),('243','true','2','1','1','16204','85','1000468','4','1'),('244','true','3','1','1','16204','85','1000468','5','1'),('245','true','1','1','1','16204','86','1000468','3','1'),('246','true','2','1','1','16204','86','1000468','4','1'),('247','true','3','1','1','16204','86','1000468','5','1'),('248','true','1','1','1','16204','87','1000468','3','1'),('249','true','2','1','1','16204','87','1000468','4','1'),('250','true','3','1','1','16204','87','1000468','5','1'),('251','true','1','1','1','16204','88','1000468','3','1'),('252','true','2','1','1','16204','88','1000468','4','1'),('253','true','3','1','1','16204','88','1000468','5','1'),('254','true','1','1','1','16204','89','1000468','3','1'),('255','true','2','1','1','16204','89','1000468','4','1'),('256','true','3','1','1','16204','89','1000468','5','1'),('257','true','1','1','1','16204','90','1000468','3','1'),('258','true','2','1','1','16204','90','1000468','4','1'),('259','true','3','1','1','16204','90','1000468','5','1'),('260','true','1','1','1','16204','91','1000468','3','1'),('261','true','2','1','1','16204','91','1000468','4','1'),('262','true','3','1','1','16204','91','1000468','5','1'),('263','true','1','1','1','16204','92','1000468','3','1'),('264','true','2','1','1','16204','92','1000468','4','1'),('265','true','3','1','1','16204','92','1000468','5','1'),('266','true','1','1','1','16204','93','1000468','3','1'),('267','true','2','1','1','16204','93','1000468','4','1'),('268','true','3','1','1','16204','93','1000468','5','1'),('269','true','1','1','1','16204','94','1000468','3','1'),('270','true','2','1','1','16204','94','1000468','4','1'),('271','true','3','1','1','16204','94','1000468','5','1');

-- student courses requires enrolments to be pre-inserted, so it can't be put into a csv
INSERT INTO student_courses (id_student_courses,id_course,id_enrolment, grade) VALUES ('1','63212','1', NULL),('2','63205','1', NULL),('3','63203','1', NULL),('4','63204','1', NULL),('5','63209','1', NULL),('6','63207','1', NULL),('7','63277','1', NULL),('8','63278','1', NULL),('9','63215','1', NULL),('10','63202','1', 8),('11','63212','2', NULL),('12','63205','2', NULL),('13','63203','2', NULL),('14','63204','2', NULL),('15','63209','2', NULL),('16','63207','2', NULL),('17','63277','2', NULL),('18','63278','2', NULL),('19','63215','2', NULL),('20','63202','2', NULL),('21','63213','3', NULL),('22','63279','3', NULL),('23','63280','3', NULL),('24','63208','3', NULL),('25','63217','3', NULL),('26','63517','3', NULL),('27','63216','3', NULL),('28','63218','3', NULL),('29','63220','3', NULL),('30','63219','3', NULL),('31','63213','4', NULL),('32','63517','4', NULL),('33','63280','4', NULL),('34','63212','5', NULL),('35','63205','5', NULL),('36','63203','5', NULL),('37','63204','5', NULL),('38','63209','5', NULL),('39','63207','5', NULL),('40','63277','5', NULL),('41','63278','5', NULL),('42','63215','5', NULL),('43','63213','6', NULL),('44','63279','6', NULL),('45','63280','6', NULL),('46','63208','6', NULL),('47','63217','6', NULL),('48','63517','6', NULL),('49','63216','6', NULL),('50','63218','6', NULL),('51','63220','6', NULL),('52','63219','6', NULL),('53','63212','7', NULL),('54','63205','7', NULL),('55','63203','7', NULL),('56','63204','7', NULL),('57','63209','7', NULL),('58','63207','7', NULL),('59','63277','7', NULL),('60','63278','7', NULL),('61','63215','7', NULL),('62','63202','7', NULL),('63','63213','8', NULL),('64','63279','8', NULL),('65','63280','8', NULL),('66','63208','8', NULL),('67','63217','8', NULL),('68','63517','8', NULL),('69','63216','8', NULL),('70','63218','8', NULL),('71','63220','8', NULL),('72','63219','8', NULL),('73','63214','9', NULL),('74','63281','9', NULL),('75','63248','9', NULL),('76','63268','9', NULL),('77','63266','9', NULL),('78','63267','9', NULL),('79','63255','9', NULL),('80','63254','9', NULL),('81','63256','9', NULL),('82','63251','9', NULL),('83','63212','10', NULL),('84','63205','10', NULL),('85','63203','10', NULL),('86','63204','10', NULL),('87','63209','10', NULL),('88','63207','10', NULL),('89','63277','10', NULL),('90','63278','10', NULL),('91','63215','10', NULL),('92','63202','10', NULL),('93','63205','11', NULL),('94','63203','11', NULL),('95','63202','11', NULL),('96','63209','11', NULL),('97','63218','11', NULL),('98','63205','12', NULL),('99','63212','13', NULL),('100','63205','13', NULL),('101','63203','13', NULL),('102','63204','13', NULL),('103','63209','13', NULL),('104','63207','13', NULL),('105','63277','13', NULL),('106','63278','13', NULL),('107','63215','13', NULL),('108','63202','13', NULL),('109','63213','14', NULL),('110','63279','14', NULL),('111','63280','14', NULL),('112','63208','14', NULL),('113','63217','14', NULL),('114','63517','14', NULL),('115','63216','14', NULL),('116','63218','14', NULL),('117','63220','14', NULL),('118','63219','14', NULL),('119','63212','15', NULL),('120','63205','15', NULL),('121','63203','15', NULL),('122','63204','15', NULL),('123','63209','15', NULL),('124','63207','15', NULL),('125','63277','15', NULL),('126','63278','15', NULL),('127','63215','15', NULL),('128','63202','15', NULL),('129','63213','16', NULL),('130','63279','16', NULL),('131','63280','16', NULL),('132','63208','16', NULL),('133','63217','16', NULL),('134','63517','16', NULL),('135','63216','16', NULL),('136','63218','16', NULL),('137','63220','16', NULL),('138','63219','16', NULL),('139','63212','17', NULL),('140','63205','17', NULL),('141','63203','17', NULL),('142','63204','17', NULL),('143','63209','17', NULL),('144','63207','17', NULL),('145','63277','17', NULL),('146','63278','17', NULL),('147','63215','17', NULL),('148','63202','17', NULL),('149','63213','18', NULL),('150','63279','18', NULL),('151','63280','18', NULL),('152','63208','18', NULL),('153','63217','18', NULL),('154','63517','18', NULL),('155','63216','18', NULL),('156','63218','18', NULL),('157','63220','18', NULL),('158','63219','18', NULL),('159','63517','19', NULL),('160','63279','19', NULL),('161','63280','19', NULL),('162','63213','19', NULL),('163','63214','19', NULL),('164','63212','20', NULL),('165','63205','20', NULL),('166','63203','20', NULL),('167','63204','20', NULL),('168','63209','20', NULL),('169','63207','20', NULL),('170','63277','20', NULL),('171','63278','20', NULL),('172','63215','20', NULL),('173','63202','20', NULL),('174','63213','21', NULL),('175','63279','21', NULL),('176','63280','21', NULL),('177','63208','21', NULL),('178','63217','21', NULL),('179','63517','21', NULL),('180','63216','21', NULL),('181','63218','21', NULL),('182','63220','21', NULL),('183','63219','21', NULL),('184','63214','22', NULL),('185','63281','22', NULL),('186','63248','22', NULL),('187','63268','22', NULL),('188','63266','22', NULL),('189','63267','22', NULL),('190','63255','22', NULL),('191','63254','22', NULL),('192','63256','22', NULL),('193','63251','22', NULL),('194','63214','23', NULL),('195','63268','23', NULL),('196','63267','23', NULL),('197','63212','24', NULL),('198','63205','24', NULL),('199','63203','24', NULL),('200','63204','24', NULL),('201','63209','24', NULL),('202','63207','24', NULL),('203','63277','24', NULL),('204','63278','24', NULL),('205','63215','24', NULL),('206','63202','24', NULL),('207','63212','25', NULL),('208','63205','25', NULL),('209','63203','25', NULL),('210','63204','25', NULL),('211','63209','25', NULL),('212','63207','25', NULL),('213','63277','25', NULL),('214','63278','25', NULL),('215','63215','25', NULL),('216','63202','25', NULL),('217','63205','26', NULL),('218','63203','26', NULL),('219','63202','26', NULL),('220','63209','26', NULL),('221','63218','26', NULL),('222','63213','27', NULL),('223','63279','27', NULL),('224','63280','27', NULL),('225','63208','27', NULL),('226','63217','27', NULL),('227','63517','27', NULL),('228','63216','27', NULL),('229','63218','27', NULL),('230','63220','27', NULL),('231','63219','27', NULL),('232','63212','28', NULL),('233','63205','28', NULL),('234','63203','28', NULL),('235','63204','28', NULL),('236','63209','28', NULL),('237','63207','28', NULL),('238','63277','28', NULL),('239','63278','28', NULL),('240','63215','28', NULL),('241','63202','28', NULL),('242','63205','29', NULL),('243','63203','29', NULL),('244','63202','29', NULL),('245','63209','29', NULL),('246','63218','29', NULL),('247','63212','30', NULL),('248','63205','30', NULL),('249','63203','30', NULL),('250','63204','30', NULL),('251','63209','30', NULL),('252','63207','30', NULL),('253','63277','30', NULL),('254','63278','30', NULL),('255','63215','30', NULL),('256','63202','30', NULL),('257','63213','31', NULL),('258','63279','31', NULL),('259','63280','31', NULL),('260','63208','31', NULL),('261','63217','31', NULL),('262','63517','31', NULL),('263','63216','31', NULL),('264','63218','31', NULL),('265','63220','31', NULL),('266','63219','31', NULL),('267','63517','32', NULL),('268','63279','32', NULL),('269','63280','32', NULL),('270','63213','32', NULL),('271','63214','32', NULL),('272','63213','33', NULL),('273','63205','14', NULL),('274','63209','35', NULL),('275','63207','35', NULL),('276','63212','35', NULL),('277','63204','35', NULL),('278','63277','35', NULL),('279','63215','35', NULL),('280','63205','35', NULL),('281','63278','35', NULL),('282','63203','35', NULL),('283','63202','35', NULL),('284','63217','36', NULL),('285','63216','36', NULL),('286','63280','36', NULL),('287','63208','36', NULL),('288','63218','36', NULL),('289','63517','36', NULL),('290','63221','36', NULL),('291','63213','36', NULL),('292','63279','36', NULL),('293','63220','36', NULL),('294','63281','37', NULL),('295','63263','37', NULL),('296','63214','37', NULL),('297','63251','37', NULL),('298','63269','37', NULL),('299','63264','37', NULL),('300','63265','37', NULL),('301','63271','37', NULL),('302','63248','37', NULL),('303','63270','37', NULL),('304','63215','38', NULL),('305','63277','38', NULL),('306','63212','38', NULL),('307','63278','38', NULL),('308','63202','38', NULL),('309','63203','38', NULL),('310','63204','38', NULL),('311','63207','38', NULL),('312','63205','38', NULL),('313','63209','38', NULL),('314','63280','39', NULL),('315','63219','39', NULL),('316','63213','39', NULL),('317','63216','39', NULL),('318','63279','39', NULL),('319','63517','39', NULL),('320','63217','39', NULL),('321','63220','39', NULL),('322','63208','39', NULL),('323','63218','39', NULL),('324','63248','40', NULL),('325','63268','40', NULL),('326','63266','40', NULL),('327','63262','40', NULL),('328','63267','40', NULL),('329','63214','40', NULL),('330','63260','40', NULL),('331','63281','40', NULL),('332','63261','40', NULL),('333','63249','40', NULL),('334','63278','41', NULL),('335','63204','41', NULL),('336','63277','41', NULL),('337','63205','41', NULL),('338','63209','41', NULL),('339','63212','41', NULL),('340','63207','41', NULL),('341','63203','41', NULL),('342','63202','41', NULL),('343','63215','41', NULL),('344','63279','42', NULL),('345','63517','42', NULL),('346','63218','42', NULL),('347','63213','42', NULL),('348','63220','42', NULL),('349','63280','42', NULL),('350','63216','42', NULL),('351','63217','42', NULL),('352','63208','42', NULL),('353','63219','42', NULL),('354','63267','43', NULL),('355','63264','43', NULL),('356','63258','43', NULL),('357','63268','43', NULL),('358','63266','43', NULL),('359','63263','43', NULL),('360','63265','43', NULL),('361','63281','43', NULL),('362','63214','43', NULL),('363','63248','43', NULL),('364','63212','44', NULL),('365','63202','44', NULL),('366','63278','44', NULL),('367','63277','44', NULL),('368','63203','44', NULL),('369','63209','44', NULL),('370','63205','44', NULL),('371','63207','44', NULL),('372','63215','44', NULL),('373','63204','44', NULL),('374','63279','45', NULL),('375','63213','45', NULL),('376','63217','45', NULL),('377','63208','45', NULL),('378','63220','45', NULL),('379','63517','45', NULL),('380','63219','45', NULL),('381','63216','45', NULL),('382','63218','45', NULL),('383','63280','45', NULL),('384','63248','46', NULL),('385','63269','46', NULL),('386','63257','46', NULL),('387','63281','46', NULL),('388','63250','46', NULL),('389','63258','46', NULL),('390','63249','46', NULL),('391','63251','46', NULL),('392','63259','46', NULL),('393','63214','46', NULL),('394','63203','47', NULL),('395','63207','47', NULL),('396','63212','47', NULL),('397','63209','47', NULL),('398','63205','47', NULL),('399','63278','47', NULL),('400','63202','47', NULL),('401','63204','47', NULL),('402','63215','47', NULL),('403','63277','47', NULL),('404','63216','48', NULL),('405','63217','48', NULL),('406','63279','48', NULL),('407','63517','48', NULL),('408','63280','48', NULL),('409','63221','48', NULL),('410','63208','48', NULL),('411','63219','48', NULL),('412','63218','48', NULL),('413','63213','48', NULL),('414','63268','49', NULL),('415','63266','49', NULL),('416','63262','49', NULL),('417','63267','49', NULL),('418','63258','49', NULL),('419','63259','49', NULL),('420','63214','49', NULL),('421','63257','49', NULL),('422','63281','49', NULL),('423','63248','49', NULL),('424','63207','50', NULL),('425','63202','50', NULL),('426','63215','50', NULL),('427','63277','50', NULL),('428','63212','50', NULL),('429','63204','50', NULL),('430','63209','50', NULL),('431','63278','50', NULL),('432','63203','50', NULL),('433','63205','50', NULL),('434','63517','51', NULL),('435','63218','51', NULL),('436','63213','51', NULL),('437','63280','51', NULL),('438','63217','51', NULL),('439','63220','51', NULL),('440','63216','51', NULL),('441','63208','51', NULL),('442','63279','51', NULL),('443','63219','51', NULL),('444','63261','52', NULL),('445','63248','52', NULL),('446','63251','52', NULL),('447','63255','52', NULL),('448','63260','52', NULL),('449','63256','52', NULL),('450','63262','52', NULL),('451','63254','52', NULL),('452','63281','52', NULL),('453','63214','52', NULL),('454','63203','53', NULL),('455','63215','53', NULL),('456','63209','53', NULL),('457','63207','53', NULL),('458','63202','53', NULL),('459','63205','53', NULL),('460','63212','53', NULL),('461','63278','53', NULL),('462','63204','53', NULL),('463','63277','53', NULL),('464','63280','54', NULL),('465','63213','54', NULL),('466','63219','54', NULL),('467','63208','54', NULL),('468','63217','54', NULL),('469','63218','54', NULL),('470','63517','54', NULL),('471','63216','54', NULL),('472','63279','54', NULL),('473','63220','54', NULL),('474','63266','55', NULL),('475','63251','55', NULL),('476','63260','55', NULL),('477','63267','55', NULL),('478','63214','55', NULL),('479','63281','55', NULL),('480','63262','55', NULL),('481','63248','55', NULL),('482','63268','55', NULL),('483','63261','55', NULL),('484','63207','56', NULL),('485','63202','56', NULL),('486','63278','56', NULL),('487','63215','56', NULL),('488','63212','56', NULL),('489','63277','56', NULL),('490','63209','56', NULL),('491','63204','56', NULL),('492','63205','56', NULL),('493','63203','56', NULL),('494','63279','57', NULL),('495','63280','57', NULL),('496','63220','57', NULL),('497','63517','57', NULL),('498','63217','57', NULL),('499','63218','57', NULL),('500','63208','57', NULL),('501','63221','57', NULL),('502','63216','57', NULL),('503','63213','57', NULL),('504','63281','58', NULL),('505','63249','58', NULL),('506','63262','58', NULL),('507','63251','58', NULL),('508','63250','58', NULL),('509','63248','58', NULL),('510','63214','58', NULL),('511','63269','58', NULL),('512','63261','58', NULL),('513','63260','58', NULL),('514','63215','59', NULL),('515','63205','59', NULL),('516','63278','59', NULL),('517','63204','59', NULL),('518','63202','59', NULL),('519','63212','59', NULL),('520','63207','59', NULL),('521','63203','59', NULL),('522','63209','59', NULL),('523','63277','59', NULL),('524','63517','60', NULL),('525','63280','60', NULL),('526','63216','60', NULL),('527','63218','60', NULL),('528','63208','60', NULL),('529','63217','60', NULL),('530','63279','60', NULL),('531','63221','60', NULL),('532','63220','60', NULL),('533','63213','60', NULL),('534','63258','61', NULL),('535','63253','61', NULL),('536','63226','61', NULL),('537','63268','61', NULL),('538','63248','61', NULL),('539','63257','61', NULL),('540','63259','61', NULL),('541','63725','61', NULL),('542','63281','61', NULL),('543','63214','61', NULL),('544','63215','62', NULL),('545','63277','62', NULL),('546','63203','62', NULL),('547','63204','62', NULL),('548','63212','62', NULL),('549','63205','62', NULL),('550','63207','62', NULL),('551','63278','62', NULL),('552','63202','62', NULL),('553','63209','62', NULL),('554','63219','63', NULL),('555','63213','63', NULL),('556','63517','63', NULL),('557','63221','63', NULL),('558','63218','63', NULL),('559','63208','63', NULL),('560','63280','63', NULL),('561','63279','63', NULL),('562','63217','63', NULL),('563','63216','63', NULL),('564','63262','64', NULL),('565','63725','64', NULL),('566','63253','64', NULL),('567','63281','64', NULL),('568','63269','64', NULL),('569','63226','64', NULL),('570','63248','64', NULL),('571','63270','64', NULL),('572','63271','64', NULL),('573','63214','64', NULL),('574','63209','65', NULL),('575','63215','65', NULL),('576','63278','65', NULL),('577','63202','65', NULL),('578','63212','65', NULL),('579','63205','65', NULL),('580','63207','65', NULL),('581','63204','65', NULL),('582','63277','65', NULL),('583','63203','65', NULL),('584','63280','66', NULL),('585','63517','66', NULL),('586','63218','66', NULL),('587','63217','66', NULL),('588','63208','66', NULL),('589','63220','66', NULL),('590','63213','66', NULL),('591','63279','66', NULL),('592','63219','66', NULL),('593','63216','66', NULL),('594','63267','67', NULL),('595','63260','67', NULL),('596','63281','67', NULL),('597','63262','67', NULL),('598','63248','67', NULL),('599','63250','67', NULL),('600','63249','67', NULL),('601','63251','67', NULL),('602','63261','67', NULL),('603','63214','67', NULL),('604','63278','68', NULL),('605','63215','68', NULL),('606','63277','68', NULL),('607','63204','68', NULL),('608','63202','68', NULL),('609','63203','68', NULL),('610','63205','68', NULL),('611','63209','68', NULL),('612','63212','68', NULL),('613','63207','68', NULL),('614','63280','69', NULL),('615','63213','69', NULL),('616','63218','69', NULL),('617','63221','69', NULL),('618','63208','69', NULL),('619','63517','69', NULL),('620','63216','69', NULL),('621','63279','69', NULL),('622','63219','69', NULL),('623','63217','69', NULL),('624','63251','70', NULL),('625','63281','70', NULL),('626','63271','70', NULL),('627','63249','70', NULL),('628','63269','70', NULL),('629','63263','70', NULL),('630','63248','70', NULL),('631','63214','70', NULL),('632','63250','70', NULL),('633','63270','70', NULL),('634','63204','71', NULL),('635','63209','71', NULL),('636','63212','71', NULL),('637','63207','71', NULL),('638','63205','71', NULL),('639','63203','71', NULL),('640','63277','71', NULL),('641','63215','71', NULL),('642','63278','71', NULL),('643','63202','71', NULL),('644','63216','72', NULL),('645','63279','72', NULL),('646','63218','72', NULL),('647','63217','72', NULL),('648','63208','72', NULL),('649','63517','72', NULL),('650','63213','72', NULL),('651','63219','72', NULL),('652','63280','72', NULL),('653','63221','72', NULL),('654','63261','73', NULL),('655','63271','73', NULL),('656','63281','73', NULL),('657','63214','73', NULL),('658','63269','73', NULL),('659','63248','73', NULL),('660','63270','73', NULL),('661','63262','73', NULL),('662','63260','73', NULL),('663','63268','73', NULL),('664','63209','74', NULL),('665','63204','74', NULL),('666','63277','74', NULL),('667','63212','74', NULL),('668','63203','74', NULL),('669','63207','74', NULL),('670','63205','74', NULL),('671','63278','74', NULL),('672','63202','74', NULL),('673','63215','74', NULL),('674','63213','75', NULL),('675','63218','75', NULL),('676','63216','75', NULL),('677','63279','75', NULL),('678','63280','75', NULL),('679','63221','75', NULL),('680','63208','75', NULL),('681','63220','75', NULL),('682','63217','75', NULL),('683','63517','75', NULL),('684','63248','76', NULL),('685','63281','76', NULL),('686','63250','76', NULL),('687','63264','76', NULL),('688','63262','76', NULL),('689','63249','76', NULL),('690','63260','76', NULL),('691','63261','76', NULL),('692','63214','76', NULL),('693','63251','76', NULL),('694','63278','77', NULL),('695','63203','77', NULL),('696','63209','77', NULL),('697','63202','77', NULL),('698','63204','77', NULL),('699','63212','77', NULL),('700','63277','77', NULL),('701','63215','77', NULL),('702','63207','77', NULL),('703','63205','77', NULL),('704','63220','78', NULL),('705','63279','78', NULL),('706','63280','78', NULL),('707','63221','78', NULL),('708','63517','78', NULL),('709','63216','78', NULL),('710','63213','78', NULL),('711','63217','78', NULL),('712','63218','78', NULL),('713','63208','78', NULL),('714','63250','79', NULL),('715','63270','79', NULL),('716','63281','79', NULL),('717','63251','79', NULL),('718','63266','79', NULL),('719','63214','79', NULL),('720','63267','79', NULL),('721','63249','79', NULL),('722','63268','79', NULL),('723','63248','79', NULL),('724','63205','80', NULL),('725','63203','80', NULL),('726','63207','80', NULL),('727','63278','80', NULL),('728','63209','80', NULL),('729','63277','80', NULL),('730','63204','80', NULL),('731','63212','80', NULL),('732','63215','80', NULL),('733','63202','80', NULL),('734','63219','81', NULL),('735','63280','81', NULL),('736','63218','81', NULL),('737','63279','81', NULL),('738','63517','81', NULL),('739','63208','81', NULL),('740','63220','81', NULL),('741','63217','81', NULL),('742','63213','81', NULL),('743','63216','81', NULL),('744','63261','82', NULL),('745','63254','82', NULL),('746','63264','82', NULL),('747','63256','82', NULL),('748','63248','82', NULL),('749','63260','82', NULL),('750','63266','82', NULL),('751','63281','82', NULL),('752','63267','82', NULL),('753','63214','82', NULL),('754','63202','83', NULL),('755','63215','83', NULL),('756','63204','83', NULL),('757','63205','83', NULL),('758','63278','83', NULL),('759','63207','83', NULL),('760','63203','83', NULL),('761','63209','83', NULL),('762','63277','83', NULL),('763','63212','83', NULL),('764','63217','84', NULL),('765','63218','84', NULL),('766','63517','84', NULL),('767','63216','84', NULL),('768','63219','84', NULL),('769','63220','84', NULL),('770','63279','84', NULL),('771','63280','84', NULL),('772','63208','84', NULL),('773','63213','84', NULL),('774','63254','85', NULL),('775','63281','85', NULL),('776','63265','85', NULL),('777','63264','85', NULL),('778','63248','85', NULL),('779','63214','85', NULL),('780','63263','85', NULL),('781','63271','85', NULL),('782','63256','85', NULL),('783','63255','85', NULL),('784','63207','86', NULL),('785','63203','86', NULL),('786','63205','86', NULL),('787','63278','86', NULL),('788','63202','86', NULL),('789','63212','86', NULL),('790','63209','86', NULL),('791','63204','86', NULL),('792','63277','86', NULL),('793','63215','86', NULL),('794','63217','87', NULL),('795','63208','87', NULL),('796','63221','87', NULL),('797','63216','87', NULL),('798','63213','87', NULL),('799','63220','87', NULL),('800','63279','87', NULL),('801','63280','87', NULL),('802','63218','87', NULL),('803','63517','87', NULL),('804','63271','88', NULL),('805','63214','88', NULL),('806','63281','88', NULL),('807','63270','88', NULL),('808','63269','88', NULL),('809','63259','88', NULL),('810','63255','88', NULL),('811','63248','88', NULL),('812','63254','88', NULL),('813','63256','88', NULL),('814','63277','89', NULL),('815','63278','89', NULL),('816','63207','89', NULL),('817','63209','89', NULL),('818','63204','89', NULL),('819','63212','89', NULL),('820','63202','89', NULL),('821','63203','89', NULL),('822','63205','89', NULL),('823','63215','89', NULL),('824','63218','90', NULL),('825','63216','90', NULL),('826','63221','90', NULL),('827','63220','90', NULL),('828','63217','90', NULL),('829','63279','90', NULL),('830','63208','90', NULL),('831','63517','90', NULL),('832','63280','90', NULL),('833','63213','90', NULL),('834','63214','91', NULL),('835','63268','91', NULL),('836','63266','91', NULL),('837','63265','91', NULL),('838','63269','91', NULL),('839','63248','91', NULL),('840','63271','91', NULL),('841','63270','91', NULL),('842','63267','91', NULL),('843','63281','91', NULL),('844','63277','92', NULL),('845','63203','92', NULL),('846','63212','92', NULL),('847','63207','92', NULL),('848','63215','92', NULL),('849','63202','92', NULL),('850','63209','92', NULL),('851','63204','92', NULL),('852','63278','92', NULL),('853','63205','92', NULL),('854','63218','93', NULL),('855','63217','93', NULL),('856','63280','93', NULL),('857','63208','93', NULL),('858','63517','93', NULL),('859','63220','93', NULL),('860','63221','93', NULL),('861','63216','93', NULL),('862','63279','93', NULL),('863','63213','93', NULL),('864','63248','94', NULL),('865','63266','94', NULL),('866','63268','94', NULL),('867','63281','94', NULL),('868','63253','94', NULL),('869','63265','94', NULL),('870','63725','94', NULL),('871','63267','94', NULL),('872','63214','94', NULL),('873','63226','94', NULL),('874','63204','95', NULL),('875','63215','95', NULL),('876','63202','95', NULL),('877','63205','95', NULL),('878','63278','95', NULL),('879','63212','95', NULL),('880','63207','95', NULL),('881','63203','95', NULL),('882','63209','95', NULL),('883','63277','95', NULL),('884','63217','96', NULL),('885','63216','96', NULL),('886','63220','96', NULL),('887','63517','96', NULL),('888','63208','96', NULL),('889','63221','96', NULL),('890','63218','96', NULL),('891','63279','96', NULL),('892','63280','96', NULL),('893','63213','96', NULL),('894','63269','97', NULL),('895','63214','97', NULL),('896','63248','97', NULL),('897','63251','97', NULL),('898','63725','97', NULL),('899','63253','97', NULL),('900','63281','97', NULL),('901','63249','97', NULL),('902','63250','97', NULL),('903','63226','97', NULL),('904','63277','98', NULL),('905','63215','98', NULL),('906','63202','98', NULL),('907','63209','98', NULL),('908','63212','98', NULL),('909','63205','98', NULL),('910','63278','98', NULL),('911','63207','98', NULL),('912','63204','98', NULL),('913','63203','98', NULL),('914','63221','99', NULL),('915','63280','99', NULL),('916','63517','99', NULL),('917','63218','99', NULL),('918','63208','99', NULL),('919','63217','99', NULL),('920','63220','99', NULL),('921','63213','99', NULL),('922','63279','99', NULL),('923','63216','99', NULL),('924','63214','100', NULL),('925','63267','100', NULL),('926','63248','100', NULL),('927','63259','100', NULL),('928','63257','100', NULL),('929','63268','100', NULL),('930','63266','100', NULL),('931','63281','100', NULL),('932','63258','100', NULL),('933','63249','100', NULL),('934','63278','101', NULL),('935','63205','101', NULL),('936','63203','101', NULL),('937','63202','101', NULL),('938','63209','101', NULL),('939','63277','101', NULL),('940','63215','101', NULL),('941','63212','101', NULL),('942','63207','101', NULL),('943','63204','101', NULL),('944','63221','102', NULL),('945','63218','102', NULL),('946','63280','102', NULL),('947','63279','102', NULL),('948','63217','102', NULL),('949','63216','102', NULL),('950','63219','102', NULL),('951','63213','102', NULL),('952','63517','102', NULL),('953','63208','102', NULL),('954','63270','103', NULL),('955','63260','103', NULL),('956','63214','103', NULL),('957','63268','103', NULL),('958','63281','103', NULL),('959','63271','103', NULL),('960','63261','103', NULL),('961','63269','103', NULL),('962','63262','103', NULL),('963','63248','103', NULL),('964','63207','104', NULL),('965','63209','104', NULL),('966','63277','104', NULL),('967','63278','104', NULL),('968','63205','104', NULL),('969','63212','104', NULL),('970','63202','104', NULL),('971','63204','104', NULL),('972','63215','104', NULL),('973','63203','104', NULL),('974','63217','105', NULL),('975','63517','105', NULL),('976','63280','105', NULL),('977','63219','105', NULL),('978','63216','105', NULL),('979','63279','105', NULL),('980','63213','105', NULL),('981','63208','105', NULL),('982','63218','105', NULL),('983','63220','105', NULL),('984','63725','106', NULL),('985','63257','106', NULL),('986','63258','106', NULL),('987','63248','106', NULL),('988','63259','106', NULL),('989','63261','106', NULL),('990','63262','106', NULL),('991','63260','106', NULL),('992','63214','106', NULL),('993','63281','106', NULL),('994','63212','107', NULL),('995','63277','107', NULL),('996','63278','107', NULL),('997','63209','107', NULL),('998','63207','107', NULL),('999','63204','107', NULL),('1000','63215','107', NULL),('1001','63202','107', NULL),('1002','63203','107', NULL),('1003','63205','107', NULL),('1004','63213','108', NULL),('1005','63218','108', NULL),('1006','63279','108', NULL),('1007','63208','108', NULL),('1008','63517','108', NULL),('1009','63216','108', NULL),('1010','63221','108', NULL),('1011','63217','108', NULL),('1012','63280','108', NULL),('1013','63219','108', NULL),('1014','63214','109', NULL),('1015','63248','109', NULL),('1016','63269','109', NULL),('1017','63265','109', NULL),('1018','63263','109', NULL),('1019','63271','109', NULL),('1020','63251','109', NULL),('1021','63281','109', NULL),('1022','63264','109', NULL),('1023','63270','109', NULL),('1024','63278','110', NULL),('1025','63202','110', NULL),('1026','63205','110', NULL),('1027','63204','110', NULL),('1028','63212','110', NULL),('1029','63207','110', NULL),('1030','63215','110', NULL),('1031','63203','110', NULL),('1032','63277','110', NULL),('1033','63209','110', NULL),('1034','63218','111', NULL),('1035','63517','111', NULL),('1036','63217','111', NULL),('1037','63216','111', NULL),('1038','63221','111', NULL),('1039','63280','111', NULL),('1040','63208','111', NULL),('1041','63279','111', NULL),('1042','63213','111', NULL),('1043','63220','111', NULL),('1044','63226','112', NULL),('1045','63269','112', NULL),('1046','63248','112', NULL),('1047','63271','112', NULL),('1048','63270','112', NULL),('1049','63281','112', NULL),('1050','63253','112', NULL),('1051','63214','112', NULL),('1052','63725','112', NULL),('1053','63265','112', NULL),('1054','63203','113', NULL),('1055','63215','113', NULL),('1056','63207','113', NULL),('1057','63202','113', NULL),('1058','63278','113', NULL),('1059','63205','113', NULL),('1060','63204','113', NULL),('1061','63212','113', NULL),('1062','63209','113', NULL),('1063','63277','113', NULL),('1064','63279','114', NULL),('1065','63280','114', NULL),('1066','63218','114', NULL),('1067','63517','114', NULL),('1068','63217','114', NULL),('1069','63216','114', NULL),('1070','63213','114', NULL),('1071','63221','114', NULL),('1072','63220','114', NULL),('1073','63208','114', NULL),('1074','63254','115', NULL),('1075','63725','115', NULL),('1076','63266','115', NULL),('1077','63253','115', NULL),('1078','63267','115', NULL),('1079','63281','115', NULL),('1080','63268','115', NULL),('1081','63226','115', NULL),('1082','63248','115', NULL),('1083','63214','115', NULL),('1084','63204','116', NULL),('1085','63277','116', NULL),('1086','63212','116', NULL),('1087','63215','116', NULL),('1088','63207','116', NULL),('1089','63202','116', NULL),('1090','63205','116', NULL),('1091','63278','116', NULL),('1092','63209','116', NULL),('1093','63203','116', NULL),('1094','63279','117', NULL),('1095','63217','117', NULL),('1096','63208','117', NULL),('1097','63218','117', NULL),('1098','63221','117', NULL),('1099','63280','117', NULL),('1100','63219','117', NULL),('1101','63216','117', NULL),('1102','63517','117', NULL),('1103','63213','117', NULL),('1104','63255','118', NULL),('1105','63281','118', NULL),('1106','63266','118', NULL),('1107','63250','118', NULL),('1108','63251','118', NULL),('1109','63214','118', NULL),('1110','63248','118', NULL),('1111','63268','118', NULL),('1112','63267','118', NULL),('1113','63249','118', NULL),('1114','63202','119', NULL),('1115','63215','119', NULL),('1116','63209','119', NULL),('1117','63277','119', NULL),('1118','63204','119', NULL),('1119','63205','119', NULL),('1120','63278','119', NULL),('1121','63203','119', NULL),('1122','63212','119', NULL),('1123','63207','119', NULL),('1124','63280','120', NULL),('1125','63213','120', NULL),('1126','63221','120', NULL),('1127','63220','120', NULL),('1128','63218','120', NULL),('1129','63208','120', NULL),('1130','63279','120', NULL),('1131','63517','120', NULL),('1132','63217','120', NULL),('1133','63216','120', NULL),('1134','63214','121', NULL),('1135','63281','121', NULL),('1136','63248','121', NULL),('1137','63261','121', NULL),('1138','63260','121', NULL),('1139','63271','121', NULL),('1140','63262','121', NULL),('1141','63258','121', NULL),('1142','63269','121', NULL),('1143','63270','121', NULL),('1144','63278','122', NULL),('1145','63204','122', NULL),('1146','63203','122', NULL),('1147','63277','122', NULL),('1148','63207','122', NULL),('1149','63209','122', NULL),('1150','63212','122', NULL),('1151','63215','122', NULL),('1152','63205','122', NULL),('1153','63202','122', NULL),('1154','63219','123', NULL),('1155','63280','123', NULL),('1156','63279','123', NULL),('1157','63217','123', NULL),('1158','63213','123', NULL),('1159','63208','123', NULL),('1160','63216','123', NULL),('1161','63220','123', NULL),('1162','63517','123', NULL),('1163','63218','123', NULL),('1164','63214','124', NULL),('1165','63270','124', NULL),('1166','63260','124', NULL),('1167','63248','124', NULL),('1168','63254','124', NULL),('1169','63256','124', NULL),('1170','63255','124', NULL),('1171','63269','124', NULL),('1172','63271','124', NULL),('1173','63281','124', NULL),('1174','63205','125', NULL),('1175','63207','125', NULL),('1176','63204','125', NULL),('1177','63277','125', NULL),('1178','63203','125', NULL),('1179','63212','125', NULL),('1180','63202','125', NULL),('1181','63278','125', NULL),('1182','63209','125', NULL),('1183','63215','125', NULL),('1184','63208','126', NULL),('1185','63218','126', NULL),('1186','63217','126', NULL),('1187','63216','126', NULL),('1188','63517','126', NULL),('1189','63220','126', NULL),('1190','63280','126', NULL),('1191','63221','126', NULL),('1192','63213','126', NULL),('1193','63279','126', NULL),('1194','63257','127', NULL),('1195','63281','127', NULL),('1196','63250','127', NULL),('1197','63266','127', NULL),('1198','63267','127', NULL),('1199','63248','127', NULL),('1200','63268','127', NULL),('1201','63251','127', NULL),('1202','63249','127', NULL),('1203','63214','127', NULL),('1204','63277','128', NULL),('1205','63278','128', NULL),('1206','63215','128', NULL),('1207','63207','128', NULL),('1208','63205','128', NULL),('1209','63209','128', NULL),('1210','63212','128', NULL),('1211','63204','128', NULL),('1212','63202','128', NULL),('1213','63203','128', NULL),('1214','63280','129', NULL),('1215','63517','129', NULL),('1216','63216','129', NULL),('1217','63213','129', NULL),('1218','63218','129', NULL),('1219','63217','129', NULL),('1220','63279','129', NULL),('1221','63220','129', NULL),('1222','63208','129', NULL),('1223','63221','129', NULL),('1224','63248','130', NULL),('1225','63214','130', NULL),('1226','63254','130', NULL),('1227','63264','130', NULL),('1228','63255','130', NULL),('1229','63281','130', NULL),('1230','63265','130', NULL),('1231','63253','130', NULL),('1232','63256','130', NULL),('1233','63263','130', NULL),('1234','63277','131', NULL),('1235','63202','131', NULL),('1236','63204','131', NULL),('1237','63205','131', NULL),('1238','63203','131', NULL),('1239','63207','131', NULL),('1240','63215','131', NULL),('1241','63278','131', NULL),('1242','63209','131', NULL),('1243','63212','131', NULL),('1244','63280','132', NULL),('1245','63279','132', NULL),('1246','63208','132', NULL),('1247','63221','132', NULL),('1248','63517','132', NULL),('1249','63218','132', NULL),('1250','63213','132', NULL),('1251','63220','132', NULL),('1252','63217','132', NULL),('1253','63216','132', NULL),('1254','63226','133', NULL),('1255','63260','133', NULL),('1256','63256','133', NULL),('1257','63259','133', NULL),('1258','63269','133', NULL),('1259','63268','133', NULL),('1260','63248','133', NULL),('1261','63214','133', NULL),('1262','63271','133', NULL),('1263','63281','133', NULL),('1264','63278','134', NULL),('1265','63207','134', NULL),('1266','63215','134', NULL),('1267','63202','134', NULL),('1268','63203','134', NULL),('1269','63205','134', NULL),('1270','63212','134', NULL),('1271','63204','134', NULL),('1272','63277','134', NULL),('1273','63209','134', NULL),('1274','63218','135', NULL),('1275','63208','135', NULL),('1276','63216','135', NULL),('1277','63220','135', NULL),('1278','63221','135', NULL),('1279','63279','135', NULL),('1280','63280','135', NULL),('1281','63213','135', NULL),('1282','63517','135', NULL),('1283','63217','135', NULL),('1284','63269','136', NULL),('1285','63251','136', NULL),('1286','63281','136', NULL),('1287','63249','136', NULL),('1288','63270','136', NULL),('1289','63250','136', NULL),('1290','63271','136', NULL),('1291','63214','136', NULL),('1292','63260','136', NULL),('1293','63248','136', NULL),('1294','63277','137', NULL),('1295','63205','137', NULL),('1296','63204','137', NULL),('1297','63278','137', NULL),('1298','63209','137', NULL),('1299','63202','137', NULL),('1300','63207','137', NULL),('1301','63215','137', NULL),('1302','63212','137', NULL),('1303','63203','137', NULL),('1304','63280','138', NULL),('1305','63213','138', NULL),('1306','63218','138', NULL),('1307','63221','138', NULL),('1308','63219','138', NULL),('1309','63216','138', NULL),('1310','63517','138', NULL),('1311','63279','138', NULL),('1312','63208','138', NULL),('1313','63217','138', NULL),('1314','63248','139', NULL),('1315','63255','139', NULL),('1316','63281','139', NULL),('1317','63254','139', NULL),('1318','63260','139', NULL),('1319','63256','139', NULL),('1320','63250','139', NULL),('1321','63262','139', NULL),('1322','63214','139', NULL),('1323','63261','139', NULL),('1324','63202','140', NULL),('1325','63203','140', NULL),('1326','63204','140', NULL),('1327','63205','140', NULL),('1328','63277','140', NULL),('1329','63209','140', NULL),('1330','63278','140', NULL),('1331','63212','140', NULL),('1332','63207','140', NULL),('1333','63215','140', NULL),('1334','63208','141', NULL),('1335','63217','141', NULL),('1336','63280','141', NULL),('1337','63279','141', NULL),('1338','63218','141', NULL),('1339','63517','141', NULL),('1340','63213','141', NULL),('1341','63220','141', NULL),('1342','63219','141', NULL),('1343','63216','141', NULL),('1344','63248','142', NULL),('1345','63254','142', NULL),('1346','63264','142', NULL),('1347','63214','142', NULL),('1348','63256','142', NULL),('1349','63271','142', NULL),('1350','63270','142', NULL),('1351','63281','142', NULL),('1352','63269','142', NULL),('1353','63255','142', NULL),('1354','63209','143', NULL),('1355','63203','143', NULL),('1356','63215','143', NULL),('1357','63278','143', NULL),('1358','63207','143', NULL),('1359','63204','143', NULL),('1360','63202','143', NULL),('1361','63205','143', NULL),('1362','63277','143', NULL),('1363','63212','143', NULL),('1364','63217','144', NULL),('1365','63213','144', NULL),('1366','63216','144', NULL),('1367','63218','144', NULL),('1368','63220','144', NULL),('1369','63221','144', NULL),('1370','63517','144', NULL),('1371','63279','144', NULL),('1372','63280','144', NULL),('1373','63208','144', NULL),('1374','63259','145', NULL),('1375','63255','145', NULL),('1376','63254','145', NULL),('1377','63256','145', NULL),('1378','63248','145', NULL),('1379','63281','145', NULL),('1380','63214','145', NULL),('1381','63258','145', NULL),('1382','63263','145', NULL),('1383','63257','145', NULL),('1384','63212','146', NULL),('1385','63203','146', NULL),('1386','63202','146', NULL),('1387','63277','146', NULL),('1388','63205','146', NULL),('1389','63278','146', NULL),('1390','63215','146', NULL),('1391','63209','146', NULL),('1392','63204','146', NULL),('1393','63207','146', NULL),('1394','63221','147', NULL),('1395','63217','147', NULL),('1396','63208','147', NULL),('1397','63279','147', NULL),('1398','63220','147', NULL),('1399','63280','147', NULL),('1400','63218','147', NULL),('1401','63213','147', NULL),('1402','63216','147', NULL),('1403','63517','147', NULL),('1404','63262','148', NULL),('1405','63248','148', NULL),('1406','63255','148', NULL),('1407','63259','148', NULL),('1408','63214','148', NULL),('1409','63258','148', NULL),('1410','63257','148', NULL),('1411','63260','148', NULL),('1412','63261','148', NULL),('1413','63281','148', NULL),('1414','63215','149', NULL),('1415','63204','149', NULL),('1416','63205','149', NULL),('1417','63202','149', NULL),('1418','63212','149', NULL),('1419','63207','149', NULL),('1420','63278','149', NULL),('1421','63203','149', NULL),('1422','63209','149', NULL),('1423','63277','149', NULL),('1424','63280','150', NULL),('1425','63217','150', NULL),('1426','63220','150', NULL),('1427','63218','150', NULL),('1428','63208','150', NULL),('1429','63219','150', NULL),('1430','63213','150', NULL),('1431','63279','150', NULL),('1432','63216','150', NULL),('1433','63517','150', NULL),('1434','63264','151', NULL),('1435','63248','151', NULL),('1436','63281','151', NULL),('1437','63261','151', NULL),('1438','63265','151', NULL),('1439','63267','151', NULL),('1440','63263','151', NULL),('1441','63214','151', NULL),('1442','63268','151', NULL),('1443','63266','151', NULL),('1444','63278','152', NULL),('1445','63203','152', NULL),('1446','63205','152', NULL),('1447','63277','152', NULL),('1448','63207','152', NULL),('1449','63209','152', NULL),('1450','63202','152', NULL),('1451','63212','152', NULL),('1452','63215','152', NULL),('1453','63204','152', NULL),('1454','63218','153', NULL),('1455','63208','153', NULL),('1456','63216','153', NULL),('1457','63280','153', NULL),('1458','63517','153', NULL),('1459','63217','153', NULL),('1460','63221','153', NULL),('1461','63213','153', NULL),('1462','63219','153', NULL),('1463','63279','153', NULL),('1464','63267','154', NULL),('1465','63268','154', NULL),('1466','63265','154', NULL),('1467','63281','154', NULL),('1468','63214','154', NULL),('1469','63248','154', NULL),('1470','63266','154', NULL),('1471','63264','154', NULL),('1472','63263','154', NULL),('1473','63253','154', NULL),('1474','63209','155', NULL),('1475','63204','155', NULL),('1476','63202','155', NULL),('1477','63215','155', NULL),('1478','63212','155', NULL),('1479','63207','155', NULL),('1480','63205','155', NULL),('1481','63277','155', NULL),('1482','63203','155', NULL),('1483','63278','155', NULL),('1484','63280','156', NULL),('1485','63279','156', NULL),('1486','63219','156', NULL),('1487','63218','156', NULL),('1488','63217','156', NULL),('1489','63208','156', NULL),('1490','63517','156', NULL),('1491','63216','156', NULL),('1492','63221','156', NULL),('1493','63213','156', NULL),('1494','63255','157', NULL),('1495','63258','157', NULL),('1496','63271','157', NULL),('1497','63259','157', NULL),('1498','63226','157', NULL),('1499','63254','157', NULL),('1500','63249','157', NULL),('1501','63281','157', NULL),('1502','63214','157', NULL),('1503','63248','157', NULL),('1504','63277','158', NULL),('1505','63204','158', NULL),('1506','63207','158', NULL),('1507','63203','158', NULL),('1508','63205','158', NULL),('1509','63202','158', NULL),('1510','63278','158', NULL),('1511','63215','158', NULL),('1512','63209','158', NULL),('1513','63212','158', NULL),('1514','63218','159', NULL),('1515','63517','159', NULL),('1516','63216','159', NULL),('1517','63213','159', NULL),('1518','63219','159', NULL),('1519','63280','159', NULL),('1520','63217','159', NULL),('1521','63279','159', NULL),('1522','63208','159', NULL),('1523','63221','159', NULL),('1524','63270','160', NULL),('1525','63269','160', NULL),('1526','63271','160', NULL),('1527','63257','160', NULL),('1528','63214','160', NULL),('1529','63259','160', NULL),('1530','63281','160', NULL),('1531','63248','160', NULL),('1532','63254','160', NULL),('1533','63258','160', NULL),('1534','63215','161', NULL),('1535','63278','161', NULL),('1536','63207','161', NULL),('1537','63205','161', NULL),('1538','63209','161', NULL),('1539','63277','161', NULL),('1540','63204','161', NULL),('1541','63202','161', NULL),('1542','63212','161', NULL),('1543','63203','161', NULL),('1544','63280','162', NULL),('1545','63213','162', NULL),('1546','63517','162', NULL),('1547','63279','162', NULL),('1548','63220','162', NULL),('1549','63221','162', NULL),('1550','63218','162', NULL),('1551','63216','162', NULL),('1552','63208','162', NULL),('1553','63217','162', NULL),('1554','63214','163', NULL),('1555','63270','163', NULL),('1556','63264','163', NULL),('1557','63263','163', NULL),('1558','63265','163', NULL),('1559','63262','163', NULL),('1560','63269','163', NULL),('1561','63281','163', NULL),('1562','63248','163', NULL),('1563','63271','163', NULL),('1564','63215','164', NULL),('1565','63278','164', NULL),('1566','63204','164', NULL),('1567','63205','164', NULL),('1568','63203','164', NULL),('1569','63209','164', NULL),('1570','63212','164', NULL),('1571','63202','164', NULL),('1572','63277','164', NULL),('1573','63207','164', NULL),('1574','63220','165', NULL),('1575','63280','165', NULL),('1576','63217','165', NULL),('1577','63216','165', NULL),('1578','63219','165', NULL),('1579','63218','165', NULL),('1580','63208','165', NULL),('1581','63213','165', NULL),('1582','63279','165', NULL),('1583','63517','165', NULL),('1584','63249','166', NULL),('1585','63248','166', NULL),('1586','63261','166', NULL),('1587','63250','166', NULL),('1588','63214','166', NULL),('1589','63262','166', NULL),('1590','63260','166', NULL),('1591','63281','166', NULL),('1592','63259','166', NULL),('1593','63251','166', NULL),('1594','63209','167', NULL),('1595','63203','167', NULL),('1596','63205','167', NULL),('1597','63202','167', NULL),('1598','63204','167', NULL),('1599','63215','167', NULL),('1600','63207','167', NULL),('1601','63277','167', NULL),('1602','63278','167', NULL),('1603','63212','167', NULL),('1604','63220','168', NULL),('1605','63218','168', NULL),('1606','63217','168', NULL),('1607','63208','168', NULL),('1608','63216','168', NULL),('1609','63279','168', NULL),('1610','63221','168', NULL),('1611','63280','168', NULL),('1612','63213','168', NULL),('1613','63517','168', NULL),('1614','63257','169', NULL),('1615','63251','169', NULL),('1616','63214','169', NULL),('1617','63266','169', NULL),('1618','63268','169', NULL),('1619','63267','169', NULL),('1620','63281','169', NULL),('1621','63258','169', NULL),('1622','63259','169', NULL),('1623','63248','169', NULL),('1624','63207','170', NULL),('1625','63209','170', NULL),('1626','63277','170', NULL),('1627','63203','170', NULL),('1628','63204','170', NULL),('1629','63202','170', NULL),('1630','63278','170', NULL),('1631','63212','170', NULL),('1632','63215','170', NULL),('1633','63205','170', NULL),('1634','63217','171', NULL),('1635','63279','171', NULL),('1636','63213','171', NULL),('1637','63280','171', NULL),('1638','63517','171', NULL),('1639','63221','171', NULL),('1640','63218','171', NULL),('1641','63216','171', NULL),('1642','63220','171', NULL),('1643','63208','171', NULL),('1644','63255','172', NULL),('1645','63256','172', NULL),('1646','63251','172', NULL),('1647','63214','172', NULL),('1648','63265','172', NULL),('1649','63264','172', NULL),('1650','63248','172', NULL),('1651','63263','172', NULL),('1652','63281','172', NULL),('1653','63254','172', NULL),('1654','63277','173', NULL),('1655','63207','173', NULL),('1656','63212','173', NULL),('1657','63205','173', NULL),('1658','63215','173', NULL),('1659','63209','173', NULL),('1660','63202','173', NULL),('1661','63203','173', NULL),('1662','63278','173', NULL),('1663','63204','173', NULL),('1664','63217','174', NULL),('1665','63280','174', NULL),('1666','63517','174', NULL),('1667','63279','174', NULL),('1668','63219','174', NULL),('1669','63218','174', NULL),('1670','63220','174', NULL),('1671','63213','174', NULL),('1672','63216','174', NULL),('1673','63208','174', NULL),('1674','63253','175', NULL),('1675','63264','175', NULL),('1676','63725','175', NULL),('1677','63267','175', NULL),('1678','63268','175', NULL),('1679','63248','175', NULL),('1680','63214','175', NULL),('1681','63226','175', NULL),('1682','63266','175', NULL),('1683','63281','175', NULL),('1684','63204','176', NULL),('1685','63203','176', NULL),('1686','63207','176', NULL),('1687','63205','176', NULL),('1688','63209','176', NULL),('1689','63278','176', NULL),('1690','63215','176', NULL),('1691','63202','176', NULL),('1692','63277','176', NULL),('1693','63212','176', NULL),('1694','63216','177', NULL),('1695','63219','177', NULL),('1696','63217','177', NULL),('1697','63279','177', NULL),('1698','63517','177', NULL),('1699','63208','177', NULL),('1700','63220','177', NULL),('1701','63213','177', NULL),('1702','63280','177', NULL),('1703','63218','177', NULL),('1704','63249','178', NULL),('1705','63258','178', NULL),('1706','63281','178', NULL),('1707','63214','178', NULL),('1708','63250','178', NULL),('1709','63255','178', NULL),('1710','63248','178', NULL),('1711','63251','178', NULL),('1712','63254','178', NULL),('1713','63256','178', NULL),('1714','63203','179', NULL),('1715','63207','179', NULL),('1716','63212','179', NULL),('1717','63209','179', NULL),('1718','63215','179', NULL),('1719','63202','179', NULL),('1720','63278','179', NULL),('1721','63205','179', NULL),('1722','63204','179', NULL),('1723','63277','179', NULL),('1724','63217','180', NULL),('1725','63219','180', NULL),('1726','63213','180', NULL),('1727','63208','180', NULL),('1728','63280','180', NULL),('1729','63216','180', NULL),('1730','63517','180', NULL),('1731','63218','180', NULL),('1732','63279','180', NULL),('1733','63221','180', NULL),('1734','63725','181', NULL),('1735','63267','181', NULL),('1736','63266','181', NULL),('1737','63253','181', NULL),('1738','63281','181', NULL),('1739','63214','181', NULL),('1740','63254','181', NULL),('1741','63248','181', NULL),('1742','63249','181', NULL),('1743','63262','181', NULL),('1744','63212','182', NULL),('1745','63278','182', NULL),('1746','63215','182', NULL),('1747','63203','182', NULL),('1748','63277','182', NULL),('1749','63205','182', NULL),('1750','63209','182', NULL),('1751','63202','182', NULL),('1752','63207','182', NULL),('1753','63204','182', NULL),('1754','63517','183', NULL),('1755','63220','183', NULL),('1756','63213','183', NULL),('1757','63279','183', NULL),('1758','63218','183', NULL),('1759','63216','183', NULL),('1760','63208','183', NULL),('1761','63221','183', NULL),('1762','63217','183', NULL),('1763','63280','183', NULL),('1764','63248','184', NULL),('1765','63725','184', NULL),('1766','63226','184', NULL),('1767','63262','184', NULL),('1768','63281','184', NULL),('1769','63263','184', NULL),('1770','63264','184', NULL),('1771','63265','184', NULL),('1772','63214','184', NULL),('1773','63253','184', NULL),('1774','63212','185', NULL),('1775','63215','185', NULL),('1776','63203','185', NULL),('1777','63209','185', NULL),('1778','63202','185', NULL),('1779','63207','185', NULL),('1780','63277','185', NULL),('1781','63204','185', NULL),('1782','63278','185', NULL),('1783','63205','185', NULL),('1784','63217','186', NULL),('1785','63213','186', NULL),('1786','63279','186', NULL),('1787','63221','186', NULL),('1788','63280','186', NULL),('1789','63517','186', NULL),('1790','63208','186', NULL),('1791','63218','186', NULL),('1792','63220','186', NULL),('1793','63216','186', NULL),('1794','63214','187', NULL),('1795','63248','187', NULL),('1796','63266','187', NULL),('1797','63725','187', NULL),('1798','63281','187', NULL),('1799','63263','187', NULL),('1800','63253','187', NULL),('1801','63268','187', NULL),('1802','63226','187', NULL),('1803','63267','187', NULL),('1804','63202','188', NULL),('1805','63209','188', NULL),('1806','63207','188', NULL),('1807','63205','188', NULL),('1808','63277','188', NULL),('1809','63278','188', NULL),('1810','63203','188', NULL),('1811','63204','188', NULL),('1812','63212','188', NULL),('1813','63215','188', NULL),('1814','63213','189', NULL),('1815','63517','189', NULL),('1816','63217','189', NULL),('1817','63216','189', NULL),('1818','63219','189', NULL),('1819','63208','189', NULL),('1820','63279','189', NULL),('1821','63280','189', NULL),('1822','63220','189', NULL),('1823','63218','189', NULL),('1824','63214','190', NULL),('1825','63266','190', NULL),('1826','63259','190', NULL),('1827','63281','190', NULL),('1828','63270','190', NULL),('1829','63268','190', NULL),('1830','63267','190', NULL),('1831','63258','190', NULL),('1832','63257','190', NULL),('1833','63248','190', NULL),('1834','63204','191', NULL),('1835','63203','191', NULL),('1836','63215','191', NULL),('1837','63205','191', NULL),('1838','63202','191', NULL),('1839','63212','191', NULL),('1840','63278','191', NULL),('1841','63209','191', NULL),('1842','63207','191', NULL),('1843','63277','191', NULL),('1844','63279','192', NULL),('1845','63217','192', NULL),('1846','63220','192', NULL),('1847','63216','192', NULL),('1848','63213','192', NULL),('1849','63280','192', NULL),('1850','63208','192', NULL),('1851','63517','192', NULL),('1852','63218','192', NULL),('1853','63221','192', NULL),('1854','63248','193', NULL),('1855','63214','193', NULL),('1856','63281','193', NULL),('1857','63264','193', NULL),('1858','63268','193', NULL),('1859','63263','193', NULL),('1860','63265','193', NULL),('1861','63266','193', NULL),('1862','63267','193', NULL),('1863','63260','193', NULL),('1864','63215','194', NULL),('1865','63209','194', NULL),('1866','63212','194', NULL),('1867','63203','194', NULL),('1868','63204','194', NULL),('1869','63202','194', NULL),('1870','63277','194', NULL),('1871','63278','194', NULL),('1872','63207','194', NULL),('1873','63205','194', NULL),('1874','63219','195', NULL),('1875','63216','195', NULL),('1876','63280','195', NULL),('1877','63213','195', NULL),('1878','63208','195', NULL),('1879','63218','195', NULL),('1880','63217','195', NULL),('1881','63220','195', NULL),('1882','63279','195', NULL),('1883','63517','195', NULL),('1884','63214','196', NULL),('1885','63250','196', NULL),('1886','63261','196', NULL),('1887','63260','196', NULL),('1888','63249','196', NULL),('1889','63262','196', NULL),('1890','63248','196', NULL),('1891','63251','196', NULL),('1892','63281','196', NULL),('1893','63263','196', NULL),('1894','63212','197', NULL),('1895','63203','197', NULL),('1896','63202','197', NULL),('1897','63277','197', NULL),('1898','63207','197', NULL),('1899','63209','197', NULL),('1900','63204','197', NULL),('1901','63278','197', NULL),('1902','63205','197', NULL),('1903','63215','197', NULL),('1904','63218','198', NULL),('1905','63208','198', NULL),('1906','63216','198', NULL),('1907','63217','198', NULL),('1908','63221','198', NULL),('1909','63280','198', NULL),('1910','63517','198', NULL),('1911','63279','198', NULL),('1912','63213','198', NULL),('1913','63220','198', NULL),('1914','63248','199', NULL),('1915','63264','199', NULL),('1916','63214','199', NULL),('1917','63265','199', NULL),('1918','63266','199', NULL),('1919','63281','199', NULL),('1920','63271','199', NULL),('1921','63268','199', NULL),('1922','63267','199', NULL),('1923','63263','199', NULL),('1924','63207','200', NULL),('1925','63209','200', NULL),('1926','63203','200', NULL),('1927','63277','200', NULL),('1928','63215','200', NULL),('1929','63278','200', NULL),('1930','63204','200', NULL),('1931','63205','200', NULL),('1932','63202','200', NULL),('1933','63212','200', NULL),('1934','63279','201', NULL),('1935','63221','201', NULL),('1936','63220','201', NULL),('1937','63280','201', NULL),('1938','63217','201', NULL),('1939','63216','201', NULL),('1940','63517','201', NULL),('1941','63208','201', NULL),('1942','63218','201', NULL),('1943','63213','201', NULL),('1944','63258','202', NULL),('1945','63248','202', NULL),('1946','63266','202', NULL),('1947','63281','202', NULL),('1948','63257','202', NULL),('1949','63265','202', NULL),('1950','63263','202', NULL),('1951','63264','202', NULL),('1952','63214','202', NULL),('1953','63259','202', NULL),('1954','63207','203', NULL),('1955','63202','203', NULL),('1956','63205','203', NULL),('1957','63212','203', NULL),('1958','63277','203', NULL),('1959','63215','203', NULL),('1960','63209','203', NULL),('1961','63204','203', NULL),('1962','63203','203', NULL),('1963','63278','203', NULL),('1964','63219','204', NULL),('1965','63216','204', NULL),('1966','63221','204', NULL),('1967','63213','204', NULL),('1968','63280','204', NULL),('1969','63517','204', NULL),('1970','63217','204', NULL),('1971','63208','204', NULL),('1972','63279','204', NULL),('1973','63218','204', NULL),('1974','63264','205', NULL),('1975','63259','205', NULL),('1976','63257','205', NULL),('1977','63214','205', NULL),('1978','63249','205', NULL),('1979','63248','205', NULL),('1980','63265','205', NULL),('1981','63263','205', NULL),('1982','63281','205', NULL),('1983','63258','205', NULL),('1984','63215','206', NULL),('1985','63205','206', NULL),('1986','63204','206', NULL),('1987','63277','206', NULL),('1988','63207','206', NULL),('1989','63202','206', NULL),('1990','63278','206', NULL),('1991','63203','206', NULL),('1992','63209','206', NULL),('1993','63212','206', NULL),('1994','63279','207', NULL),('1995','63213','207', NULL),('1996','63220','207', NULL),('1997','63517','207', NULL),('1998','63208','207', NULL),('1999','63218','207', NULL),('2000','63221','207', NULL),('2001','63216','207', NULL),('2002','63217','207', NULL),('2003','63280','207', NULL),('2004','63254','208', NULL),('2005','63250','208', NULL),('2006','63249','208', NULL),('2007','63281','208', NULL),('2008','63248','208', NULL),('2009','63255','208', NULL),('2010','63256','208', NULL),('2011','63214','208', NULL),('2012','63251','208', NULL),('2013','63271','208', NULL),('2014','63207','209', NULL),('2015','63212','209', NULL),('2016','63202','209', NULL),('2017','63204','209', NULL),('2018','63278','209', NULL),('2019','63203','209', NULL),('2020','63215','209', NULL),('2021','63277','209', NULL),('2022','63209','209', NULL),('2023','63205','209', NULL),('2024','63221','210', NULL),('2025','63213','210', NULL),('2026','63279','210', NULL),('2027','63280','210', NULL),('2028','63208','210', NULL),('2029','63219','210', NULL),('2030','63216','210', NULL),('2031','63218','210', NULL),('2032','63217','210', NULL),('2033','63517','210', NULL),('2034','63262','211', NULL),('2035','63253','211', NULL),('2036','63248','211', NULL),('2037','63281','211', NULL),('2038','63214','211', NULL),('2039','63226','211', NULL),('2040','63725','211', NULL),('2041','63261','211', NULL),('2042','63255','211', NULL),('2043','63260','211', NULL),('2044','63209','212', NULL),('2045','63202','212', NULL),('2046','63204','212', NULL),('2047','63277','212', NULL),('2048','63205','212', NULL),('2049','63278','212', NULL),('2050','63212','212', NULL),('2051','63203','212', NULL),('2052','63215','212', NULL),('2053','63207','212', NULL),('2054','63216','213', NULL),('2055','63279','213', NULL),('2056','63208','213', NULL),('2057','63213','213', NULL),('2058','63219','213', NULL),('2059','63280','213', NULL),('2060','63517','213', NULL),('2061','63217','213', NULL),('2062','63221','213', NULL),('2063','63218','213', NULL),('2064','63270','214', NULL),('2065','63248','214', NULL),('2066','63281','214', NULL),('2067','63214','214', NULL),('2068','63251','214', NULL),('2069','63271','214', NULL),('2070','63253','214', NULL),('2071','63226','214', NULL),('2072','63269','214', NULL),('2073','63725','214', NULL),('2074','63212','215', NULL),('2075','63209','215', NULL),('2076','63205','215', NULL),('2077','63203','215', NULL),('2078','63207','215', NULL),('2079','63277','215', NULL),('2080','63278','215', NULL),('2081','63204','215', NULL),('2082','63215','215', NULL),('2083','63202','215', NULL),('2084','63279','216', NULL),('2085','63216','216', NULL),('2086','63217','216', NULL),('2087','63219','216', NULL),('2088','63213','216', NULL),('2089','63208','216', NULL),('2090','63280','216', NULL),('2091','63218','216', NULL),('2092','63517','216', NULL),('2093','63220','216', NULL),('2094','63262','217', NULL),('2095','63257','217', NULL),('2096','63258','217', NULL),('2097','63266','217', NULL),('2098','63270','217', NULL),('2099','63214','217', NULL),('2100','63248','217', NULL),('2101','63281','217', NULL),('2102','63265','217', NULL),('2103','63264','217', NULL),('2104','63215','218', NULL),('2105','63277','218', NULL),('2106','63202','218', NULL),('2107','63207','218', NULL),('2108','63209','218', NULL),('2109','63278','218', NULL),('2110','63212','218', NULL),('2111','63204','218', NULL),('2112','63203','218', NULL),('2113','63205','218', NULL),('2114','63208','219', NULL),('2115','63213','219', NULL),('2116','63517','219', NULL),('2117','63280','219', NULL),('2118','63279','219', NULL),('2119','63216','219', NULL),('2120','63221','219', NULL),('2121','63219','219', NULL),('2122','63218','219', NULL),('2123','63217','219', NULL),('2124','63281','220', NULL),('2125','63266','220', NULL),('2126','63253','220', NULL),('2127','63725','220', NULL),('2128','63226','220', NULL),('2129','63214','220', NULL),('2130','63267','220', NULL),('2131','63268','220', NULL),('2132','63248','220', NULL),('2133','63262','220', NULL),('2134','63212','221', NULL),('2135','63278','221', NULL),('2136','63215','221', NULL),('2137','63277','221', NULL),('2138','63209','221', NULL),('2139','63203','221', NULL),('2140','63202','221', NULL),('2141','63205','221', NULL),('2142','63204','221', NULL),('2143','63207','221', NULL),('2144','63213','222', NULL),('2145','63217','222', NULL),('2146','63279','222', NULL),('2147','63216','222', NULL),('2148','63219','222', NULL),('2149','63218','222', NULL),('2150','63517','222', NULL),('2151','63280','222', NULL),('2152','63208','222', NULL),('2153','63220','222', NULL),('2154','63262','223', NULL),('2155','63214','223', NULL),('2156','63281','223', NULL),('2157','63266','223', NULL),('2158','63268','223', NULL),('2159','63264','223', NULL),('2160','63261','223', NULL),('2161','63267','223', NULL),('2162','63248','223', NULL),('2163','63260','223', NULL),('2164','63203','224', NULL),('2165','63277','224', NULL),('2166','63204','224', NULL),('2167','63202','224', NULL),('2168','63205','224', NULL),('2169','63209','224', NULL),('2170','63215','224', NULL),('2171','63212','224', NULL),('2172','63278','224', NULL),('2173','63207','224', NULL),('2174','63280','225', NULL),('2175','63279','225', NULL),('2176','63217','225', NULL),('2177','63208','225', NULL),('2178','63220','225', NULL),('2179','63216','225', NULL),('2180','63517','225', NULL),('2181','63218','225', NULL),('2182','63213','225', NULL),('2183','63221','225', NULL),('2184','63258','226', NULL),('2185','63257','226', NULL),('2186','63281','226', NULL),('2187','63248','226', NULL),('2188','63250','226', NULL),('2189','63262','226', NULL),('2190','63251','226', NULL),('2191','63249','226', NULL),('2192','63259','226', NULL),('2193','63214','226', NULL),('2194','63202','227', NULL),('2195','63203','227', NULL),('2196','63278','227', NULL),('2197','63205','227', NULL),('2198','63277','227', NULL),('2199','63207','227', NULL),('2200','63204','227', NULL),('2201','63212','227', NULL),('2202','63209','227', NULL),('2203','63215','227', NULL),('2204','63517','228', NULL),('2205','63208','228', NULL),('2206','63219','228', NULL),('2207','63217','228', NULL),('2208','63220','228', NULL),('2209','63218','228', NULL),('2210','63279','228', NULL),('2211','63216','228', NULL),('2212','63280','228', NULL),('2213','63213','228', NULL),('2214','63255','229', NULL),('2215','63257','229', NULL),('2216','63256','229', NULL),('2217','63281','229', NULL),('2218','63258','229', NULL),('2219','63248','229', NULL),('2220','63254','229', NULL),('2221','63259','229', NULL),('2222','63267','229', NULL),('2223','63214','229', NULL),('2224','63215','230', NULL),('2225','63207','230', NULL),('2226','63204','230', NULL),('2227','63212','230', NULL),('2228','63203','230', NULL),('2229','63277','230', NULL),('2230','63205','230', NULL),('2231','63278','230', NULL),('2232','63202','230', NULL),('2233','63209','230', NULL),('2234','63279','231', NULL),('2235','63218','231', NULL),('2236','63219','231', NULL),('2237','63221','231', NULL),('2238','63216','231', NULL),('2239','63208','231', NULL),('2240','63280','231', NULL),('2241','63213','231', NULL),('2242','63217','231', NULL),('2243','63517','231', NULL),('2244','63248','232', NULL),('2245','63214','232', NULL),('2246','63258','232', NULL),('2247','63271','232', NULL),('2248','63269','232', NULL),('2249','63281','232', NULL),('2250','63261','232', NULL),('2251','63270','232', NULL),('2252','63257','232', NULL),('2253','63259','232', NULL),('2254','63277','233', NULL),('2255','63215','233', NULL),('2256','63202','233', NULL),('2257','63207','233', NULL),('2258','63204','233', NULL),('2259','63203','233', NULL),('2260','63212','233', NULL),('2261','63205','233', NULL),('2262','63209','233', NULL),('2263','63278','233', NULL),('2264','63216','234', NULL),('2265','63220','234', NULL),('2266','63517','234', NULL),('2267','63279','234', NULL),('2268','63221','234', NULL),('2269','63208','234', NULL),('2270','63217','234', NULL),('2271','63213','234', NULL),('2272','63218','234', NULL),('2273','63280','234', NULL),('2274','63257','235', NULL),('2275','63258','235', NULL),('2276','63259','235', NULL),('2277','63268','235', NULL),('2278','63281','235', NULL),('2279','63226','235', NULL),('2280','63214','235', NULL),('2281','63266','235', NULL),('2282','63267','235', NULL),('2283','63248','235', NULL),('2284','63205','236', NULL),('2285','63277','236', NULL),('2286','63202','236', NULL),('2287','63207','236', NULL),('2288','63203','236', NULL),('2289','63215','236', NULL),('2290','63278','236', NULL),('2291','63204','236', NULL),('2292','63212','236', NULL),('2293','63209','236', NULL),('2294','63218','237', NULL),('2295','63280','237', NULL),('2296','63213','237', NULL),('2297','63220','237', NULL),('2298','63219','237', NULL),('2299','63517','237', NULL),('2300','63279','237', NULL),('2301','63208','237', NULL),('2302','63217','237', NULL),('2303','63216','237', NULL),('2304','63255','238', NULL),('2305','63248','238', NULL),('2306','63265','238', NULL),('2307','63263','238', NULL),('2308','63256','238', NULL),('2309','63281','238', NULL),('2310','63266','238', NULL),('2311','63214','238', NULL),('2312','63264','238', NULL),('2313','63254','238', NULL),('2314','63202','239', NULL),('2315','63278','239', NULL),('2316','63215','239', NULL),('2317','63205','239', NULL),('2318','63212','239', NULL),('2319','63209','239', NULL),('2320','63207','239', NULL),('2321','63203','239', NULL),('2322','63204','239', NULL),('2323','63277','239', NULL),('2324','63517','240', NULL),('2325','63213','240', NULL),('2326','63279','240', NULL),('2327','63218','240', NULL),('2328','63216','240', NULL),('2329','63217','240', NULL),('2330','63221','240', NULL),('2331','63280','240', NULL),('2332','63219','240', NULL),('2333','63208','240', NULL),('2334','63261','241', NULL),('2335','63281','241', NULL),('2336','63260','241', NULL),('2337','63271','241', NULL),('2338','63248','241', NULL),('2339','63262','241', NULL),('2340','63269','241', NULL),('2341','63214','241', NULL),('2342','63270','241', NULL),('2343','63226','241', NULL),('2344','63205','242', NULL),('2345','63212','242', NULL),('2346','63215','242', NULL),('2347','63209','242', NULL),('2348','63203','242', NULL),('2349','63207','242', NULL),('2350','63278','242', NULL),('2351','63202','242', NULL),('2352','63204','242', NULL),('2353','63277','242', NULL),('2354','63213','243', NULL),('2355','63219','243', NULL),('2356','63217','243', NULL),('2357','63279','243', NULL),('2358','63218','243', NULL),('2359','63280','243', NULL),('2360','63216','243', NULL),('2361','63221','243', NULL),('2362','63208','243', NULL),('2363','63517','243', NULL),('2364','63262','244', NULL),('2365','63214','244', NULL),('2366','63269','244', NULL),('2367','63268','244', NULL),('2368','63256','244', NULL),('2369','63267','244', NULL),('2370','63281','244', NULL),('2371','63226','244', NULL),('2372','63248','244', NULL),('2373','63249','244', NULL),('2374','63278','245', NULL),('2375','63209','245', NULL),('2376','63204','245', NULL),('2377','63202','245', NULL),('2378','63207','245', NULL),('2379','63205','245', NULL),('2380','63277','245', NULL),('2381','63212','245', NULL),('2382','63215','245', NULL),('2383','63203','245', NULL),('2384','63221','246', NULL),('2385','63218','246', NULL),('2386','63220','246', NULL),('2387','63280','246', NULL),('2388','63517','246', NULL),('2389','63217','246', NULL),('2390','63213','246', NULL),('2391','63208','246', NULL),('2392','63216','246', NULL),('2393','63279','246', NULL),('2394','63262','247', NULL),('2395','63725','247', NULL),('2396','63261','247', NULL),('2397','63248','247', NULL),('2398','63253','247', NULL),('2399','63264','247', NULL),('2400','63281','247', NULL),('2401','63214','247', NULL),('2402','63268','247', NULL),('2403','63271','247', NULL),('2404','63215','248', NULL),('2405','63205','248', NULL),('2406','63203','248', NULL),('2407','63202','248', NULL),('2408','63277','248', NULL),('2409','63212','248', NULL),('2410','63209','248', NULL),('2411','63207','248', NULL),('2412','63278','248', NULL),('2413','63204','248', NULL),('2414','63216','249', NULL),('2415','63279','249', NULL),('2416','63280','249', NULL),('2417','63208','249', NULL),('2418','63218','249', NULL),('2419','63220','249', NULL),('2420','63517','249', NULL),('2421','63213','249', NULL),('2422','63219','249', NULL),('2423','63217','249', NULL),('2424','63214','250', NULL),('2425','63268','250', NULL),('2426','63281','250', NULL),('2427','63260','250', NULL),('2428','63262','250', NULL),('2429','63248','250', NULL),('2430','63251','250', NULL),('2431','63267','250', NULL),('2432','63266','250', NULL),('2433','63261','250', NULL),('2434','63203','251', NULL),('2435','63278','251', NULL),('2436','63202','251', NULL),('2437','63215','251', NULL),('2438','63207','251', NULL),('2439','63212','251', NULL),('2440','63209','251', NULL),('2441','63205','251', NULL),('2442','63277','251', NULL),('2443','63204','251', NULL),('2444','63220','252', NULL),('2445','63279','252', NULL),('2446','63208','252', NULL),('2447','63517','252', NULL),('2448','63280','252', NULL),('2449','63216','252', NULL),('2450','63213','252', NULL),('2451','63221','252', NULL),('2452','63217','252', NULL),('2453','63218','252', NULL),('2454','63214','253', NULL),('2455','63266','253', NULL),('2456','63258','253', NULL),('2457','63271','253', NULL),('2458','63281','253', NULL),('2459','63259','253', NULL),('2460','63248','253', NULL),('2461','63268','253', NULL),('2462','63257','253', NULL),('2463','63267','253', NULL),('2464','63277','254', NULL),('2465','63209','254', NULL),('2466','63278','254', NULL),('2467','63205','254', NULL),('2468','63202','254', NULL),('2469','63203','254', NULL),('2470','63215','254', NULL),('2471','63207','254', NULL),('2472','63204','254', NULL),('2473','63212','254', NULL),('2474','63217','255', NULL),('2475','63216','255', NULL),('2476','63213','255', NULL),('2477','63517','255', NULL),('2478','63279','255', NULL),('2479','63208','255', NULL),('2480','63219','255', NULL),('2481','63218','255', NULL),('2482','63280','255', NULL),('2483','63221','255', NULL),('2484','63255','256', NULL),('2485','63254','256', NULL),('2486','63256','256', NULL),('2487','63248','256', NULL),('2488','63214','256', NULL),('2489','63261','256', NULL),('2490','63725','256', NULL),('2491','63260','256', NULL),('2492','63262','256', NULL),('2493','63281','256', NULL),('2494','63209','257', NULL),('2495','63215','257', NULL),('2496','63207','257', NULL),('2497','63203','257', NULL),('2498','63212','257', NULL),('2499','63277','257', NULL),('2500','63204','257', NULL),('2501','63202','257', NULL),('2502','63205','257', NULL),('2503','63278','257', NULL),('2504','63216','258', NULL),('2505','63213','258', NULL),('2506','63517','258', NULL),('2507','63218','258', NULL),('2508','63217','258', NULL),('2509','63219','258', NULL),('2510','63280','258', NULL),('2511','63279','258', NULL),('2512','63208','258', NULL),('2513','63220','258', NULL),('2514','63257','259', NULL),('2515','63214','259', NULL),('2516','63281','259', NULL),('2517','63262','259', NULL),('2518','63261','259', NULL),('2519','63258','259', NULL),('2520','63266','259', NULL),('2521','63248','259', NULL),('2522','63260','259', NULL),('2523','63259','259', NULL),('2524','63215','260', NULL),('2525','63205','260', NULL),('2526','63203','260', NULL),('2527','63207','260', NULL),('2528','63212','260', NULL),('2529','63209','260', NULL),('2530','63204','260', NULL),('2531','63277','260', NULL),('2532','63278','260', NULL),('2533','63202','260', NULL),('2534','63220','261', NULL),('2535','63217','261', NULL),('2536','63280','261', NULL),('2537','63517','261', NULL),('2538','63218','261', NULL),('2539','63219','261', NULL),('2540','63279','261', NULL),('2541','63213','261', NULL),('2542','63216','261', NULL),('2543','63208','261', NULL),('2544','63725','262', NULL),('2545','63250','262', NULL),('2546','63281','262', NULL),('2547','63264','262', NULL),('2548','63214','262', NULL),('2549','63253','262', NULL),('2550','63248','262', NULL),('2551','63265','262', NULL),('2552','63226','262', NULL),('2553','63263','262', NULL),('2554','63209','263', NULL),('2555','63215','263', NULL),('2556','63212','263', NULL),('2557','63202','263', NULL),('2558','63205','263', NULL),('2559','63278','263', NULL),('2560','63204','263', NULL),('2561','63277','263', NULL),('2562','63203','263', NULL),('2563','63207','263', NULL),('2564','63221','264', NULL),('2565','63517','264', NULL),('2566','63218','264', NULL),('2567','63280','264', NULL),('2568','63220','264', NULL),('2569','63216','264', NULL),('2570','63213','264', NULL),('2571','63279','264', NULL),('2572','63217','264', NULL),('2573','63208','264', NULL),('2574','63270','265', NULL),('2575','63271','265', NULL),('2576','63263','265', NULL),('2577','63269','265', NULL),('2578','63265','265', NULL),('2579','63248','265', NULL),('2580','63214','265', NULL),('2581','63249','265', NULL),('2582','63264','265', NULL),('2583','63281','265', NULL),('2584','63205','266', NULL),('2585','63203','266', NULL),('2586','63215','266', NULL),('2587','63204','266', NULL),('2588','63212','266', NULL),('2589','63207','266', NULL),('2590','63277','266', NULL),('2591','63209','266', NULL),('2592','63202','266', NULL),('2593','63278','266', NULL),('2594','63217','267', NULL),('2595','63219','267', NULL),('2596','63213','267', NULL),('2597','63216','267', NULL),('2598','63218','267', NULL),('2599','63280','267', NULL),('2600','63220','267', NULL),('2601','63279','267', NULL),('2602','63517','267', NULL),('2603','63208','267', NULL),('2604','63281','268', NULL),('2605','63255','268', NULL),('2606','63248','268', NULL),('2607','63226','268', NULL),('2608','63261','268', NULL),('2609','63214','268', NULL),('2610','63254','268', NULL),('2611','63256','268', NULL),('2612','63253','268', NULL),('2613','63725','268', NULL),('2614','63207','269', NULL),('2615','63205','269', NULL),('2616','63209','269', NULL),('2617','63278','269', NULL),('2618','63204','269', NULL),('2619','63277','269', NULL),('2620','63203','269', NULL),('2621','63202','269', NULL),('2622','63215','269', NULL),('2623','63212','269', NULL),('2624','63218','270', NULL),('2625','63279','270', NULL),('2626','63517','270', NULL),('2627','63217','270', NULL),('2628','63213','270', NULL),('2629','63220','270', NULL),('2630','63280','270', NULL),('2631','63208','270', NULL),('2632','63219','270', NULL),('2633','63216','270', NULL),('2634','63264','271', NULL),('2635','63265','271', NULL),('2636','63248','271', NULL),('2637','63262','271', NULL),('2638','63263','271', NULL),('2639','63281','271', NULL),('2640','63214','271', NULL),('2641','63256','271', NULL),('2642','63255','271', NULL),('2643','63254','271', NULL);

--connect professor with login ID
UPDATE professor SET id_login = 3 WHERE professor.id = 2;

-- enrolment tokens
INSERT INTO enrolment_token (id,freechoice,used,year,id_study_form,id_study_kind,id_klasius_srv,id_student,id_study_program,id_study_year,id_study_type) VALUES ('1','false','true','1','1','1','16204','1','1000468','1','1'),('2','false','true','2','1','1','16204','3','1000468','3','2'),('3','false','true','2','1','1','16204','4','1000468','2','1'),('4','false','false','1','1','1','16204','16','1000468','3','1'),('5','false','false','2','1','1','16204','16','1000468','4','1'),('6','false','false','3','1','1','16204','16','1000468','5','1'),('7','false','false','1','1','1','16204','17','1000468','3','1'),('8','false','false','2','1','1','16204','17','1000468','4','1'),('9','false','false','3','1','1','16204','17','1000468','5','1'),('10','false','false','1','1','1','16204','18','1000468','3','1'),('11','false','false','2','1','1','16204','18','1000468','4','1'),('12','false','false','3','1','1','16204','18','1000468','5','1'),('13','false','false','1','1','1','16204','19','1000468','3','1'),('14','false','false','2','1','1','16204','19','1000468','4','1'),('15','false','false','3','1','1','16204','19','1000468','5','1'),('16','false','false','1','1','1','16204','20','1000468','3','1'),('17','false','false','2','1','1','16204','20','1000468','4','1'),('18','false','false','3','1','1','16204','20','1000468','5','1'),('19','false','false','1','1','1','16204','21','1000468','3','1'),('20','false','false','2','1','1','16204','21','1000468','4','1'),('21','false','false','3','1','1','16204','21','1000468','5','1'),('22','false','false','1','1','1','16204','22','1000468','3','1'),('23','false','false','2','1','1','16204','22','1000468','4','1'),('24','false','false','3','1','1','16204','22','1000468','5','1'),('25','false','false','1','1','1','16204','23','1000468','3','1'),('26','false','false','2','1','1','16204','23','1000468','4','1'),('27','false','false','3','1','1','16204','23','1000468','5','1'),('28','false','false','1','1','1','16204','24','1000468','3','1'),('29','false','false','2','1','1','16204','24','1000468','4','1'),('30','false','false','3','1','1','16204','24','1000468','5','1'),('31','false','false','1','1','1','16204','25','1000468','3','1'),('32','false','false','2','1','1','16204','25','1000468','4','1'),('33','false','false','3','1','1','16204','25','1000468','5','1'),('34','false','false','1','1','1','16204','26','1000468','3','1'),('35','false','false','2','1','1','16204','26','1000468','4','1'),('36','false','false','3','1','1','16204','26','1000468','5','1'),('37','false','false','1','1','1','16204','27','1000468','3','1'),('38','false','false','2','1','1','16204','27','1000468','4','1'),('39','false','false','3','1','1','16204','27','1000468','5','1'),('40','false','false','1','1','1','16204','28','1000468','3','1'),('41','false','false','2','1','1','16204','28','1000468','4','1'),('42','false','false','3','1','1','16204','28','1000468','5','1'),('43','false','false','1','1','1','16204','29','1000468','3','1'),('44','false','false','2','1','1','16204','29','1000468','4','1'),('45','false','false','3','1','1','16204','29','1000468','5','1'),('46','false','false','1','1','1','16204','30','1000468','3','1'),('47','false','false','2','1','1','16204','30','1000468','4','1'),('48','false','false','3','1','1','16204','30','1000468','5','1'),('49','false','false','1','1','1','16204','31','1000468','3','1'),('50','false','false','2','1','1','16204','31','1000468','4','1'),('51','true','false','3','1','1','16204','31','1000468','5','1'),('52','false','false','1','1','1','16204','32','1000468','3','1'),('53','false','false','2','1','1','16204','32','1000468','4','1'),('54','false','false','3','1','1','16204','32','1000468','5','1'),('55','false','false','1','1','1','16204','33','1000468','3','1'),('56','false','false','2','1','1','16204','33','1000468','4','1'),('57','false','false','3','1','1','16204','33','1000468','5','1'),('58','false','false','1','1','1','16204','34','1000468','3','1'),('59','false','false','2','1','1','16204','34','1000468','4','1'),('60','false','false','3','1','1','16204','34','1000468','5','1'),('61','false','false','1','1','1','16204','35','1000468','3','1'),('62','false','false','2','1','1','16204','35','1000468','4','1'),('63','false','false','3','1','1','16204','35','1000468','5','1'),('64','false','false','1','1','1','16204','36','1000468','3','1'),('65','false','false','2','1','1','16204','36','1000468','4','1'),('66','false','false','3','1','1','16204','36','1000468','5','1'),('67','false','false','1','1','1','16204','37','1000468','3','1'),('68','false','false','2','1','1','16204','37','1000468','4','1'),('69','false','false','3','1','1','16204','37','1000468','5','1'),('70','false','false','1','1','1','16204','38','1000468','3','1'),('71','false','false','2','1','1','16204','38','1000468','4','1'),('72','false','false','3','1','1','16204','38','1000468','5','1'),('73','false','false','1','1','1','16204','39','1000468','3','1'),('74','false','false','2','1','1','16204','39','1000468','4','1'),('75','false','false','3','1','1','16204','39','1000468','5','1'),('76','false','false','1','1','1','16204','40','1000468','3','1'),('77','false','false','2','1','1','16204','40','1000468','4','1'),('78','false','false','3','1','1','16204','40','1000468','5','1'),('79','false','false','1','1','1','16204','41','1000468','3','1'),('80','false','false','2','1','1','16204','41','1000468','4','1'),('81','false','false','3','1','1','16204','41','1000468','5','1'),('82','false','false','1','1','1','16204','42','1000468','3','1'),('83','false','false','2','1','1','16204','42','1000468','4','1'),('84','false','false','3','1','1','16204','42','1000468','5','1'),('85','false','false','1','1','1','16204','43','1000468','3','1'),('86','false','false','2','1','1','16204','43','1000468','4','1'),('87','false','false','3','1','1','16204','43','1000468','5','1'),('88','false','false','1','1','1','16204','44','1000468','3','1'),('89','false','false','2','1','1','16204','44','1000468','4','1'),('90','false','false','3','1','1','16204','44','1000468','5','1'),('91','false','false','1','1','1','16204','45','1000468','3','1'),('92','false','false','2','1','1','16204','45','1000468','4','1'),('93','false','false','3','1','1','16204','45','1000468','5','1'),('94','false','false','1','1','1','16204','46','1000468','3','1'),('95','false','false','2','1','1','16204','46','1000468','4','1'),('96','false','false','3','1','1','16204','46','1000468','5','1'),('97','false','false','1','1','1','16204','47','1000468','3','1'),('98','false','false','2','1','1','16204','47','1000468','4','1'),('99','false','false','3','1','1','16204','47','1000468','5','1'),('100','false','false','1','1','1','16204','48','1000468','3','1'),('101','false','false','2','1','1','16204','48','1000468','4','1'),('102','true','false','3','1','1','16204','48','1000468','5','1'),('103','false','false','1','1','1','16204','49','1000468','3','1'),('104','false','false','2','1','1','16204','49','1000468','4','1'),('105','false','false','3','1','1','16204','49','1000468','5','1'),('106','false','false','1','1','1','16204','50','1000468','3','1'),('107','false','false','2','1','1','16204','50','1000468','4','1'),('108','false','false','3','1','1','16204','50','1000468','5','1'),('109','false','false','1','1','1','16204','51','1000468','3','1'),('110','false','false','2','1','1','16204','51','1000468','4','1'),('111','false','false','3','1','1','16204','51','1000468','5','1'),('112','false','false','1','1','1','16204','52','1000468','3','1'),('113','false','false','2','1','1','16204','52','1000468','4','1'),('114','false','false','3','1','1','16204','52','1000468','5','1'),('115','false','false','1','1','1','16204','53','1000468','3','1'),('116','false','false','2','1','1','16204','53','1000468','4','1'),('117','false','false','3','1','1','16204','53','1000468','5','1'),('118','false','false','1','1','1','16204','54','1000468','3','1'),('119','false','false','2','1','1','16204','54','1000468','4','1'),('120','false','false','3','1','1','16204','54','1000468','5','1'),('121','false','false','1','1','1','16204','55','1000468','3','1'),('122','false','false','2','1','1','16204','55','1000468','4','1'),('123','false','false','3','1','1','16204','55','1000468','5','1'),('124','false','false','1','1','1','16204','56','1000468','3','1'),('125','false','false','2','1','1','16204','56','1000468','4','1'),('126','true','false','3','1','1','16204','56','1000468','5','1'),('127','false','false','1','1','1','16204','57','1000468','3','1'),('128','false','false','2','1','1','16204','57','1000468','4','1'),('129','false','false','3','1','1','16204','57','1000468','5','1'),('130','false','false','1','1','1','16204','58','1000468','3','1'),('131','false','false','2','1','1','16204','58','1000468','4','1'),('132','false','false','3','1','1','16204','58','1000468','5','1'),('133','false','false','1','1','1','16204','59','1000468','3','1'),('134','false','false','2','1','1','16204','59','1000468','4','1'),('135','false','false','3','1','1','16204','59','1000468','5','1'),('136','false','false','1','1','1','16204','60','1000468','3','1'),('137','false','false','2','1','1','16204','60','1000468','4','1'),('138','false','false','3','1','1','16204','60','1000468','5','1'),('139','false','false','1','1','1','16204','61','1000468','3','1'),('140','false','false','2','1','1','16204','61','1000468','4','1'),('141','false','false','3','1','1','16204','61','1000468','5','1'),('142','false','false','1','1','1','16204','62','1000468','3','1'),('143','false','false','2','1','1','16204','62','1000468','4','1'),('144','false','false','3','1','1','16204','62','1000468','5','1'),('145','false','false','1','1','1','16204','63','1000468','3','1'),('146','false','false','2','1','1','16204','63','1000468','4','1'),('147','false','false','3','1','1','16204','63','1000468','5','1'),('148','false','false','1','1','1','16204','64','1000468','3','1'),('149','false','false','2','1','1','16204','64','1000468','4','1'),('150','true','false','3','1','1','16204','64','1000468','5','1'),('151','false','false','1','1','1','16204','65','1000468','3','1'),('152','false','false','2','1','1','16204','65','1000468','4','1'),('153','false','false','3','1','1','16204','65','1000468','5','1'),('154','false','false','1','1','1','16204','66','1000468','3','1'),('155','false','false','2','1','1','16204','66','1000468','4','1'),('156','false','false','3','1','1','16204','66','1000468','5','1'),('157','false','false','1','1','1','16204','67','1000468','3','1'),('158','false','false','2','1','1','16204','67','1000468','4','1'),('159','false','false','3','1','1','16204','67','1000468','5','1'),('160','false','false','1','1','1','16204','68','1000468','3','1'),('161','false','false','2','1','1','16204','68','1000468','4','1'),('162','false','false','3','1','1','16204','68','1000468','5','1'),('163','false','false','1','1','1','16204','69','1000468','3','1'),('164','false','false','2','1','1','16204','69','1000468','4','1'),('165','false','false','3','1','1','16204','69','1000468','5','1'),('166','false','false','1','1','1','16204','70','1000468','3','1'),('167','false','false','2','1','1','16204','70','1000468','4','1'),('168','false','false','3','1','1','16204','70','1000468','5','1'),('169','false','false','1','1','1','16204','71','1000468','3','1'),('170','false','false','2','1','1','16204','71','1000468','4','1'),('171','false','false','3','1','1','16204','71','1000468','5','1'),('172','false','false','1','1','1','16204','72','1000468','3','1'),('173','false','false','2','1','1','16204','72','1000468','4','1'),('174','false','false','3','1','1','16204','72','1000468','5','1'),('175','false','false','1','1','1','16204','73','1000468','3','1'),('176','false','false','2','1','1','16204','73','1000468','4','1'),('177','false','false','3','1','1','16204','73','1000468','5','1'),('178','false','false','1','1','1','16204','74','1000468','3','1'),('179','false','false','2','1','1','16204','74','1000468','4','1'),('180','false','false','3','1','1','16204','74','1000468','5','1'),('181','false','false','1','1','1','16204','75','1000468','3','1'),('182','false','false','2','1','1','16204','75','1000468','4','1'),('183','false','false','3','1','1','16204','75','1000468','5','1'),('184','false','false','1','1','1','16204','76','1000468','3','1'),('185','false','false','2','1','1','16204','76','1000468','4','1'),('186','true','false','3','1','1','16204','76','1000468','5','1'),('187','false','false','1','1','1','16204','77','1000468','3','1'),('188','false','false','2','1','1','16204','77','1000468','4','1'),('189','false','false','3','1','1','16204','77','1000468','5','1'),('190','false','false','1','1','1','16204','78','1000468','3','1'),('191','false','false','2','1','1','16204','78','1000468','4','1'),('192','false','false','3','1','1','16204','78','1000468','5','1'),('193','false','false','1','1','1','16204','79','1000468','3','1'),('194','false','false','2','1','1','16204','79','1000468','4','1'),('195','false','false','3','1','1','16204','79','1000468','5','1'),('196','false','false','1','1','1','16204','80','1000468','3','1'),('197','false','false','2','1','1','16204','80','1000468','4','1'),('198','false','false','3','1','1','16204','80','1000468','5','1'),('199','false','false','1','1','1','16204','81','1000468','3','1'),('200','false','false','2','1','1','16204','81','1000468','4','1'),('201','false','false','3','1','1','16204','81','1000468','5','1'),('202','false','false','1','1','1','16204','82','1000468','3','1'),('203','false','false','2','1','1','16204','82','1000468','4','1'),('204','false','false','3','1','1','16204','82','1000468','5','1'),('205','false','false','1','1','1','16204','83','1000468','3','1'),('206','false','false','2','1','1','16204','83','1000468','4','1'),('207','false','false','3','1','1','16204','83','1000468','5','1'),('208','false','false','1','1','1','16204','84','1000468','3','1'),('209','false','false','2','1','1','16204','84','1000468','4','1'),('210','false','false','3','1','1','16204','84','1000468','5','1'),('211','false','false','1','1','1','16204','85','1000468','3','1'),('212','false','false','2','1','1','16204','85','1000468','4','1'),('213','true','false','3','1','1','16204','85','1000468','5','1'),('214','false','false','1','1','1','16204','86','1000468','3','1'),('215','false','false','2','1','1','16204','86','1000468','4','1'),('216','true','false','3','1','1','16204','86','1000468','5','1'),('217','false','false','1','1','1','16204','87','1000468','3','1'),('218','false','false','2','1','1','16204','87','1000468','4','1'),('219','false','false','3','1','1','16204','87','1000468','5','1'),('220','false','false','1','1','1','16204','88','1000468','3','1'),('221','false','false','2','1','1','16204','88','1000468','4','1'),('222','false','false','3','1','1','16204','88','1000468','5','1'),('223','false','false','1','1','1','16204','89','1000468','3','1'),('224','false','false','2','1','1','16204','89','1000468','4','1'),('225','false','false','3','1','1','16204','89','1000468','5','1'),('226','false','false','1','1','1','16204','90','1000468','3','1'),('227','false','false','2','1','1','16204','90','1000468','4','1'),('228','false','false','3','1','1','16204','90','1000468','5','1'),('229','false','false','1','1','1','16204','91','1000468','3','1'),('230','false','false','2','1','1','16204','91','1000468','4','1'),('231','false','false','3','1','1','16204','91','1000468','5','1'),('232','false','false','1','1','1','16204','92','1000468','3','1'),('233','false','false','2','1','1','16204','92','1000468','4','1'),('234','false','false','3','1','1','16204','92','1000468','5','1'),('235','false','false','1','1','1','16204','93','1000468','3','1'),('236','false','false','2','1','1','16204','93','1000468','4','1'),('237','false','false','3','1','1','16204','93','1000468','5','1'),('238','false','false','1','1','1','16204','94','1000468','3','1'),('239','false','false','2','1','1','16204','94','1000468','4','1'),('240','false','false','3','1','1','16204','94','1000468','5','1');

-- exam sign ups
INSERT INTO exam_sign_up (id,confirmed,grade,returned,id_course_exam_term,id_student_course) VALUES ('1','true',NULL,'true','158','54'),('2','true','5','false','159','54'),('3','true','7','false','160','54'),('4','true','8','false','167','53'),('5','true','5','false','147','59'),('6','true','9','false','148','59'),('7','true','8','false','149','62'),('8','true','5','false','152','55'),('9','true','7','false','153','55'),('10','true','10','false','157','56'),('11','true','5','false','161','60'),('12','true','8','false','162','60'),('13','true','9','false','164','58'),('14','true','6','false','171','57'),('15','true','10','false','173','61'),('16','true','10','false','209','64'),('17','true','9','false','213','65'),('18','true','9','false','216','66'),('19','true','6','false','207','63'),('20','true','7','false','221','68'),('21','true','10','false','224','69'),('22','true','9','false','219','67'),('23','true','10','false','227','70'),('24','true','8','false','234','72'),('25','true','10','false','230','71'),('26','true','5','false','158','84'),('27','true','5','false','159','84'),('28','true','5','false','160','84'),('29','true','6','false','167','83'),('30','true','6','false','147','89'),('31','true','5','false','149','92'),('32','true','5','false','152','85'),('33','true','5','false','153','85'),('34','true','6','false','157','86'),('35','true','5','false','161','90'),('36','true','6','false','162','90'),('37','true','6','false','164','88'),('38','true','5','false','171','87'),('39','true','6','false','173','91'),('40','true','5','false','189','93'),('41','true','5','false','190','93'),('42','true','5','false','182','94'),('43','true','6','false','183','94'),('44','true','6','false','179','95'),('45','true','6','false','201','96'),('46','true','6','false','227','97'),('47','true',NULL,'true','176','105'),('48','true','8','false','177','105'),('49','true','7','false','180','108'),('50','true','8','false','182','101'),('51','true','5','false','185','102'),('52','true','5','false','186','102'),('53','true','6','false','187','102'),('54','true','5','false','188','100'),('55','true','9','false','191','106'),('56','true','7','false','194','104'),('57','true','10','false','200','103'),('58','true','6','false','203','107'),('59','true','10','false','197','99'),('60','true','10','false','176','125'),('61','true','10','false','180','128'),('62','true','10','false','182','121'),('63','true','7','false','185','122'),('64','true','10','false','186','122'),('65','true','9','false','188','120'),('66','true','10','false','191','126'),('67','true','10','false','194','124'),('68','true','10','false','200','123'),('69','true','9','false','203','127'),('70','true','10','false','197','119'),('71','true',NULL,'true','159','140'),('72','true','6','false','160','140'),('73','true','8','false','167','139'),('74','true','8','false','147','145'),('75','true','7','false','149','148'),('76','true','5','false','152','141'),('77','true','7','false','153','141'),('78','true','6','false','157','142'),('79','true','5','false','161','146'),('80','true','6','false','162','146'),('81','true','7','false','164','144'),('82','true','8','false','171','143'),('83','true','8','false','173','147'),('84','true','5','false','209','150'),('85','true','5','false','210','150'),('86','true','5','false','211','150'),('87','true','5','false','212','151'),('88','true','5','false','213','151'),('89','true','5','false','214','151'),('90','true','9','false','216','152'),('91','true','5','false','206','149'),('92','true','5','false','207','149'),('93','true','5','false','208','149'),('94','true','5','false','221','154'),('95','true','5','false','222','154'),('97','true','10','false','224','155'),('98','true','8','false','219','153'),('99','true','8','false','227','156'),('100','true','6','false','234','158'),('101','true','6','false','230','157'),('102','true','7','true','165','95'),('103','true','8','false','164','105'),('104','true','7','false','170','83'),('105','true','8','false','173','86'),('106','true','7','false','166','90'),('107','true','8','false','167','94'),('108','true','7','false','171','99'),('109','true','8','false','169','101'),('110','true','7','false','168','108'),('111','true','8','false','172','111'),('112','true',NULL,'true','119','175'),('113','true','8','false','120','175'),('114','true',NULL,'true','143','176'),('115','true','10','false','144','176'),('116','true','9','false','122','177'),('117','true','5','false','116','174'),('118','true','8','false','118','174'),('119','true','9','false','128','179'),('120','true','10','false','132','180'),('121','true','10','false','130','178'),('122','true','9','false','135','181'),('123','true','9','false','140','183'),('124','true','9','false','138','182'),('125','true',NULL,'true','236','184'),('126','true','5','false','237','184'),('127','true','8','false','263','185'),('128','true','6','false','239','186'),('129','true','5','false','242','187'),('130','true','8','false','245','188'),('131','true','5','false','246','188'),('132','true','5','false','248','189'),('133','true','7','false','260','190'),('134','true','7','false','251','191'),('135','true','7','false','255','192'),('136','true','8','false','257','193'),('137','true','7','false','165','248'),('138','true','8','false','164','247'),('139','true','7','false','170','253'),('140','true','6','false','173','256'),('141','true','8','false','166','249'),('142','true','7','false','167','250'),('143','true','6','false','171','254'),('144','true','8','false','169','252'),('145','true','7','false','168','251'),('146','true','6','false','172','255'),('147','true',NULL,'true','119','258'),('148','true','5','false','120','258'),('149','true',NULL,'true','143','259'),('150','true','5','false','144','259'),('151','true','9','false','122','260'),('152','true','5','false','116','257'),('153','true','5','false','117','257'),('154','true','5','false','118','257'),('155','true','5','false','128','262'),('156','true','10','false','132','263'),('157','true','10','false','130','261'),('158','true','9','false','135','264'),('159','true','9','false','140','266'),('160','true','9','false','138','265'),('161','true','6','false','209','268'),('162','true','7','false','213','269'),('163','true','5','false','206','270'),('164','true','5','false','207','270'),('165','true','5','false','208','270'),('166','true','6','false','222','267'),('167','true','7','false','237','271'),('168','true','5','false','55','129'),('169','true','5','false','56','129'),('170','true','5','false','57','129'),('171','true','10','false','267','130'),('172','true','5','false','4','77'),('173','true','5','false','28','73'),('174','true','5','false','29','73'),('175','true',NULL,'false','275','75'),('176','true','6','false','170','274'),('177','true','5','false','164','275'),('178','true','5','false','165','275'),('179','true','6','false','166','275'),('180','true','5','false','167','276'),('181','true','8','false','168','276'),('182','true','9','false','155','277'),('183','true','6','false','146','278'),('184','true','6','false','173','279'),('185','true','6','false','158','280'),('186','true','5','false','161','281'),('187','true','8','false','162','281'),('188','true','5','false','152','282'),('189','true','5','false','153','282'),('190','true','7','false','154','282'),('191','true','5','false','149','283'),('192','true','5','false','150','283'),('193','true','8','false','151','283'),('194','true','5','false','218','284'),('195','true','8','false','219','284'),('196','true','9','false','224','285'),('197','true','5','false','212','286'),('198','true','5','false','213','286'),('199','true','7','false','214','286'),('200','true','5','false','215','287'),('201','true','5','false','216','287'),('202','true','9','false','217','287'),('203','true','5','false','227','288'),('204','true','7','false','228','288'),('205','true','7','false','221','289'),('206','true','6','false','277','290'),('207','true','5','false','206','291'),('208','true','6','false','207','291'),('209','true','5','false','209','292'),('210','true','5','false','210','292'),('211','true','7','false','211','292'),('212','true','5','false','230','293'),('213','true','5','false','231','293'),('214','true','7','false','232','293'),('215','true','5','false','173','304'),('216','true','6','false','174','304'),('217','true','5','false','146','305'),('218','true','6','false','147','305'),('219','true','5','false','167','306'),('220','true','8','false','168','306'),('221','true','5','false','161','307'),('222','true','9','false','162','307'),('223','true','5','false','149','308'),('224','true','5','false','150','308'),('225','true','7','false','151','308'),('226','true','5','false','152','309'),('227','true','6','false','153','309'),('228','true','5','false','155','310'),('229','true','7','false','156','310'),('230','true','5','false','164','311'),('231','true','5','false','165','311'),('232','true','6','false','166','311'),('233','true','5','false','158','312'),('234','true','5','false','159','312'),('235','true','7','false','160','312'),('236','true','5','false','170','313'),('237','true','5','false','171','313'),('238','true','9','false','172','313'),('239','true','5','false','212','314'),('240','true','5','false','213','314'),('241','true','6','false','214','314'),('242','true','5','false','233','315'),('243','true','5','false','234','315'),('244','true','9','false','235','315'),('245','true','5','false','206','316'),('246','true','5','false','207','316'),('247','true','8','false','208','316'),('248','true','5','false','224','317'),('249','true','8','false','225','317'),('250','true','5','false','209','318'),('251','true','5','false','210','318'),('252','true','9','false','211','318'),('253','true','5','false','221','319'),('254','true','5','false','222','319'),('255','true','7','false','223','319'),('256','true','5','false','218','320'),('257','true','8','false','219','320'),('258','true','5','false','230','321'),('259','true','8','false','231','321'),('260','true','6','false','215','322'),('261','true','5','false','227','323'),('262','true','5','false','228','323'),('263','true','8','false','229','323'),('264','true','7','false','161','334'),('265','true','5','false','155','335'),('266','true','7','false','156','335'),('267','true','5','false','146','336'),('268','true','5','false','147','336'),('269','true','9','false','148','336'),('270','true','8','false','158','337'),('271','true','5','false','170','338'),('272','true','9','false','171','338'),('273','true','8','false','167','339'),('274','true','8','false','164','340'),('275','true','5','false','152','341'),('276','true','6','false','153','341'),('277','true','5','false','149','342'),('278','true','6','false','150','342'),('279','true','5','false','173','343'),('280','true','5','false','174','343'),('281','true','6','false','175','343'),('282','true','5','false','209','344'),('283','true','5','false','210','344'),('284','true','6','false','211','344'),('285','true','7','false','221','345'),('286','true','5','false','227','346'),('287','true','5','false','228','346'),('288','true','9','false','229','346'),('289','true','5','false','206','347'),('290','true','7','false','207','347'),('291','true','7','false','230','348'),('292','true','5','false','212','349'),('293','true','5','false','213','349'),('294','true','6','false','214','349'),('295','true','5','false','224','350'),('296','true','5','false','225','350'),('297','true','9','false','226','350'),('298','true','5','false','218','351'),('299','true','5','false','219','351'),('300','true','6','false','220','351'),('301','true','5','false','215','352'),('302','true','5','false','216','352'),('303','true','7','false','217','352'),('304','true','5','false','233','353'),('305','true','5','false','234','353'),('306','true','7','false','235','353'),('307','true','5','false','167','364'),('308','true','7','false','168','364'),('309','true','5','false','149','365'),('310','true','5','false','150','365'),('311','true','7','false','151','365'),('312','true','8','false','161','366'),('313','true','8','false','146','367'),('314','true','7','false','152','368'),('315','true','5','false','170','369'),('316','true','7','false','171','369'),('317','true','7','false','158','370'),('318','true','7','false','164','371'),('319','true','6','false','173','372'),('320','true','5','false','155','373'),('321','true','9','false','156','373'),('322','true','5','false','209','374'),('323','true','5','false','210','374'),('324','true','9','false','211','374'),('325','true','5','false','206','375'),('326','true','5','false','207','375'),('327','true','6','false','208','375'),('328','true','5','false','218','376'),('329','true','5','false','219','376'),('330','true','9','false','220','376'),('331','true','5','false','215','377'),('332','true','8','false','216','377'),('333','true','5','false','230','378'),('334','true','5','false','231','378'),('335','true','6','false','232','378'),('336','true','5','false','221','379'),('337','true','7','false','222','379'),('338','true','7','false','233','380'),('339','true','7','false','224','381'),('340','true','6','false','227','382'),('341','true','5','false','212','383'),('342','true','9','false','213','383'),('343','true','6','false','152','394'),('344','true','5','false','164','395'),('345','true','5','false','165','395'),('346','true','6','false','166','395'),('347','true','5','false','167','396'),('348','true','9','false','168','396'),('349','true','8','false','170','397'),('350','true','9','false','158','398'),('351','true','6','false','161','399'),('352','true','5','false','149','400'),('353','true','7','false','150','400'),('354','true','9','false','155','401'),('355','true','8','false','173','402'),('356','true','7','false','146','403'),('357','true','5','false','224','404'),('358','true','7','false','225','404'),('359','true','5','false','218','405'),('360','true','5','false','219','405'),('361','true','8','false','220','405'),('362','true','5','false','209','406'),('363','true','5','false','210','406'),('364','true','7','false','211','406'),('365','true','5','false','221','407'),('366','true','8','false','222','407'),('367','true','9','false','212','408'),('368','true','6','false','277','409'),('369','true','5','false','215','410'),('370','true','8','false','216','410'),('371','true','7','false','233','411'),('372','true','5','false','227','412'),('373','true','7','false','228','412'),('374','true','5','false','206','413'),('375','true','5','false','207','413'),('376','true','6','false','208','413'),('377','true','9','false','164','424'),('378','true','7','false','149','425'),('379','true','9','false','173','426'),('380','true','5','false','146','427'),('381','true','5','false','147','427'),('382','true','6','false','148','427'),('383','true','6','false','167','428'),('384','true','5','false','155','429'),('385','true','8','false','156','429'),('386','true','8','false','170','430'),('387','true','5','false','161','431'),('388','true','6','false','162','431'),('389','true','5','false','152','432'),('390','true','6','false','153','432'),('391','true','5','false','158','433'),('392','true','5','false','159','433'),('393','true','8','false','160','433'),('394','true','5','false','221','434'),('395','true','5','false','222','434'),('396','true','9','false','223','434'),('397','true','9','false','227','435'),('398','true','8','false','206','436'),('399','true','6','false','212','437'),('400','true','9','false','218','438'),('401','true','5','false','230','439'),('402','true','8','false','231','439'),('403','true','5','false','224','440'),('404','true','5','false','225','440'),('405','true','6','false','226','440'),('406','true','5','false','215','441'),('407','true','9','false','216','441'),('408','true','5','false','209','442'),('409','true','5','false','210','442'),('410','true','8','false','211','442'),('411','true','5','false','233','443'),('412','true','5','false','234','443'),('413','true','8','false','235','443'),('414','true','5','false','152','454'),('415','true','8','false','153','454'),('416','true','5','false','173','455'),('417','true','6','false','174','455'),('418','true','9','false','170','456'),('419','true','6','false','164','457'),('420','true','5','false','149','458'),('421','true','9','false','150','458'),('422','true','5','false','158','459'),('423','true','9','false','159','459'),('424','true','7','false','167','460'),('425','true','5','false','161','461'),('426','true','5','false','162','461'),('427','true','8','false','163','461'),('428','true','5','false','155','462'),('429','true','5','false','156','462'),('430','true','7','false','157','462'),('431','true','5','false','146','463'),('432','true','5','false','147','463'),('433','true','6','false','148','463'),('434','true','5','false','212','464'),('435','true','8','false','213','464'),('436','true','8','false','206','465'),('437','true','5','false','233','466'),('438','true','5','false','234','466'),('439','true','8','false','235','466'),('440','true','5','false','215','467'),('441','true','9','false','216','467'),('442','true','5','false','218','468'),('443','true','7','false','219','468'),('444','true','5','false','227','469'),('445','true','5','false','228','469'),('446','true','9','false','229','469'),('447','true','8','false','221','470'),('448','true','8','false','224','471'),('449','true','5','false','209','472'),('450','true','5','false','210','472'),('451','true','7','false','211','472'),('452','true','5','false','230','473'),('453','true','5','false','231','473'),('454','true','9','false','232','473'),('455','true','5','false','164','484'),('456','true','5','false','165','484'),('457','true','8','false','166','484'),('458','true','5','false','149','485'),('459','true','5','false','150','485'),('460','true','9','false','151','485'),('461','true','7','false','161','486'),('462','true','7','false','173','487'),('463','true','5','false','167','488'),('464','true','5','false','168','488'),('465','true','8','false','169','488'),('466','true','5','false','146','489'),('467','true','9','false','147','489'),('468','true','8','false','170','490'),('469','true','5','false','155','491'),('470','true','5','false','156','491'),('471','true','6','false','157','491'),('472','true','8','false','158','492'),('473','true','6','false','152','493'),('474','true','5','false','209','494'),('475','true','5','false','210','494'),('476','true','6','false','211','494'),('477','true','7','false','212','495'),('478','true','5','false','230','496'),('479','true','5','false','231','496'),('480','true','7','false','232','496'),('481','true','6','false','221','497'),('482','true','5','false','218','498'),('483','true','5','false','219','498'),('484','true','7','false','220','498'),('485','true','5','false','227','499'),('486','true','5','false','228','499'),('487','true','9','false','229','499'),('488','true','5','false','215','500'),('489','true','6','false','216','500'),('490','true','8','false','277','501'),('491','true','5','false','224','502'),('492','true','5','false','225','502'),('493','true','7','false','226','502'),('494','true','5','false','206','503'),('495','true','5','false','207','503'),('496','true','9','false','208','503'),('497','true','5','false','173','514'),('498','true','5','false','174','514'),('499','true','8','false','175','514'),('500','true','5','false','158','515'),('501','true','5','false','159','515'),('502','true','6','false','160','515'),('503','true','6','false','161','516'),('504','true','5','false','155','517'),('505','true','5','false','156','517'),('506','true','6','false','157','517'),('507','true','8','false','149','518'),('508','true','8','false','167','519'),('509','true','5','false','164','520'),('510','true','5','false','165','520'),('511','true','7','false','166','520'),('512','true','8','false','152','521'),('513','true','5','false','170','522'),('514','true','5','false','171','522'),('515','true','8','false','172','522'),('516','true','5','false','146','523'),('517','true','9','false','147','523'),('518','true','5','false','221','524'),('519','true','5','false','222','524'),('520','true','7','false','223','524'),('521','true','6','false','212','525'),('522','true','5','false','224','526'),('523','true','5','false','225','526'),('524','true','8','false','226','526'),('525','true','5','false','227','527'),('526','true','5','false','228','527'),('527','true','8','false','229','527'),('528','true','5','false','215','528'),('529','true','7','false','216','528'),('530','true','7','false','218','529'),('531','true','5','false','209','530'),('532','true','5','false','210','530'),('533','true','9','false','211','530'),('534','true','7','false','277','531'),('535','true','9','false','230','532'),('536','true','5','false','206','533'),('537','true','9','false','207','533'),('538','true','5','false','173','544'),('539','true','5','false','174','544'),('540','true','9','false','175','544'),('541','true','5','false','146','545'),('542','true','8','false','147','545'),('543','true','9','false','152','546'),('544','true','5','false','155','547'),('545','true','5','false','156','547'),('546','true','9','false','157','547'),('547','true','5','false','167','548'),('548','true','5','false','168','548'),('549','true','6','false','169','548'),('550','true','7','false','158','549'),('551','true','7','false','164','550'),('552','true','9','false','161','551'),('553','true','5','false','149','552'),('554','true','8','false','150','552'),('555','true','9','false','170','553'),('556','true','5','false','233','554'),('557','true','5','false','234','554'),('558','true','8','false','235','554'),('559','true','8','false','206','555'),('560','true','8','false','221','556'),('561','true','7','false','277','557'),('562','true','8','false','227','558'),('563','true','9','false','215','559'),('564','true','6','false','212','560'),('565','true','5','false','209','561'),('566','true','8','false','210','561'),('567','true','5','false','218','562'),('568','true','5','false','219','562'),('569','true','9','false','220','562'),('570','true','5','false','224','563'),('571','true','5','false','225','563'),('572','true','9','false','226','563'),('573','true','5','false','170','574'),('574','true','8','false','171','574'),('575','true','5','false','173','575'),('576','true','6','false','174','575'),('577','true','5','false','161','576'),('578','true','6','false','162','576'),('579','true','5','false','149','577'),('580','true','5','false','150','577'),('581','true','8','false','151','577'),('582','true','5','false','167','578'),('583','true','5','false','168','578'),('584','true','7','false','169','578'),('585','true','5','false','158','579'),('586','true','5','false','159','579'),('587','true','9','false','160','579'),('588','true','8','false','164','580'),('589','true','5','false','155','581'),('590','true','8','false','156','581'),('591','true','5','false','146','582'),('592','true','5','false','147','582'),('593','true','8','false','148','582'),('594','true','9','false','152','583'),('595','true','8','false','212','584'),('596','true','5','false','221','585'),('597','true','5','false','222','585'),('598','true','8','false','223','585'),('599','true','6','false','227','586'),('600','true','8','false','218','587'),('601','true','7','false','215','588'),('602','true','5','false','230','589'),('603','true','7','false','231','589'),('604','true','5','false','206','590'),('605','true','7','false','207','590'),('606','true','7','false','209','591'),('607','true','5','false','233','592'),('608','true','5','false','234','592'),('609','true','8','false','235','592'),('610','true','9','false','224','593'),('611','true','6','false','161','604'),('612','true','5','false','173','605'),('613','true','7','false','174','605'),('614','true','8','false','146','606'),('615','true','8','false','155','607'),('616','true','5','false','149','608'),('617','true','6','false','150','608'),('618','true','7','false','152','609'),('619','true','5','false','158','610'),('620','true','6','false','159','610'),('621','true','8','false','170','611'),('622','true','5','false','167','612'),('623','true','5','false','168','612'),('624','true','7','false','169','612'),('625','true','5','false','164','613'),('626','true','5','false','165','613'),('627','true','7','false','166','613'),('628','true','5','false','212','614'),('629','true','9','false','213','614'),('630','true','5','false','206','615'),('631','true','9','false','207','615'),('632','true','5','false','227','616'),('633','true','6','false','228','616'),('634','true','6','false','277','617'),('635','true','5','false','215','618'),('636','true','7','false','216','618'),('637','true','5','false','221','619'),('638','true','7','false','222','619'),('639','true','5','false','224','620'),('640','true','5','false','225','620'),('641','true','6','false','226','620'),('642','true','5','false','209','621'),('643','true','6','false','210','621'),('644','true','5','false','233','622'),('645','true','5','false','234','622'),('646','true','8','false','235','622'),('647','true','9','false','218','623'),('648','true','5','false','155','634'),('649','true','6','false','156','634'),('650','true','7','false','170','635'),('651','true','8','false','167','636'),('652','true','5','false','164','637'),('653','true','7','false','165','637'),('654','true','8','false','158','638'),('655','true','9','false','152','639'),('656','true','5','false','146','640'),('657','true','9','false','147','640'),('658','true','6','false','173','641'),('659','true','5','false','161','642'),('660','true','6','false','162','642'),('661','true','5','false','149','643'),('662','true','5','false','150','643'),('663','true','8','false','151','643'),('664','true','5','false','224','644'),('665','true','9','false','225','644'),('666','true','9','false','209','645'),('667','true','5','false','227','646'),('668','true','5','false','228','646'),('669','true','6','false','229','646'),('670','true','5','false','218','647'),('671','true','9','false','219','647'),('672','true','5','false','215','648'),('673','true','5','false','216','648'),('674','true','8','false','217','648'),('675','true','6','false','221','649'),('676','true','5','false','206','650'),('677','true','5','false','207','650'),('678','true','6','false','208','650'),('679','true','7','false','233','651'),('680','true','5','false','212','652'),('681','true','5','false','213','652'),('682','true','8','false','214','652'),('683','true','9','false','277','653'),('684','true','9','false','170','664'),('685','true','6','false','155','665'),('686','true','5','false','146','666'),('687','true','6','false','147','666'),('688','true','5','false','167','667'),('689','true','5','false','168','667'),('690','true','8','false','169','667'),('691','true','5','false','152','668'),('692','true','5','false','153','668'),('693','true','7','false','154','668'),('694','true','5','false','164','669'),('695','true','7','false','165','669'),('696','true','5','false','158','670'),('697','true','6','false','159','670'),('698','true','5','false','161','671'),('699','true','5','false','162','671'),('700','true','9','false','163','671'),('701','true','5','false','149','672'),('702','true','5','false','150','672'),('703','true','8','false','151','672'),('704','true','6','false','173','673'),('705','true','5','false','206','674'),('706','true','7','false','207','674'),('707','true','5','false','227','675'),('708','true','5','false','228','675'),('709','true','9','false','229','675'),('710','true','5','false','224','676'),('711','true','6','false','225','676'),('712','true','9','false','209','677'),('713','true','8','false','212','678'),('714','true','6','false','277','679'),('715','true','5','false','215','680'),('716','true','7','false','216','680'),('717','true','5','false','230','681'),('718','true','6','false','231','681'),('719','true','6','false','218','682'),('720','true','5','false','221','683'),('721','true','7','false','222','683'),('722','true','5','false','161','694'),('723','true','5','false','162','694'),('724','true','9','false','163','694'),('725','true','5','false','152','695'),('726','true','9','false','153','695'),('727','true','5','false','170','696'),('728','true','9','false','171','696'),('729','true','9','false','149','697'),('730','true','5','false','155','698'),('731','true','5','false','156','698'),('732','true','9','false','157','698'),('733','true','5','false','167','699'),('734','true','6','false','168','699'),('735','true','7','false','146','700'),('736','true','5','false','173','701'),('737','true','5','false','174','701'),('738','true','9','false','175','701'),('739','true','7','false','164','702'),('740','true','5','false','158','703'),('741','true','8','false','159','703'),('742','true','5','false','230','704'),('743','true','5','false','231','704'),('744','true','8','false','232','704'),('745','true','5','false','209','705'),('746','true','5','false','210','705'),('747','true','8','false','211','705'),('748','true','5','false','212','706'),('749','true','6','false','213','706'),('750','true','7','false','277','707'),('751','true','5','false','221','708'),('752','true','5','false','222','708'),('753','true','8','false','223','708'),('754','true','5','false','224','709'),('755','true','5','false','225','709'),('756','true','9','false','226','709'),('757','true','5','false','206','710'),('758','true','5','false','207','710'),('759','true','9','false','208','710'),('760','true','5','false','218','711'),('761','true','5','false','219','711'),('762','true','9','false','220','711'),('763','true','5','false','227','712'),('764','true','8','false','228','712'),('765','true','5','false','215','713'),('766','true','5','false','216','713'),('767','true','8','false','217','713'),('768','true','9','false','158','724'),('769','true','9','false','152','725'),('770','true','5','false','164','726'),('771','true','9','false','165','726'),('772','true','9','false','161','727'),('773','true','5','false','170','728'),('774','true','5','false','171','728'),('775','true','9','false','172','728'),('776','true','5','false','146','729'),('777','true','9','false','147','729'),('778','true','5','false','155','730'),('779','true','5','false','156','730'),('780','true','9','false','157','730'),('781','true','5','false','167','731'),('782','true','5','false','168','731'),('783','true','9','false','169','731'),('784','true','5','false','173','732'),('785','true','5','false','174','732'),('786','true','9','false','175','732'),('787','true','5','false','149','733'),('788','true','9','false','150','733'),('789','true','5','false','233','734'),('790','true','5','false','234','734'),('791','true','9','false','235','734'),('792','true','9','false','212','735'),('793','true','5','false','227','736'),('794','true','9','false','228','736'),('795','true','9','false','209','737'),('796','true','9','false','221','738'),('797','true','5','false','215','739'),('798','true','5','false','216','739'),('799','true','9','false','217','739'),('800','true','5','false','230','740'),('801','true','5','false','231','740'),('802','true','9','false','232','740'),('803','true','5','false','218','741'),('804','true','5','false','219','741'),('805','true','9','false','220','741'),('806','true','5','false','206','742'),('807','true','9','false','207','742'),('808','true','5','false','224','743'),('809','true','9','false','225','743'),('810','true','5','false','149','754'),('811','true','5','false','150','754'),('812','true','6','false','151','754'),('813','true','7','false','173','755'),('814','true','7','false','155','756'),('815','true','8','false','158','757'),('816','true','5','false','161','758'),('817','true','5','false','162','758'),('818','true','8','false','163','758'),('819','true','8','false','164','759'),('820','true','5','false','152','760'),('821','true','5','false','153','760'),('822','true','6','false','154','760'),('823','true','6','false','170','761'),('824','true','5','false','146','762'),('825','true','6','false','147','762'),('826','true','5','false','167','763'),('827','true','9','false','168','763'),('828','true','5','false','218','764'),('829','true','7','false','219','764'),('830','true','5','false','227','765'),('831','true','9','false','228','765'),('832','true','5','false','221','766'),('833','true','8','false','222','766'),('834','true','5','false','224','767'),('835','true','5','false','225','767'),('836','true','9','false','226','767'),('837','true','7','false','233','768'),('838','true','8','false','230','769'),('839','true','5','false','209','770'),('840','true','8','false','210','770'),('841','true','7','false','212','771'),('842','true','7','false','215','772'),('843','true','5','false','206','773'),('844','true','7','false','207','773'),('845','true','5','false','164','784'),('846','true','5','false','165','784'),('847','true','6','false','166','784'),('848','true','7','false','152','785'),('849','true','9','false','158','786'),('850','true','8','false','161','787'),('851','true','5','false','149','788'),('852','true','5','false','150','788'),('853','true','6','false','151','788'),('854','true','5','false','167','789'),('855','true','5','false','168','789'),('856','true','7','false','169','789'),('857','true','5','false','170','790'),('858','true','5','false','171','790'),('859','true','7','false','172','790'),('860','true','9','false','155','791'),('861','true','5','false','146','792'),('862','true','5','false','147','792'),('863','true','7','false','148','792'),('864','true','5','false','173','793'),('865','true','8','false','174','793'),('866','true','9','false','218','794'),('867','true','5','false','215','795'),('868','true','5','false','216','795'),('869','true','9','false','217','795'),('870','true','9','false','277','796'),('871','true','5','false','224','797'),('872','true','5','false','225','797'),('873','true','6','false','226','797'),('874','true','9','false','206','798'),('875','true','8','false','230','799'),('876','true','6','false','209','800'),('877','true','5','false','212','801'),('878','true','9','false','213','801'),('879','true','5','false','227','802'),('880','true','8','false','228','802'),('881','true','9','false','221','803'),('882','true','5','false','146','814'),('883','true','5','false','147','814'),('884','true','9','false','148','814'),('885','true','9','false','161','815'),('886','true','5','false','164','816'),('887','true','5','false','165','816'),('888','true','6','false','166','816'),('889','true','7','false','170','817'),('890','true','5','false','155','818'),('891','true','5','false','156','818'),('892','true','9','false','157','818'),('893','true','8','false','167','819'),('894','true','8','false','149','820'),('895','true','5','false','152','821'),('896','true','8','false','153','821'),('897','true','9','false','158','822'),('898','true','5','false','173','823'),('899','true','7','false','174','823'),('900','true','9','false','227','824'),('901','true','5','false','224','825'),('902','true','5','false','225','825'),('903','true','6','false','226','825'),('904','true','6','false','277','826'),('905','true','6','false','230','827'),('906','true','6','false','218','828'),('907','true','7','false','209','829'),('908','true','5','false','215','830'),('909','true','5','false','216','830'),('910','true','8','false','217','830'),('911','true','9','false','221','831'),('912','true','8','false','212','832'),('913','true','5','false','206','833'),('914','true','9','false','207','833'),('915','true','5','false','146','844'),('916','true','5','false','147','844'),('917','true','7','false','148','844'),('918','true','5','false','152','845'),('919','true','7','false','153','845'),('920','true','7','false','167','846'),('921','true','8','false','164','847'),('922','true','5','false','173','848'),('923','true','9','false','174','848'),('924','true','5','false','149','849'),('925','true','8','false','150','849'),('926','true','5','false','170','850'),('927','true','7','false','171','850'),('928','true','5','false','155','851'),('929','true','9','false','156','851'),('930','true','5','false','161','852'),('931','true','6','false','162','852'),('932','true','5','false','158','853'),('933','true','8','false','159','853'),('934','true','5','false','227','854'),('935','true','5','false','228','854'),('936','true','9','false','229','854'),('937','true','7','false','218','855'),('938','true','5','false','212','856'),('939','true','5','false','213','856'),('940','true','9','false','214','856'),('941','true','8','false','215','857'),('942','true','5','false','221','858'),('943','true','9','false','222','858'),('944','true','7','false','230','859'),('945','true','6','false','277','860'),('946','true','6','false','224','861'),('947','true','5','false','209','862'),('948','true','6','false','210','862'),('949','true','5','false','206','863'),('950','true','7','false','207','863'),('951','true','5','false','155','874'),('952','true','5','false','156','874'),('953','true','7','false','157','874'),('954','true','8','false','173','875'),('955','true','8','false','149','876'),('956','true','9','false','158','877'),('957','true','9','false','161','878'),('958','true','8','false','167','879'),('959','true','5','false','164','880'),('960','true','5','false','165','880'),('961','true','8','false','166','880'),('962','true','8','false','152','881'),('963','true','5','false','170','882'),('964','true','5','false','171','882'),('965','true','9','false','172','882'),('966','true','5','false','146','883'),('967','true','5','false','147','883'),('968','true','9','false','148','883'),('969','true','5','false','218','884'),('970','true','7','false','219','884'),('971','true','5','false','224','885'),('972','true','8','false','225','885'),('973','true','6','false','230','886'),('974','true','8','false','221','887'),('975','true','5','false','215','888'),('976','true','8','false','216','888'),('977','true','9','false','277','889'),('978','true','5','false','227','890'),('979','true','8','false','228','890'),('980','true','5','false','209','891'),('981','true','5','false','210','891'),('982','true','8','false','211','891'),('983','true','5','false','212','892'),('984','true','5','false','213','892'),('985','true','8','false','214','892'),('986','true','5','false','206','893'),('987','true','6','false','207','893'),('988','true','7','false','146','904'),('989','true','5','false','173','905'),('990','true','7','false','174','905'),('991','true','5','false','149','906'),('992','true','9','false','150','906'),('993','true','5','false','170','907'),('994','true','5','false','171','907'),('995','true','8','false','172','907'),('996','true','8','false','167','908'),('997','true','6','false','158','909'),('998','true','9','false','161','910'),('999','true','9','false','164','911'),('1000','true','5','false','155','912'),('1001','true','5','false','156','912'),('1002','true','6','false','157','912'),('1003','true','5','false','152','913'),('1004','true','9','false','153','913'),('1005','true','9','false','277','914'),('1006','true','8','false','212','915'),('1007','true','5','false','221','916'),('1008','true','5','false','222','916'),('1009','true','8','false','223','916'),('1010','true','5','false','227','917'),('1011','true','5','false','228','917'),('1012','true','6','false','229','917'),('1013','true','5','false','215','918'),('1014','true','8','false','216','918'),('1015','true','9','false','218','919'),('1016','true','7','false','230','920'),('1017','true','7','false','206','921'),('1018','true','9','false','209','922'),('1019','true','5','false','224','923'),('1020','true','7','false','225','923'),('1021','true','5','false','161','934'),('1022','true','5','false','162','934'),('1023','true','8','false','163','934'),('1024','true','5','false','158','935'),('1025','true','8','false','159','935'),('1026','true','5','false','152','936'),('1027','true','5','false','153','936'),('1028','true','8','false','154','936'),('1029','true','5','false','149','937'),('1030','true','5','false','150','937'),('1031','true','7','false','151','937'),('1032','true','8','false','170','938'),('1033','true','7','false','146','939'),('1034','true','9','false','173','940'),('1035','true','5','false','167','941'),('1036','true','6','false','168','941'),('1037','true','5','false','164','942'),('1038','true','5','false','165','942'),('1039','true','8','false','166','942'),('1040','true','5','false','155','943'),('1041','true','5','false','156','943'),('1042','true','8','false','157','943'),('1043','true','6','false','277','944'),('1044','true','7','false','227','945'),('1045','true','5','false','212','946'),('1046','true','7','false','213','946'),('1047','true','5','false','209','947'),('1048','true','6','false','210','947'),('1049','true','5','false','218','948'),('1050','true','5','false','219','948'),('1051','true','7','false','220','948'),('1052','true','5','false','224','949'),('1053','true','8','false','225','949'),('1054','true','5','false','233','950'),('1055','true','5','false','234','950'),('1056','true','8','false','235','950'),('1057','true','5','false','206','951'),('1058','true','6','false','207','951'),('1059','true','9','false','221','952'),('1060','true','7','false','215','953'),('1061','true','5','false','164','964'),('1062','true','5','false','165','964'),('1063','true','8','false','166','964'),('1064','true','8','false','170','965'),('1065','true','6','false','146','966'),('1066','true','6','false','161','967'),('1067','true','5','false','158','968'),('1068','true','5','false','159','968'),('1069','true','9','false','160','968'),('1070','true','5','false','167','969'),('1071','true','7','false','168','969'),('1072','true','5','false','149','970'),('1073','true','7','false','150','970'),('1074','true','5','false','155','971'),('1075','true','9','false','156','971'),('1076','true','5','false','173','972'),('1077','true','5','false','174','972'),('1078','true','9','false','175','972'),('1079','true','5','false','152','973'),('1080','true','5','false','153','973'),('1081','true','7','false','154','973'),('1082','true','6','false','218','974'),('1083','true','6','false','221','975'),('1084','true','8','false','212','976'),('1085','true','5','false','233','977'),('1086','true','8','false','234','977'),('1087','true','6','false','224','978'),('1088','true','5','false','209','979'),('1089','true','5','false','210','979'),('1090','true','8','false','211','979'),('1091','true','5','false','206','980'),('1092','true','9','false','207','980'),('1093','true','5','false','215','981'),('1094','true','5','false','216','981'),('1095','true','6','false','217','981'),('1096','true','5','false','227','982'),('1097','true','8','false','228','982'),('1098','true','5','false','230','983'),('1099','true','9','false','231','983'),('1100','true','5','false','167','994'),('1101','true','7','false','168','994'),('1102','true','5','false','146','995'),('1103','true','5','false','147','995'),('1104','true','8','false','148','995'),('1105','true','5','false','161','996'),('1106','true','5','false','162','996'),('1107','true','7','false','163','996'),('1108','true','5','false','170','997'),('1109','true','9','false','171','997'),('1110','true','5','false','164','998'),('1111','true','5','false','165','998'),('1112','true','7','false','166','998'),('1113','true','5','false','155','999'),('1114','true','8','false','156','999'),('1115','true','7','false','173','1000'),('1116','true','5','false','149','1001'),('1117','true','5','false','150','1001'),('1118','true','6','false','151','1001'),('1119','true','5','false','152','1002'),('1120','true','5','false','153','1002'),('1121','true','9','false','154','1002'),('1122','true','5','false','158','1003'),('1123','true','9','false','159','1003'),('1124','true','5','false','206','1004'),('1125','true','8','false','207','1004'),('1126','true','5','false','227','1005'),('1127','true','6','false','228','1005'),('1128','true','9','false','209','1006'),('1129','true','5','false','215','1007'),('1130','true','8','false','216','1007'),('1131','true','5','false','221','1008'),('1132','true','5','false','222','1008'),('1133','true','7','false','223','1008'),('1134','true','5','false','224','1009'),('1135','true','9','false','225','1009'),('1136','true','9','false','277','1010'),('1137','true','7','false','218','1011'),('1138','true','5','false','212','1012'),('1139','true','7','false','213','1012'),('1140','true','5','false','233','1013'),('1141','true','5','false','234','1013'),('1142','true','8','false','235','1013'),('1143','true','7','false','161','1024'),('1144','true','9','false','149','1025'),('1145','true','5','false','158','1026'),('1146','true','7','false','159','1026'),('1147','true','5','false','155','1027'),('1148','true','5','false','156','1027'),('1149','true','7','false','157','1027'),('1150','true','5','false','167','1028'),('1151','true','5','false','168','1028'),('1152','true','8','false','169','1028'),('1153','true','5','false','164','1029'),('1154','true','8','false','165','1029'),('1155','true','5','false','173','1030'),('1156','true','5','false','174','1030'),('1157','true','7','false','175','1030'),('1158','true','7','false','152','1031'),('1159','true','5','false','146','1032'),('1160','true','5','false','147','1032'),('1161','true','9','false','148','1032'),('1162','true','5','false','170','1033'),('1163','true','8','false','171','1033'),('1164','true','5','false','227','1034'),('1165','true','8','false','228','1034'),('1166','true','9','false','221','1035'),('1167','true','9','false','218','1036'),('1168','true','5','false','224','1037'),('1169','true','8','false','225','1037'),('1170','true','9','false','277','1038'),('1171','true','5','false','212','1039'),('1172','true','7','false','213','1039'),('1173','true','7','false','215','1040'),('1174','true','7','false','209','1041'),('1175','true','8','false','206','1042'),('1176','true','5','false','230','1043'),('1177','true','7','false','231','1043'),('1178','true','5','false','152','1054'),('1179','true','5','false','153','1054'),('1180','true','6','false','154','1054'),('1181','true','7','false','173','1055'),('1182','true','5','false','164','1056'),('1183','true','9','false','165','1056'),('1184','true','5','false','149','1057'),('1185','true','6','false','150','1057'),('1186','true','5','false','161','1058'),('1187','true','5','false','162','1058'),('1188','true','8','false','163','1058'),('1189','true','5','false','158','1059'),('1190','true','5','false','159','1059'),('1191','true','6','false','160','1059'),('1192','true','8','false','155','1060'),('1193','true','5','false','167','1061'),('1194','true','5','false','168','1061'),('1195','true','9','false','169','1061'),('1196','true','5','false','170','1062'),('1197','true','5','false','171','1062'),('1198','true','7','false','172','1062'),('1199','true','9','false','146','1063'),('1200','true','5','false','209','1064'),('1201','true','5','false','210','1064'),('1202','true','7','false','211','1064'),('1203','true','5','false','212','1065'),('1204','true','5','false','213','1065'),('1205','true','6','false','214','1065'),('1206','true','5','false','227','1066'),('1207','true','5','false','228','1066'),('1208','true','8','false','229','1066'),('1209','true','5','false','221','1067'),('1210','true','9','false','222','1067'),('1211','true','5','false','218','1068'),('1212','true','9','false','219','1068'),('1213','true','5','false','224','1069'),('1214','true','5','false','225','1069'),('1215','true','9','false','226','1069'),('1216','true','5','false','206','1070'),('1217','true','5','false','207','1070'),('1218','true','6','false','208','1070'),('1219','true','7','false','277','1071'),('1220','true','5','false','230','1072'),('1221','true','5','false','231','1072'),('1222','true','9','false','232','1072'),('1223','true','8','false','215','1073'),('1224','true','5','false','155','1084'),('1225','true','5','false','156','1084'),('1226','true','9','false','157','1084'),('1227','true','5','false','146','1085'),('1228','true','5','false','147','1085'),('1229','true','9','false','148','1085'),('1230','true','5','false','167','1086'),('1231','true','8','false','168','1086'),('1232','true','5','false','173','1087'),('1233','true','5','false','174','1087'),('1234','true','8','false','175','1087'),('1235','true','5','false','164','1088'),('1236','true','7','false','165','1088'),('1237','true','8','false','149','1089'),('1238','true','5','false','158','1090'),('1239','true','5','false','159','1090'),('1240','true','7','false','160','1090'),('1241','true','5','false','161','1091'),('1242','true','5','false','162','1091'),('1243','true','8','false','163','1091'),('1244','true','5','false','170','1092'),('1245','true','5','false','171','1092'),('1246','true','9','false','172','1092'),('1247','true','5','false','152','1093'),('1248','true','5','false','153','1093'),('1249','true','7','false','154','1093'),('1250','true','5','false','209','1094'),('1251','true','9','false','210','1094'),('1252','true','6','false','218','1095'),('1253','true','5','false','215','1096'),('1254','true','5','false','216','1096'),('1255','true','7','false','217','1096'),('1256','true','7','false','227','1097'),('1257','true','8','false','277','1098'),('1258','true','5','false','212','1099'),('1259','true','9','false','213','1099'),('1260','true','5','false','233','1100'),('1261','true','5','false','234','1100'),('1262','true','6','false','235','1100'),('1263','true','6','false','224','1101'),('1264','true','5','false','221','1102'),('1265','true','5','false','222','1102'),('1266','true','6','false','223','1102'),('1267','true','9','false','206','1103'),('1268','true','5','false','149','1114'),('1269','true','5','false','150','1114'),('1270','true','9','false','151','1114'),('1271','true','6','false','173','1115'),('1272','true','7','false','170','1116'),('1273','true','8','false','146','1117'),('1274','true','5','false','155','1118'),('1275','true','5','false','156','1118'),('1276','true','9','false','157','1118'),('1277','true','5','false','158','1119'),('1278','true','9','false','159','1119'),('1279','true','7','false','161','1120'),('1280','true','9','false','152','1121'),('1281','true','6','false','167','1122'),('1282','true','6','false','164','1123'),('1283','true','6','false','212','1124'),('1284','true','7','false','206','1125'),('1285','true','7','false','277','1126'),('1286','true','7','false','230','1127'),('1287','true','5','false','227','1128'),('1288','true','8','false','228','1128'),('1289','true','5','false','215','1129'),('1290','true','5','false','216','1129'),('1291','true','8','false','217','1129'),('1292','true','5','false','209','1130'),('1293','true','8','false','210','1130'),('1294','true','5','false','221','1131'),('1295','true','7','false','222','1131'),('1296','true','5','false','218','1132'),('1297','true','9','false','219','1132'),('1298','true','5','false','224','1133'),('1299','true','9','false','225','1133'),('1300','true','5','false','161','1144'),('1301','true','8','false','162','1144'),('1302','true','5','false','155','1145'),('1303','true','7','false','156','1145'),('1304','true','5','false','152','1146'),('1305','true','5','false','153','1146'),('1306','true','9','false','154','1146'),('1307','true','6','false','146','1147'),('1308','true','9','false','164','1148'),('1309','true','5','false','170','1149'),('1310','true','9','false','171','1149'),('1311','true','7','false','167','1150'),('1312','true','5','false','173','1151'),('1313','true','5','false','174','1151'),('1314','true','7','false','175','1151'),('1315','true','5','false','158','1152'),('1316','true','5','false','159','1152'),('1317','true','7','false','160','1152'),('1318','true','5','false','149','1153'),('1319','true','5','false','150','1153'),('1320','true','6','false','151','1153'),('1321','true','5','false','233','1154'),('1322','true','5','false','234','1154'),('1323','true','9','false','235','1154'),('1324','true','5','false','212','1155'),('1325','true','9','false','213','1155'),('1326','true','9','false','209','1156'),('1327','true','5','false','218','1157'),('1328','true','6','false','219','1157'),('1329','true','6','false','206','1158'),('1330','true','6','false','215','1159'),('1331','true','8','false','224','1160'),('1332','true','5','false','230','1161'),('1333','true','5','false','231','1161'),('1334','true','7','false','232','1161'),('1335','true','5','false','221','1162'),('1336','true','6','false','222','1162'),('1337','true','5','false','227','1163'),('1338','true','5','false','228','1163'),('1339','true','8','false','229','1163'),('1340','true','5','false','158','1174'),('1341','true','5','false','159','1174'),('1342','true','8','false','160','1174'),('1343','true','5','false','164','1175'),('1344','true','5','false','165','1175'),('1345','true','7','false','166','1175'),('1346','true','9','false','155','1176'),('1347','true','8','false','146','1177'),('1348','true','5','false','152','1178'),('1349','true','5','false','153','1178'),('1350','true','7','false','154','1178'),('1351','true','7','false','167','1179'),('1352','true','6','false','149','1180'),('1353','true','5','false','161','1181'),('1354','true','9','false','162','1181'),('1355','true','5','false','170','1182'),('1356','true','5','false','171','1182'),('1357','true','9','false','172','1182'),('1358','true','7','false','173','1183'),('1359','true','5','false','215','1184'),('1360','true','5','false','216','1184'),('1361','true','8','false','217','1184'),('1362','true','6','false','227','1185'),('1363','true','9','false','218','1186'),('1364','true','5','false','224','1187'),('1365','true','9','false','225','1187'),('1366','true','5','false','221','1188'),('1367','true','9','false','222','1188'),('1368','true','5','false','230','1189'),('1369','true','5','false','231','1189'),('1370','true','6','false','232','1189'),('1371','true','9','false','212','1190'),('1372','true','8','false','277','1191'),('1373','true','5','false','206','1192'),('1374','true','5','false','207','1192'),('1375','true','9','false','208','1192'),('1376','true','5','false','209','1193'),('1377','true','7','false','210','1193'),('1378','true','5','false','146','1204'),('1379','true','5','false','147','1204'),('1380','true','8','false','148','1204'),('1381','true','5','false','161','1205'),('1382','true','5','false','162','1205'),('1383','true','6','false','163','1205'),('1384','true','5','false','173','1206'),('1385','true','5','false','174','1206'),('1386','true','7','false','175','1206'),('1387','true','9','false','164','1207'),('1388','true','5','false','158','1208'),('1389','true','5','false','159','1208'),('1390','true','9','false','160','1208'),('1391','true','8','false','170','1209'),('1392','true','7','false','167','1210'),('1393','true','5','false','155','1211'),('1394','true','8','false','156','1211'),('1395','true','5','false','149','1212'),('1396','true','8','false','150','1212'),('1397','true','8','false','152','1213'),('1398','true','5','false','212','1214'),('1399','true','5','false','213','1214'),('1400','true','8','false','214','1214'),('1401','true','5','false','221','1215'),('1402','true','8','false','222','1215'),('1403','true','5','false','224','1216'),('1404','true','9','false','225','1216'),('1405','true','9','false','206','1217'),('1406','true','5','false','227','1218'),('1407','true','6','false','228','1218'),('1408','true','5','false','218','1219'),('1409','true','9','false','219','1219'),('1410','true','5','false','209','1220'),('1411','true','5','false','210','1220'),('1412','true','6','false','211','1220'),('1413','true','5','false','230','1221'),('1414','true','7','false','231','1221'),('1415','true','8','false','215','1222'),('1416','true','6','false','277','1223'),('1417','true','9','false','146','1234'),('1418','true','5','false','149','1235'),('1419','true','5','false','150','1235'),('1420','true','9','false','151','1235'),('1421','true','9','false','155','1236'),('1422','true','9','false','158','1237'),('1423','true','5','false','152','1238'),('1424','true','5','false','153','1238'),('1425','true','9','false','154','1238'),('1426','true','9','false','164','1239'),('1427','true','5','false','173','1240'),('1428','true','5','false','174','1240'),('1429','true','9','false','175','1240'),('1430','true','9','false','161','1241'),('1431','true','5','false','170','1242'),('1432','true','9','false','171','1242'),('1433','true','5','false','167','1243'),('1434','true','5','false','168','1243'),('1435','true','9','false','169','1243'),('1436','true','9','false','212','1244'),('1437','true','5','false','209','1245'),('1438','true','5','false','210','1245'),('1439','true','9','false','211','1245'),('1440','true','5','false','215','1246'),('1441','true','9','false','216','1246'),('1442','true','9','false','277','1247'),('1443','true','9','false','221','1248'),('1444','true','9','false','227','1249'),('1445','true','5','false','206','1250'),('1446','true','9','false','207','1250'),('1447','true','9','false','230','1251'),('1448','true','5','false','218','1252'),('1449','true','9','false','219','1252'),('1450','true','5','false','224','1253'),('1451','true','5','false','225','1253'),('1452','true','9','false','226','1253'),('1453','true','5','false','161','1264'),('1454','true','5','false','162','1264'),('1455','true','8','false','163','1264'),('1456','true','5','false','164','1265'),('1457','true','5','false','165','1265'),('1458','true','8','false','166','1265'),('1459','true','5','false','173','1266'),('1460','true','6','false','174','1266'),('1461','true','6','false','149','1267'),('1462','true','5','false','152','1268'),('1463','true','5','false','153','1268'),('1464','true','6','false','154','1268'),('1465','true','5','false','158','1269'),('1466','true','6','false','159','1269'),('1467','true','5','false','167','1270'),('1468','true','6','false','168','1270'),('1469','true','5','false','155','1271'),('1470','true','5','false','156','1271'),('1471','true','6','false','157','1271'),('1472','true','5','false','146','1272'),('1473','true','9','false','147','1272'),('1474','true','5','false','170','1273'),('1475','true','6','false','171','1273'),('1476','true','5','false','227','1274'),('1477','true','6','false','228','1274'),('1478','true','9','false','215','1275'),('1479','true','5','false','224','1276'),('1480','true','5','false','225','1276'),('1481','true','8','false','226','1276'),('1482','true','5','false','230','1277'),('1483','true','7','false','231','1277'),('1484','true','8','false','277','1278'),('1485','true','5','false','209','1279'),('1486','true','6','false','210','1279'),('1487','true','5','false','212','1280'),('1488','true','6','false','213','1280'),('1489','true','6','false','206','1281'),('1490','true','9','false','221','1282'),('1491','true','5','false','218','1283'),('1492','true','7','false','219','1283'),('1493','true','5','false','146','1294'),('1494','true','8','false','147','1294'),('1495','true','9','false','158','1295'),('1496','true','7','false','155','1296'),('1497','true','6','false','161','1297'),('1498','true','5','false','170','1298'),('1499','true','8','false','171','1298'),('1500','true','6','false','149','1299'),('1501','true','6','false','164','1300'),('1502','true','5','false','173','1301'),('1503','true','5','false','174','1301'),('1504','true','9','false','175','1301'),('1505','true','5','false','167','1302'),('1506','true','5','false','168','1302'),('1507','true','6','false','169','1302'),('1508','true','8','false','152','1303'),('1509','true','6','false','212','1304'),('1510','true','5','false','206','1305'),('1511','true','9','false','207','1305'),('1512','true','5','false','227','1306'),('1513','true','5','false','228','1306'),('1514','true','7','false','229','1306'),('1515','true','8','false','277','1307'),('1516','true','5','false','233','1308'),('1517','true','5','false','234','1308'),('1518','true','9','false','235','1308'),('1519','true','5','false','224','1309'),('1520','true','6','false','225','1309'),('1521','true','5','false','221','1310'),('1522','true','5','false','222','1310'),('1523','true','6','false','223','1310'),('1524','true','5','false','209','1311'),('1525','true','5','false','210','1311'),('1526','true','9','false','211','1311'),('1527','true','8','false','215','1312'),('1528','true','6','false','218','1313'),('1529','true','6','false','149','1324'),('1530','true','5','false','152','1325'),('1531','true','5','false','153','1325'),('1532','true','8','false','154','1325'),('1533','true','6','false','155','1326'),('1534','true','5','false','158','1327'),('1535','true','8','false','159','1327'),('1536','true','5','false','146','1328'),('1537','true','5','false','147','1328'),('1538','true','7','false','148','1328'),('1539','true','6','false','170','1329'),('1540','true','5','false','161','1330'),('1541','true','5','false','162','1330'),('1542','true','8','false','163','1330'),('1543','true','5','false','167','1331'),('1544','true','5','false','168','1331'),('1545','true','7','false','169','1331'),('1546','true','5','false','164','1332'),('1547','true','5','false','165','1332'),('1548','true','6','false','166','1332'),('1549','true','9','false','173','1333'),('1550','true','9','false','215','1334'),('1551','true','5','false','218','1335'),('1552','true','9','false','219','1335'),('1553','true','8','false','212','1336'),('1554','true','5','false','209','1337'),('1555','true','5','false','210','1337'),('1556','true','6','false','211','1337'),('1557','true','5','false','227','1338'),('1558','true','5','false','228','1338'),('1559','true','9','false','229','1338'),('1560','true','5','false','221','1339'),('1561','true','5','false','222','1339'),('1562','true','8','false','223','1339'),('1563','true','5','false','206','1340'),('1564','true','5','false','207','1340'),('1565','true','8','false','208','1340'),('1566','true','8','false','230','1341'),('1567','true','9','false','233','1342'),('1568','true','5','false','224','1343'),('1569','true','7','false','225','1343'),('1570','true','5','false','170','1354'),('1571','true','5','false','171','1354'),('1572','true','8','false','172','1354'),('1573','true','5','false','152','1355'),('1574','true','5','false','153','1355'),('1575','true','6','false','154','1355'),('1576','true','6','false','173','1356'),('1577','true','5','false','161','1357'),('1578','true','5','false','162','1357'),('1579','true','8','false','163','1357'),('1580','true','5','false','164','1358'),('1581','true','5','false','165','1358'),('1582','true','8','false','166','1358'),('1583','true','6','false','155','1359'),('1584','true','5','false','149','1360'),('1585','true','5','false','150','1360'),('1586','true','6','false','151','1360'),('1587','true','5','false','158','1361'),('1588','true','7','false','159','1361'),('1589','true','5','false','146','1362'),('1590','true','9','false','147','1362'),('1591','true','5','false','167','1363'),('1592','true','5','false','168','1363'),('1593','true','9','false','169','1363'),('1594','true','5','false','218','1364'),('1595','true','9','false','219','1364'),('1596','true','7','false','206','1365'),('1597','true','5','false','224','1366'),('1598','true','5','false','225','1366'),('1599','true','6','false','226','1366'),('1600','true','5','false','227','1367'),('1601','true','5','false','228','1367'),('1602','true','7','false','229','1367'),('1603','true','9','false','230','1368'),('1604','true','7','false','277','1369'),('1605','true','5','false','221','1370'),('1606','true','5','false','222','1370'),('1607','true','9','false','223','1370'),('1608','true','5','false','209','1371'),('1609','true','8','false','210','1371'),('1610','true','5','false','212','1372'),('1611','true','5','false','213','1372'),('1612','true','9','false','214','1372'),('1613','true','8','false','215','1373'),('1614','true','7','false','167','1384'),('1615','true','8','false','152','1385'),('1616','true','5','false','149','1386'),('1617','true','7','false','150','1386'),('1618','true','5','false','146','1387'),('1619','true','5','false','147','1387'),('1620','true','6','false','148','1387'),('1621','true','5','false','158','1388'),('1622','true','5','false','159','1388'),('1623','true','7','false','160','1388'),('1624','true','5','false','161','1389'),('1625','true','8','false','162','1389'),('1626','true','8','false','173','1390'),('1627','true','7','false','170','1391'),('1628','true','8','false','155','1392'),('1629','true','7','false','164','1393'),('1630','true','9','false','277','1394'),('1631','true','8','false','218','1395'),('1632','true','8','false','215','1396'),('1633','true','5','false','209','1397'),('1634','true','5','false','210','1397'),('1635','true','7','false','211','1397'),('1636','true','5','false','230','1398'),('1637','true','6','false','231','1398'),('1638','true','5','false','212','1399'),('1639','true','5','false','213','1399'),('1640','true','6','false','214','1399'),('1641','true','5','false','227','1400'),('1642','true','5','false','228','1400'),('1643','true','9','false','229','1400'),('1644','true','5','false','206','1401'),('1645','true','5','false','207','1401'),('1646','true','6','false','208','1401'),('1647','true','5','false','224','1402'),('1648','true','5','false','225','1402'),('1649','true','8','false','226','1402'),('1650','true','5','false','221','1403'),('1651','true','5','false','222','1403'),('1652','true','6','false','223','1403'),('1653','true','5','false','173','1414'),('1654','true','8','false','174','1414'),('1655','true','5','false','155','1415'),('1656','true','5','false','156','1415'),('1657','true','8','false','157','1415'),('1658','true','7','false','158','1416'),('1659','true','5','false','149','1417'),('1660','true','5','false','150','1417'),('1661','true','9','false','151','1417'),('1662','true','5','false','167','1418'),('1663','true','5','false','168','1418'),('1664','true','7','false','169','1418'),('1665','true','5','false','164','1419'),('1666','true','5','false','165','1419'),('1667','true','6','false','166','1419'),('1668','true','5','false','161','1420'),('1669','true','5','false','162','1420'),('1670','true','6','false','163','1420'),('1671','true','8','false','152','1421'),('1672','true','9','false','170','1422'),('1673','true','5','false','146','1423'),('1674','true','9','false','147','1423'),('1675','true','5','false','212','1424'),('1676','true','5','false','213','1424'),('1677','true','7','false','214','1424'),('1678','true','5','false','218','1425'),('1679','true','5','false','219','1425'),('1680','true','8','false','220','1425'),('1681','true','5','false','230','1426'),('1682','true','6','false','231','1426'),('1683','true','5','false','227','1427'),('1684','true','5','false','228','1427'),('1685','true','7','false','229','1427'),('1686','true','9','false','215','1428'),('1687','true','7','false','233','1429'),('1688','true','5','false','206','1430'),('1689','true','5','false','207','1430'),('1690','true','9','false','208','1430'),('1691','true','6','false','209','1431'),('1692','true','5','false','224','1432'),('1693','true','7','false','225','1432'),('1694','true','5','false','221','1433'),('1695','true','9','false','222','1433'),('1696','true','5','false','161','1444'),('1697','true','5','false','162','1444'),('1698','true','6','false','163','1444'),('1699','true','5','false','152','1445'),('1700','true','6','false','153','1445'),('1701','true','6','false','158','1446'),('1702','true','5','false','146','1447'),('1703','true','5','false','147','1447'),('1704','true','7','false','148','1447'),('1705','true','5','false','164','1448'),('1706','true','5','false','165','1448'),('1707','true','8','false','166','1448'),('1708','true','5','false','170','1449'),('1709','true','5','false','171','1449'),('1710','true','9','false','172','1449'),('1711','true','5','false','149','1450'),('1712','true','8','false','150','1450'),('1713','true','5','false','167','1451'),('1714','true','5','false','168','1451'),('1715','true','9','false','169','1451'),('1716','true','6','false','173','1452'),('1717','true','7','false','155','1453'),('1718','true','5','false','227','1454'),('1719','true','5','false','228','1454'),('1720','true','7','false','229','1454'),('1721','true','5','false','215','1455'),('1722','true','7','false','216','1455'),('1723','true','5','false','224','1456'),('1724','true','5','false','225','1456'),('1725','true','8','false','226','1456'),('1726','true','5','false','212','1457'),('1727','true','8','false','213','1457'),('1728','true','5','false','221','1458'),('1729','true','8','false','222','1458'),('1730','true','5','false','218','1459'),('1731','true','5','false','219','1459'),('1732','true','7','false','220','1459'),('1733','true','6','false','277','1460'),('1734','true','5','false','206','1461'),('1735','true','8','false','207','1461'),('1736','true','5','false','233','1462'),('1737','true','9','false','234','1462'),('1738','true','5','false','209','1463'),('1739','true','6','false','210','1463'),('1740','true','9','false','170','1474'),('1741','true','5','false','155','1475'),('1742','true','9','false','156','1475'),('1743','true','5','false','149','1476'),('1744','true','5','false','150','1476'),('1745','true','9','false','151','1476'),('1746','true','5','false','173','1477'),('1747','true','9','false','174','1477'),('1748','true','5','false','167','1478'),('1749','true','9','false','168','1478'),('1750','true','5','false','164','1479'),('1751','true','9','false','165','1479'),('1752','true','5','false','158','1480'),('1753','true','5','false','159','1480'),('1754','true','9','false','160','1480'),('1755','true','5','false','146','1481'),('1756','true','9','false','147','1481'),('1757','true','9','false','152','1482'),('1758','true','9','false','161','1483'),('1759','true','9','false','212','1484'),('1760','true','9','false','209','1485'),('1761','true','9','false','233','1486'),('1762','true','5','false','227','1487'),('1763','true','5','false','228','1487'),('1764','true','9','false','229','1487'),('1765','true','9','false','218','1488'),('1766','true','5','false','215','1489'),('1767','true','9','false','216','1489'),('1768','true','5','false','221','1490'),('1769','true','9','false','222','1490'),('1770','true','9','false','224','1491'),('1771','true','9','false','277','1492'),('1772','true','9','false','206','1493'),('1773','true','5','false','146','1504'),('1774','true','7','false','147','1504'),('1775','true','5','false','155','1505'),('1776','true','5','false','156','1505'),('1777','true','8','false','157','1505'),('1778','true','5','false','164','1506'),('1779','true','8','false','165','1506'),('1780','true','7','false','152','1507'),('1781','true','5','false','158','1508'),('1782','true','7','false','159','1508'),('1783','true','7','false','149','1509'),('1784','true','6','false','161','1510'),('1785','true','6','false','173','1511'),('1786','true','5','false','170','1512'),('1787','true','5','false','171','1512'),('1788','true','6','false','172','1512'),('1789','true','5','false','167','1513'),('1790','true','7','false','168','1513'),('1791','true','5','false','227','1514'),('1792','true','9','false','228','1514'),('1793','true','5','false','221','1515'),('1794','true','5','false','222','1515'),('1795','true','8','false','223','1515'),('1796','true','7','false','224','1516'),('1797','true','6','false','206','1517'),('1798','true','9','false','233','1518'),('1799','true','6','false','212','1519'),('1800','true','5','false','218','1520'),('1801','true','8','false','219','1520'),('1802','true','5','false','209','1521'),('1803','true','5','false','210','1521'),('1804','true','6','false','211','1521'),('1805','true','5','false','215','1522'),('1806','true','8','false','216','1522'),('1807','true','6','false','277','1523'),('1808','true','8','false','173','1534'),('1809','true','7','false','161','1535'),('1810','true','6','false','164','1536'),('1811','true','7','false','158','1537'),('1812','true','8','false','170','1538'),('1813','true','7','false','146','1539'),('1814','true','5','false','155','1540'),('1815','true','7','false','156','1540'),('1816','true','5','false','149','1541'),('1817','true','5','false','150','1541'),('1818','true','9','false','151','1541'),('1819','true','5','false','167','1542'),('1820','true','8','false','168','1542'),('1821','true','5','false','152','1543'),('1822','true','7','false','153','1543'),('1823','true','5','false','212','1544'),('1824','true','6','false','213','1544'),('1825','true','9','false','206','1545'),('1826','true','5','false','221','1546'),('1827','true','9','false','222','1546'),('1828','true','5','false','209','1547'),('1829','true','5','false','210','1547'),('1830','true','6','false','211','1547'),('1831','true','5','false','230','1548'),('1832','true','8','false','231','1548'),('1833','true','9','false','277','1549'),('1834','true','5','false','227','1550'),('1835','true','5','false','228','1550'),('1836','true','7','false','229','1550'),('1837','true','5','false','224','1551'),('1838','true','6','false','225','1551'),('1839','true','5','false','215','1552'),('1840','true','5','false','216','1552'),('1841','true','7','false','217','1552'),('1842','true','5','false','218','1553'),('1843','true','5','false','219','1553'),('1844','true','8','false','220','1553'),('1845','true','5','false','173','1564'),('1846','true','5','false','174','1564'),('1847','true','9','false','175','1564'),('1848','true','8','false','161','1565'),('1849','true','7','false','155','1566'),('1850','true','8','false','158','1567'),('1851','true','5','false','152','1568'),('1852','true','5','false','153','1568'),('1853','true','7','false','154','1568'),('1854','true','5','false','170','1569'),('1855','true','8','false','171','1569'),('1856','true','6','false','167','1570'),('1857','true','5','false','149','1571'),('1858','true','7','false','150','1571'),('1859','true','6','false','146','1572'),('1860','true','7','false','164','1573'),('1861','true','5','false','230','1574'),('1862','true','7','false','231','1574'),('1863','true','5','false','212','1575'),('1864','true','8','false','213','1575'),('1865','true','8','false','218','1576'),('1866','true','5','false','224','1577'),('1867','true','5','false','225','1577'),('1868','true','8','false','226','1577'),('1869','true','9','false','233','1578'),('1870','true','5','false','227','1579'),('1871','true','8','false','228','1579'),('1872','true','5','false','215','1580'),('1873','true','5','false','216','1580'),('1874','true','7','false','217','1580'),('1875','true','9','false','206','1581'),('1876','true','5','false','209','1582'),('1877','true','5','false','210','1582'),('1878','true','7','false','211','1582'),('1879','true','5','false','221','1583'),('1880','true','5','false','222','1583'),('1881','true','7','false','223','1583'),('1882','true','7','false','170','1594'),('1883','true','5','false','152','1595'),('1884','true','7','false','153','1595'),('1885','true','5','false','158','1596'),('1886','true','5','false','159','1596'),('1887','true','6','false','160','1596'),('1888','true','6','false','149','1597'),('1889','true','5','false','155','1598'),('1890','true','9','false','156','1598'),('1891','true','5','false','173','1599'),('1892','true','5','false','174','1599'),('1893','true','9','false','175','1599'),('1894','true','9','false','164','1600'),('1895','true','5','false','146','1601'),('1896','true','6','false','147','1601'),('1897','true','5','false','161','1602'),('1898','true','8','false','162','1602'),('1899','true','5','false','167','1603'),('1900','true','8','false','168','1603'),('1901','true','6','false','230','1604'),('1902','true','5','false','227','1605'),('1903','true','8','false','228','1605'),('1904','true','8','false','218','1606'),('1905','true','7','false','215','1607'),('1906','true','5','false','224','1608'),('1907','true','5','false','225','1608'),('1908','true','6','false','226','1608'),('1909','true','5','false','209','1609'),('1910','true','8','false','210','1609'),('1911','true','7','false','277','1610'),('1912','true','9','false','212','1611'),('1913','true','5','false','206','1612'),('1914','true','9','false','207','1612'),('1915','true','8','false','221','1613'),('1916','true','7','false','164','1624'),('1917','true','5','false','170','1625'),('1918','true','8','false','171','1625'),('1919','true','9','false','146','1626'),('1920','true','5','false','152','1627'),('1921','true','5','false','153','1627'),('1922','true','9','false','154','1627'),('1923','true','5','false','155','1628'),('1924','true','5','false','156','1628'),('1925','true','8','false','157','1628'),('1926','true','7','false','149','1629'),('1927','true','5','false','161','1630'),('1928','true','9','false','162','1630'),('1929','true','5','false','167','1631'),('1930','true','6','false','168','1631'),('1931','true','8','false','173','1632'),('1932','true','5','false','158','1633'),('1933','true','5','false','159','1633'),('1934','true','8','false','160','1633'),('1935','true','5','false','218','1634'),('1936','true','9','false','219','1634'),('1937','true','9','false','209','1635'),('1938','true','8','false','206','1636'),('1939','true','5','false','212','1637'),('1940','true','5','false','213','1637'),('1941','true','8','false','214','1637'),('1942','true','5','false','221','1638'),('1943','true','5','false','222','1638'),('1944','true','9','false','223','1638'),('1945','true','7','false','277','1639'),('1946','true','5','false','227','1640'),('1947','true','5','false','228','1640'),('1948','true','8','false','229','1640'),('1949','true','5','false','224','1641'),('1950','true','9','false','225','1641'),('1951','true','5','false','230','1642'),('1952','true','7','false','231','1642'),('1953','true','5','false','215','1643'),('1954','true','8','false','216','1643'),('1955','true','5','false','146','1654'),('1956','true','5','false','147','1654'),('1957','true','6','false','148','1654'),('1958','true','9','false','164','1655'),('1959','true','5','false','167','1656'),('1960','true','5','false','168','1656'),('1961','true','6','false','169','1656'),('1962','true','5','false','158','1657'),('1963','true','6','false','159','1657'),('1964','true','5','false','173','1658'),('1965','true','5','false','174','1658'),('1966','true','8','false','175','1658'),('1967','true','5','false','170','1659'),('1968','true','7','false','171','1659'),('1969','true','7','false','149','1660'),('1970','true','5','false','152','1661'),('1971','true','7','false','153','1661'),('1972','true','5','false','161','1662'),('1973','true','9','false','162','1662'),('1974','true','5','false','155','1663'),('1975','true','5','false','156','1663'),('1976','true','7','false','157','1663'),('1977','true','9','false','218','1664'),('1978','true','9','false','212','1665'),('1979','true','5','false','221','1666'),('1980','true','8','false','222','1666'),('1981','true','5','false','209','1667'),('1982','true','5','false','210','1667'),('1983','true','6','false','211','1667'),('1984','true','5','false','233','1668'),('1985','true','5','false','234','1668'),('1986','true','6','false','235','1668'),('1987','true','9','false','227','1669'),('1988','true','5','false','230','1670'),('1989','true','7','false','231','1670'),('1990','true','9','false','206','1671'),('1991','true','5','false','224','1672'),('1992','true','5','false','225','1672'),('1993','true','7','false','226','1672'),('1994','true','5','false','215','1673'),('1995','true','5','false','216','1673'),('1996','true','6','false','217','1673'),('1997','true','6','false','155','1684'),('1998','true','5','false','152','1685'),('1999','true','9','false','153','1685'),('2000','true','5','false','164','1686'),('2001','true','8','false','165','1686'),('2002','true','9','false','158','1687'),('2003','true','5','false','170','1688'),('2004','true','9','false','171','1688'),('2005','true','5','false','161','1689'),('2006','true','8','false','162','1689'),('2007','true','5','false','173','1690'),('2008','true','7','false','174','1690'),('2009','true','5','false','149','1691'),('2010','true','9','false','150','1691'),('2011','true','5','false','146','1692'),('2012','true','9','false','147','1692'),('2013','true','5','false','167','1693'),('2014','true','7','false','168','1693'),('2015','true','9','false','224','1694'),('2016','true','6','false','233','1695'),('2017','true','5','false','218','1696'),('2018','true','5','false','219','1696'),('2019','true','7','false','220','1696'),('2020','true','5','false','209','1697'),('2021','true','5','false','210','1697'),('2022','true','7','false','211','1697'),('2023','true','6','false','221','1698'),('2024','true','9','false','215','1699'),('2025','true','5','false','230','1700'),('2026','true','8','false','231','1700'),('2027','true','5','false','206','1701'),('2028','true','5','false','207','1701'),('2029','true','6','false','208','1701'),('2030','true','8','false','212','1702'),('2031','true','5','false','227','1703'),('2032','true','7','false','228','1703'),('2033','true','9','false','152','1714'),('2034','true','5','false','164','1715'),('2035','true','9','false','165','1715'),('2036','true','5','false','167','1716'),('2037','true','9','false','168','1716'),('2038','true','5','false','170','1717'),('2039','true','5','false','171','1717'),('2040','true','9','false','172','1717'),('2041','true','5','false','173','1718'),('2042','true','5','false','174','1718'),('2043','true','9','false','175','1718'),('2044','true','9','false','149','1719'),('2045','true','9','false','161','1720'),('2046','true','5','false','158','1721'),('2047','true','9','false','159','1721'),('2048','true','5','false','155','1722'),('2049','true','5','false','156','1722'),('2050','true','9','false','157','1722'),('2051','true','5','false','146','1723'),('2052','true','5','false','147','1723'),('2053','true','9','false','148','1723'),('2054','true','9','false','218','1724'),('2055','true','9','false','233','1725'),('2056','true','5','false','206','1726'),('2057','true','5','false','207','1726'),('2058','true','9','false','208','1726'),('2059','true','9','false','215','1727'),('2060','true','5','false','212','1728'),('2061','true','9','false','213','1728'),('2062','true','5','false','224','1729'),('2063','true','9','false','225','1729'),('2064','true','5','false','221','1730'),('2065','true','9','false','222','1730'),('2066','true','5','false','227','1731'),('2067','true','5','false','228','1731'),('2068','true','9','false','229','1731'),('2069','true','5','false','209','1732'),('2070','true','9','false','210','1732'),('2071','true','9','false','277','1733'),('2072','true','6','false','167','1744'),('2073','true','5','false','161','1745'),('2074','true','9','false','162','1745'),('2075','true','9','false','173','1746'),('2076','true','5','false','152','1747'),('2077','true','5','false','153','1747'),('2078','true','7','false','154','1747'),('2079','true','5','false','146','1748'),('2080','true','5','false','147','1748'),('2081','true','8','false','148','1748'),('2082','true','5','false','158','1749'),('2083','true','5','false','159','1749'),('2084','true','9','false','160','1749'),('2085','true','7','false','170','1750'),('2086','true','7','false','149','1751'),('2087','true','5','false','164','1752'),('2088','true','7','false','165','1752'),('2089','true','7','false','155','1753'),('2090','true','5','false','221','1754'),('2091','true','9','false','222','1754'),('2092','true','5','false','230','1755'),('2093','true','6','false','231','1755'),('2094','true','8','false','206','1756'),('2095','true','5','false','209','1757'),('2096','true','5','false','210','1757'),('2097','true','9','false','211','1757'),('2098','true','5','false','227','1758'),('2099','true','9','false','228','1758'),('2100','true','5','false','224','1759'),('2101','true','7','false','225','1759'),('2102','true','5','false','215','1760'),('2103','true','8','false','216','1760'),('2104','true','7','false','277','1761'),('2105','true','5','false','218','1762'),('2106','true','5','false','219','1762'),('2107','true','9','false','220','1762'),('2108','true','5','false','212','1763'),('2109','true','6','false','213','1763'),('2110','true','8','false','167','1774'),('2111','true','5','false','173','1775'),('2112','true','5','false','174','1775'),('2113','true','7','false','175','1775'),('2114','true','5','false','152','1776'),('2115','true','5','false','153','1776'),('2116','true','7','false','154','1776'),('2117','true','5','false','170','1777'),('2118','true','7','false','171','1777'),('2119','true','5','false','149','1778'),('2120','true','5','false','150','1778'),('2121','true','6','false','151','1778'),('2122','true','5','false','164','1779'),('2123','true','9','false','165','1779'),('2124','true','7','false','146','1780'),('2125','true','5','false','155','1781'),('2126','true','6','false','156','1781'),('2127','true','5','false','161','1782'),('2128','true','5','false','162','1782'),('2129','true','7','false','163','1782'),('2130','true','5','false','158','1783'),('2131','true','6','false','159','1783'),('2132','true','5','false','218','1784'),('2133','true','5','false','219','1784'),('2134','true','7','false','220','1784'),('2135','true','5','false','206','1785'),('2136','true','6','false','207','1785'),('2137','true','5','false','209','1786'),('2138','true','8','false','210','1786'),('2139','true','9','false','277','1787'),('2140','true','5','false','212','1788'),('2141','true','5','false','213','1788'),('2142','true','6','false','214','1788'),('2143','true','5','false','221','1789'),('2144','true','5','false','222','1789'),('2145','true','7','false','223','1789'),('2146','true','7','false','215','1790'),('2147','true','5','false','227','1791'),('2148','true','9','false','228','1791'),('2149','true','5','false','230','1792'),('2150','true','6','false','231','1792'),('2151','true','5','false','224','1793'),('2152','true','7','false','225','1793'),('2153','true','7','false','149','1804'),('2154','true','7','false','170','1805'),('2155','true','5','false','164','1806'),('2156','true','5','false','165','1806'),('2157','true','9','false','166','1806'),('2158','true','5','false','158','1807'),('2159','true','5','false','159','1807'),('2160','true','6','false','160','1807'),('2161','true','7','false','146','1808'),('2162','true','5','false','161','1809'),('2163','true','5','false','162','1809'),('2164','true','7','false','163','1809'),('2165','true','9','false','152','1810'),('2166','true','5','false','155','1811'),('2167','true','9','false','156','1811'),('2168','true','5','false','167','1812'),('2169','true','7','false','168','1812'),('2170','true','5','false','173','1813'),('2171','true','5','false','174','1813'),('2172','true','9','false','175','1813'),('2173','true','5','false','206','1814'),('2174','true','5','false','207','1814'),('2175','true','7','false','208','1814'),('2176','true','5','false','221','1815'),('2177','true','5','false','222','1815'),('2178','true','7','false','223','1815'),('2179','true','5','false','218','1816'),('2180','true','9','false','219','1816'),('2181','true','5','false','224','1817'),('2182','true','5','false','225','1817'),('2183','true','7','false','226','1817'),('2184','true','8','false','233','1818'),('2185','true','5','false','215','1819'),('2186','true','5','false','216','1819'),('2187','true','6','false','217','1819'),('2188','true','8','false','209','1820'),('2189','true','8','false','212','1821'),('2190','true','8','false','230','1822'),('2191','true','5','false','227','1823'),('2192','true','7','false','228','1823'),('2193','true','5','false','155','1834'),('2194','true','5','false','156','1834'),('2195','true','6','false','157','1834'),('2196','true','5','false','152','1835'),('2197','true','8','false','153','1835'),('2198','true','5','false','173','1836'),('2199','true','5','false','174','1836'),('2200','true','6','false','175','1836'),('2201','true','5','false','158','1837'),('2202','true','9','false','159','1837'),('2203','true','9','false','149','1838'),('2204','true','5','false','167','1839'),('2205','true','7','false','168','1839'),('2206','true','8','false','161','1840'),('2207','true','7','false','170','1841'),('2208','true','5','false','164','1842'),('2209','true','5','false','165','1842'),('2210','true','8','false','166','1842'),('2211','true','5','false','146','1843'),('2212','true','5','false','147','1843'),('2213','true','6','false','148','1843'),('2214','true','6','false','209','1844'),('2215','true','5','false','218','1845'),('2216','true','9','false','219','1845'),('2217','true','5','false','230','1846'),('2218','true','9','false','231','1846'),('2219','true','5','false','224','1847'),('2220','true','5','false','225','1847'),('2221','true','9','false','226','1847'),('2222','true','5','false','206','1848'),('2223','true','7','false','207','1848'),('2224','true','6','false','212','1849'),('2225','true','5','false','215','1850'),('2226','true','5','false','216','1850'),('2227','true','8','false','217','1850'),('2228','true','5','false','221','1851'),('2229','true','9','false','222','1851'),('2230','true','8','false','227','1852'),('2231','true','9','false','277','1853'),('2232','true','5','false','173','1864'),('2233','true','9','false','174','1864'),('2234','true','5','false','170','1865'),('2235','true','5','false','171','1865'),('2236','true','9','false','172','1865'),('2237','true','5','false','167','1866'),('2238','true','5','false','168','1866'),('2239','true','8','false','169','1866'),('2240','true','9','false','152','1867'),('2241','true','5','false','155','1868'),('2242','true','5','false','156','1868'),('2243','true','8','false','157','1868'),('2244','true','6','false','149','1869'),('2245','true','5','false','146','1870'),('2246','true','5','false','147','1870'),('2247','true','8','false','148','1870'),('2248','true','5','false','161','1871'),('2249','true','8','false','162','1871'),('2250','true','5','false','164','1872'),('2251','true','5','false','165','1872'),('2252','true','7','false','166','1872'),('2253','true','9','false','158','1873'),('2254','true','5','false','233','1874'),('2255','true','8','false','234','1874'),('2256','true','7','false','224','1875'),('2257','true','5','false','212','1876'),('2258','true','9','false','213','1876'),('2259','true','9','false','206','1877'),('2260','true','7','false','215','1878'),('2261','true','7','false','227','1879'),('2262','true','5','false','218','1880'),('2263','true','5','false','219','1880'),('2264','true','9','false','220','1880'),('2265','true','5','false','230','1881'),('2266','true','6','false','231','1881'),('2267','true','5','false','209','1882'),('2268','true','9','false','210','1882'),('2269','true','9','false','221','1883'),('2270','true','5','false','167','1894'),('2271','true','5','false','168','1894'),('2272','true','7','false','169','1894'),('2273','true','7','false','152','1895'),('2274','true','7','false','149','1896'),('2275','true','6','false','146','1897'),('2276','true','6','false','164','1898'),('2277','true','5','false','170','1899'),('2278','true','9','false','171','1899'),('2279','true','5','false','155','1900'),('2280','true','8','false','156','1900'),('2281','true','5','false','161','1901'),('2282','true','6','false','162','1901'),('2283','true','8','false','158','1902'),('2284','true','5','false','173','1903'),('2285','true','7','false','174','1903'),('2286','true','5','false','227','1904'),('2287','true','6','false','228','1904'),('2288','true','5','false','215','1905'),('2289','true','8','false','216','1905'),('2290','true','5','false','224','1906'),('2291','true','8','false','225','1906'),('2292','true','9','false','218','1907'),('2293','true','7','false','277','1908'),('2294','true','6','false','212','1909'),('2295','true','8','false','221','1910'),('2296','true','5','false','209','1911'),('2297','true','5','false','210','1911'),('2298','true','7','false','211','1911'),('2299','true','5','false','206','1912'),('2300','true','8','false','207','1912'),('2301','true','5','false','230','1913'),('2302','true','6','false','231','1913'),('2303','true','5','false','164','1924'),('2304','true','5','false','165','1924'),('2305','true','8','false','166','1924'),('2306','true','6','false','170','1925'),('2307','true','5','false','152','1926'),('2308','true','5','false','153','1926'),('2309','true','6','false','154','1926'),('2310','true','5','false','146','1927'),('2311','true','6','false','147','1927'),('2312','true','5','false','173','1928'),('2313','true','9','false','174','1928'),('2314','true','7','false','161','1929'),('2315','true','5','false','155','1930'),('2316','true','5','false','156','1930'),('2317','true','8','false','157','1930'),('2318','true','5','false','158','1931'),('2319','true','5','false','159','1931'),('2320','true','7','false','160','1931'),('2321','true','5','false','149','1932'),('2322','true','6','false','150','1932'),('2323','true','9','false','167','1933'),('2324','true','5','false','209','1934'),('2325','true','5','false','210','1934'),('2326','true','6','false','211','1934'),('2327','true','8','false','277','1935'),('2328','true','5','false','230','1936'),('2329','true','8','false','231','1936'),('2330','true','7','false','212','1937'),('2331','true','5','false','218','1938'),('2332','true','5','false','219','1938'),('2333','true','8','false','220','1938'),('2334','true','7','false','224','1939'),('2335','true','5','false','221','1940'),('2336','true','7','false','222','1940'),('2337','true','5','false','215','1941'),('2338','true','5','false','216','1941'),('2339','true','8','false','217','1941'),('2340','true','5','false','227','1942'),('2341','true','6','false','228','1942'),('2342','true','5','false','206','1943'),('2343','true','8','false','207','1943'),('2344','true','5','false','164','1954'),('2345','true','9','false','165','1954'),('2346','true','5','false','149','1955'),('2347','true','5','false','150','1955'),('2348','true','6','false','151','1955'),('2349','true','5','false','158','1956'),('2350','true','8','false','159','1956'),('2351','true','6','false','167','1957'),('2352','true','6','false','146','1958'),('2353','true','7','false','173','1959'),('2354','true','9','false','170','1960'),('2355','true','5','false','155','1961'),('2356','true','6','false','156','1961'),('2357','true','5','false','152','1962'),('2358','true','5','false','153','1962'),('2359','true','7','false','154','1962'),('2360','true','8','false','161','1963'),('2361','true','5','false','233','1964'),('2362','true','7','false','234','1964'),('2363','true','5','false','224','1965'),('2364','true','9','false','225','1965'),('2365','true','7','false','277','1966'),('2366','true','5','false','206','1967'),('2367','true','5','false','207','1967'),('2368','true','8','false','208','1967'),('2369','true','6','false','212','1968'),('2370','true','5','false','221','1969'),('2371','true','5','false','222','1969'),('2372','true','8','false','223','1969'),('2373','true','9','false','218','1970'),('2374','true','5','false','215','1971'),('2375','true','5','false','216','1971'),('2376','true','7','false','217','1971'),('2377','true','5','false','209','1972'),('2378','true','8','false','210','1972'),('2379','true','5','false','227','1973'),('2380','true','8','false','228','1973'),('2381','true','5','false','173','1984'),('2382','true','5','false','174','1984'),('2383','true','7','false','175','1984'),('2384','true','5','false','158','1985'),('2385','true','9','false','159','1985'),('2386','true','5','false','155','1986'),('2387','true','5','false','156','1986'),('2388','true','9','false','157','1986'),('2389','true','8','false','146','1987'),('2390','true','9','false','164','1988'),('2391','true','5','false','149','1989'),('2392','true','5','false','150','1989'),('2393','true','9','false','151','1989'),('2394','true','5','false','161','1990'),('2395','true','8','false','162','1990'),('2396','true','5','false','152','1991'),('2397','true','8','false','153','1991'),('2398','true','5','false','170','1992'),('2399','true','5','false','171','1992'),('2400','true','9','false','172','1992'),('2401','true','5','false','167','1993'),('2402','true','5','false','168','1993'),('2403','true','8','false','169','1993'),('2404','true','5','false','209','1994'),('2405','true','9','false','210','1994'),('2406','true','5','false','206','1995'),('2407','true','6','false','207','1995'),('2408','true','5','false','230','1996'),('2409','true','5','false','231','1996'),('2410','true','8','false','232','1996'),('2411','true','5','false','221','1997'),('2412','true','5','false','222','1997'),('2413','true','9','false','223','1997'),('2414','true','5','false','215','1998'),('2415','true','5','false','216','1998'),('2416','true','8','false','217','1998'),('2417','true','7','false','227','1999'),('2418','true','6','false','277','2000'),('2419','true','5','false','224','2001'),('2420','true','9','false','225','2001'),('2421','true','5','false','218','2002'),('2422','true','8','false','219','2002'),('2423','true','5','false','212','2003'),('2424','true','5','false','213','2003'),('2425','true','6','false','214','2003'),('2426','true','5','false','164','2014'),('2427','true','9','false','165','2014'),('2428','true','6','false','167','2015'),('2429','true','8','false','149','2016'),('2430','true','6','false','155','2017'),('2431','true','5','false','161','2018'),('2432','true','6','false','162','2018'),('2433','true','5','false','152','2019'),('2434','true','8','false','153','2019'),('2435','true','9','false','173','2020'),('2436','true','6','false','146','2021'),('2437','true','5','false','170','2022'),('2438','true','7','false','171','2022'),('2439','true','5','false','158','2023'),('2440','true','6','false','159','2023'),('2441','true','7','false','277','2024'),('2442','true','5','false','206','2025'),('2443','true','8','false','207','2025'),('2444','true','8','false','209','2026'),('2445','true','5','false','212','2027'),('2446','true','5','false','213','2027'),('2447','true','6','false','214','2027'),('2448','true','6','false','215','2028'),('2449','true','6','false','233','2029'),('2450','true','5','false','224','2030'),('2451','true','5','false','225','2030'),('2452','true','8','false','226','2030'),('2453','true','5','false','227','2031'),('2454','true','9','false','228','2031'),('2455','true','5','false','218','2032'),('2456','true','5','false','219','2032'),('2457','true','9','false','220','2032'),('2458','true','5','false','221','2033'),('2459','true','8','false','222','2033'),('2460','true','5','false','170','2044'),('2461','true','7','false','171','2044'),('2462','true','9','false','149','2045'),('2463','true','5','false','155','2046'),('2464','true','5','false','156','2046'),('2465','true','7','false','157','2046'),('2466','true','5','false','146','2047'),('2467','true','6','false','147','2047'),('2468','true','5','false','158','2048'),('2469','true','5','false','159','2048'),('2470','true','9','false','160','2048'),('2471','true','5','false','161','2049'),('2472','true','5','false','162','2049'),('2473','true','9','false','163','2049'),('2474','true','5','false','167','2050'),('2475','true','5','false','168','2050'),('2476','true','7','false','169','2050'),('2477','true','5','false','152','2051'),('2478','true','6','false','153','2051'),('2479','true','5','false','173','2052'),('2480','true','5','false','174','2052'),('2481','true','8','false','175','2052'),('2482','true','5','false','164','2053'),('2483','true','5','false','165','2053'),('2484','true','9','false','166','2053'),('2485','true','5','false','224','2054'),('2486','true','8','false','225','2054'),('2487','true','5','false','209','2055'),('2488','true','5','false','210','2055'),('2489','true','8','false','211','2055'),('2490','true','5','false','215','2056'),('2491','true','5','false','216','2056'),('2492','true','7','false','217','2056'),('2493','true','5','false','206','2057'),('2494','true','5','false','207','2057'),('2495','true','9','false','208','2057'),('2496','true','5','false','233','2058'),('2497','true','5','false','234','2058'),('2498','true','6','false','235','2058'),('2499','true','5','false','212','2059'),('2500','true','9','false','213','2059'),('2501','true','5','false','221','2060'),('2502','true','5','false','222','2060'),('2503','true','6','false','223','2060'),('2504','true','5','false','218','2061'),('2505','true','5','false','219','2061'),('2506','true','6','false','220','2061'),('2507','true','7','false','277','2062'),('2508','true','5','false','227','2063'),('2509','true','8','false','228','2063'),('2510','true','9','false','167','2074'),('2511','true','9','false','170','2075'),('2512','true','5','false','158','2076'),('2513','true','5','false','159','2076'),('2514','true','9','false','160','2076'),('2515','true','5','false','152','2077'),('2516','true','9','false','153','2077'),('2517','true','5','false','164','2078'),('2518','true','9','false','165','2078'),('2519','true','5','false','146','2079'),('2520','true','9','false','147','2079'),('2521','true','5','false','161','2080'),('2522','true','5','false','162','2080'),('2523','true','9','false','163','2080'),('2524','true','5','false','155','2081'),('2525','true','5','false','156','2081'),('2526','true','9','false','157','2081'),('2527','true','5','false','173','2082'),('2528','true','5','false','174','2082'),('2529','true','9','false','175','2082'),('2530','true','9','false','149','2083'),('2531','true','5','false','209','2084'),('2532','true','9','false','210','2084'),('2533','true','5','false','224','2085'),('2534','true','5','false','225','2085'),('2535','true','9','false','226','2085'),('2536','true','5','false','218','2086'),('2537','true','5','false','219','2086'),('2538','true','9','false','220','2086'),('2539','true','9','false','233','2087'),('2540','true','5','false','206','2088'),('2541','true','5','false','207','2088'),('2542','true','9','false','208','2088'),('2543','true','5','false','215','2089'),('2544','true','9','false','216','2089'),('2545','true','9','false','212','2090'),('2546','true','5','false','227','2091'),('2547','true','9','false','228','2091'),('2548','true','5','false','221','2092'),('2549','true','5','false','222','2092'),('2550','true','9','false','223','2092'),('2551','true','5','false','230','2093'),('2552','true','9','false','231','2093'),('2553','true','5','false','173','2104'),('2554','true','5','false','174','2104'),('2555','true','9','false','175','2104'),('2556','true','6','false','146','2105'),('2557','true','5','false','149','2106'),('2558','true','5','false','150','2106'),('2559','true','8','false','151','2106'),('2560','true','7','false','164','2107'),('2561','true','5','false','170','2108'),('2562','true','8','false','171','2108'),('2563','true','5','false','161','2109'),('2564','true','6','false','162','2109'),('2565','true','5','false','167','2110'),('2566','true','8','false','168','2110'),('2567','true','9','false','155','2111'),('2568','true','5','false','152','2112'),('2569','true','5','false','153','2112'),('2570','true','8','false','154','2112'),('2571','true','6','false','158','2113'),('2572','true','5','false','215','2114'),('2573','true','5','false','216','2114'),('2574','true','7','false','217','2114'),('2575','true','8','false','206','2115'),('2576','true','5','false','221','2116'),('2577','true','9','false','222','2116'),('2578','true','7','false','212','2117'),('2579','true','5','false','209','2118'),('2580','true','5','false','210','2118'),('2581','true','9','false','211','2118'),('2582','true','5','false','224','2119'),('2583','true','5','false','225','2119'),('2584','true','7','false','226','2119'),('2585','true','9','false','277','2120'),('2586','true','5','false','233','2121'),('2587','true','5','false','234','2121'),('2588','true','8','false','235','2121'),('2589','true','7','false','227','2122'),('2590','true','5','false','218','2123'),('2591','true','9','false','219','2123'),('2592','true','5','false','167','2134'),('2593','true','5','false','168','2134'),('2594','true','7','false','169','2134'),('2595','true','5','false','161','2135'),('2596','true','5','false','162','2135'),('2597','true','8','false','163','2135'),('2598','true','5','false','173','2136'),('2599','true','7','false','174','2136'),('2600','true','5','false','146','2137'),('2601','true','9','false','147','2137'),('2602','true','5','false','170','2138'),('2603','true','5','false','171','2138'),('2604','true','8','false','172','2138'),('2605','true','7','false','152','2139'),('2606','true','6','false','149','2140'),('2607','true','5','false','158','2141'),('2608','true','7','false','159','2141'),('2609','true','9','false','155','2142'),('2610','true','5','false','164','2143'),('2611','true','7','false','165','2143'),('2612','true','5','false','206','2144'),('2613','true','6','false','207','2144'),('2614','true','5','false','218','2145'),('2615','true','9','false','219','2145'),('2616','true','6','false','209','2146'),('2617','true','5','false','224','2147'),('2618','true','6','false','225','2147'),('2619','true','5','false','233','2148'),('2620','true','6','false','234','2148'),('2621','true','6','false','227','2149'),('2622','true','5','false','221','2150'),('2623','true','9','false','222','2150'),('2624','true','5','false','212','2151'),('2625','true','9','false','213','2151'),('2626','true','7','false','215','2152'),('2627','true','5','false','230','2153'),('2628','true','8','false','231','2153'),('2629','true','5','false','152','2164'),('2630','true','5','false','153','2164'),('2631','true','8','false','154','2164'),('2632','true','6','false','146','2165'),('2633','true','5','false','155','2166'),('2634','true','7','false','156','2166'),('2635','true','5','false','149','2167'),('2636','true','7','false','150','2167'),('2637','true','6','false','158','2168'),('2638','true','5','false','170','2169'),('2639','true','7','false','171','2169'),('2640','true','5','false','173','2170'),('2641','true','7','false','174','2170'),('2642','true','5','false','167','2171'),('2643','true','9','false','168','2171'),('2644','true','5','false','161','2172'),('2645','true','5','false','162','2172'),('2646','true','7','false','163','2172'),('2647','true','5','false','164','2173'),('2648','true','5','false','165','2173'),('2649','true','7','false','166','2173'),('2650','true','6','false','212','2174'),('2651','true','7','false','209','2175'),('2652','true','5','false','218','2176'),('2653','true','7','false','219','2176'),('2654','true','5','false','215','2177'),('2655','true','8','false','216','2177'),('2656','true','5','false','230','2178'),('2657','true','9','false','231','2178'),('2658','true','5','false','224','2179'),('2659','true','7','false','225','2179'),('2660','true','5','false','221','2180'),('2661','true','8','false','222','2180'),('2662','true','5','false','227','2181'),('2663','true','7','false','228','2181'),('2664','true','5','false','206','2182'),('2665','true','5','false','207','2182'),('2666','true','9','false','208','2182'),('2667','true','8','false','277','2183'),('2668','true','6','false','149','2194'),('2669','true','8','false','152','2195'),('2670','true','5','false','161','2196'),('2671','true','5','false','162','2196'),('2672','true','9','false','163','2196'),('2673','true','5','false','158','2197'),('2674','true','9','false','159','2197'),('2675','true','9','false','146','2198'),('2676','true','5','false','164','2199'),('2677','true','5','false','165','2199'),('2678','true','6','false','166','2199'),('2679','true','5','false','155','2200'),('2680','true','5','false','156','2200'),('2681','true','7','false','157','2200'),('2682','true','5','false','167','2201'),('2683','true','6','false','168','2201'),('2684','true','5','false','170','2202'),('2685','true','5','false','171','2202'),('2686','true','6','false','172','2202'),('2687','true','5','false','173','2203'),('2688','true','8','false','174','2203'),('2689','true','8','false','221','2204'),('2690','true','5','false','215','2205'),('2691','true','5','false','216','2205'),('2692','true','7','false','217','2205'),('2693','true','7','false','233','2206'),('2694','true','9','false','218','2207'),('2695','true','5','false','230','2208'),('2696','true','6','false','231','2208'),('2697','true','5','false','227','2209'),('2698','true','5','false','228','2209'),('2699','true','9','false','229','2209'),('2700','true','5','false','209','2210'),('2701','true','5','false','210','2210'),('2702','true','9','false','211','2210'),('2703','true','6','false','224','2211'),('2704','true','5','false','212','2212'),('2705','true','5','false','213','2212'),('2706','true','7','false','214','2212'),('2707','true','6','false','206','2213'),('2708','true','5','false','173','2224'),('2709','true','5','false','174','2224'),('2710','true','6','false','175','2224'),('2711','true','5','false','164','2225'),('2712','true','5','false','165','2225'),('2713','true','8','false','166','2225'),('2714','true','5','false','155','2226'),('2715','true','9','false','156','2226'),('2716','true','5','false','167','2227'),('2717','true','5','false','168','2227'),('2718','true','7','false','169','2227'),('2719','true','8','false','152','2228'),('2720','true','5','false','146','2229'),('2721','true','5','false','147','2229'),('2722','true','8','false','148','2229'),('2723','true','5','false','158','2230'),('2724','true','6','false','159','2230'),('2725','true','5','false','161','2231'),('2726','true','5','false','162','2231'),('2727','true','7','false','163','2231'),('2728','true','7','false','149','2232'),('2729','true','6','false','170','2233'),('2730','true','5','false','209','2234'),('2731','true','5','false','210','2234'),('2732','true','7','false','211','2234'),('2733','true','5','false','227','2235'),('2734','true','5','false','228','2235'),('2735','true','9','false','229','2235'),('2736','true','5','false','233','2236'),('2737','true','9','false','234','2236'),('2738','true','6','false','277','2237'),('2739','true','5','false','224','2238'),('2740','true','7','false','225','2238'),('2741','true','5','false','215','2239'),('2742','true','7','false','216','2239'),('2743','true','5','false','212','2240'),('2744','true','5','false','213','2240'),('2745','true','6','false','214','2240'),('2746','true','7','false','206','2241'),('2747','true','5','false','218','2242'),('2748','true','5','false','219','2242'),('2749','true','8','false','220','2242'),('2750','true','5','false','221','2243'),('2751','true','6','false','222','2243'),('2752','true','8','false','146','2254'),('2753','true','5','false','173','2255'),('2754','true','5','false','174','2255'),('2755','true','8','false','175','2255'),('2756','true','5','false','149','2256'),('2757','true','9','false','150','2256'),('2758','true','5','false','164','2257'),('2759','true','8','false','165','2257'),('2760','true','5','false','155','2258'),('2761','true','7','false','156','2258'),('2762','true','5','false','152','2259'),('2763','true','6','false','153','2259'),('2764','true','5','false','167','2260'),('2765','true','5','false','168','2260'),('2766','true','9','false','169','2260'),('2767','true','5','false','158','2261'),('2768','true','5','false','159','2261'),('2769','true','7','false','160','2261'),('2770','true','5','false','170','2262'),('2771','true','9','false','171','2262'),('2772','true','5','false','161','2263'),('2773','true','5','false','162','2263'),('2774','true','9','false','163','2263'),('2775','true','9','false','224','2264'),('2776','true','5','false','230','2265'),('2777','true','5','false','231','2265'),('2778','true','7','false','232','2265'),('2779','true','6','false','221','2266'),('2780','true','5','false','209','2267'),('2781','true','5','false','210','2267'),('2782','true','8','false','211','2267'),('2783','true','6','false','277','2268'),('2784','true','5','false','215','2269'),('2785','true','6','false','216','2269'),('2786','true','5','false','218','2270'),('2787','true','7','false','219','2270'),('2788','true','5','false','206','2271'),('2789','true','7','false','207','2271'),('2790','true','5','false','227','2272'),('2791','true','9','false','228','2272'),('2792','true','5','false','212','2273'),('2793','true','5','false','213','2273'),('2794','true','9','false','214','2273'),('2795','true','5','false','158','2284'),('2796','true','9','false','159','2284'),('2797','true','5','false','146','2285'),('2798','true','5','false','147','2285'),('2799','true','9','false','148','2285'),('2800','true','9','false','149','2286'),('2801','true','9','false','164','2287'),('2802','true','5','false','152','2288'),('2803','true','5','false','153','2288'),('2804','true','7','false','154','2288'),('2805','true','5','false','173','2289'),('2806','true','6','false','174','2289'),('2807','true','5','false','161','2290'),('2808','true','5','false','162','2290'),('2809','true','6','false','163','2290'),('2810','true','5','false','155','2291'),('2811','true','6','false','156','2291'),('2812','true','5','false','167','2292'),('2813','true','9','false','168','2292'),('2814','true','5','false','170','2293'),('2815','true','5','false','171','2293'),('2816','true','8','false','172','2293'),('2817','true','5','false','227','2294'),('2818','true','8','false','228','2294'),('2819','true','5','false','212','2295'),('2820','true','6','false','213','2295'),('2821','true','7','false','206','2296'),('2822','true','9','false','230','2297'),('2823','true','6','false','233','2298'),('2824','true','5','false','221','2299'),('2825','true','5','false','222','2299'),('2826','true','7','false','223','2299'),('2827','true','5','false','209','2300'),('2828','true','7','false','210','2300'),('2829','true','6','false','215','2301'),('2830','true','5','false','218','2302'),('2831','true','7','false','219','2302'),('2832','true','8','false','224','2303'),('2833','true','7','false','149','2314'),('2834','true','5','false','161','2315'),('2835','true','6','false','162','2315'),('2836','true','5','false','173','2316'),('2837','true','8','false','174','2316'),('2838','true','5','false','158','2317'),('2839','true','7','false','159','2317'),('2840','true','5','false','167','2318'),('2841','true','8','false','168','2318'),('2842','true','7','false','170','2319'),('2843','true','5','false','164','2320'),('2844','true','5','false','165','2320'),('2845','true','9','false','166','2320'),('2846','true','5','false','152','2321'),('2847','true','5','false','153','2321'),('2848','true','7','false','154','2321'),('2849','true','8','false','155','2322'),('2850','true','9','false','146','2323'),('2851','true','5','false','221','2324'),('2852','true','6','false','222','2324'),('2853','true','5','false','206','2325'),('2854','true','5','false','207','2325'),('2855','true','7','false','208','2325'),('2856','true','6','false','209','2326'),('2857','true','5','false','227','2327'),('2858','true','9','false','228','2327'),('2859','true','5','false','224','2328'),('2860','true','7','false','225','2328'),('2861','true','9','false','218','2329'),('2862','true','8','false','277','2330'),('2863','true','6','false','212','2331'),('2864','true','5','false','233','2332'),('2865','true','6','false','234','2332'),('2866','true','9','false','215','2333'),('2867','true','9','false','158','2344'),('2868','true','9','false','167','2345'),('2869','true','5','false','173','2346'),('2870','true','5','false','174','2346'),('2871','true','9','false','175','2346'),('2872','true','5','false','170','2347'),('2873','true','5','false','171','2347'),('2874','true','9','false','172','2347'),('2875','true','5','false','152','2348'),('2876','true','5','false','153','2348'),('2877','true','9','false','154','2348'),('2878','true','5','false','164','2349'),('2879','true','9','false','165','2349'),('2880','true','5','false','161','2350'),('2881','true','9','false','162','2350'),('2882','true','9','false','149','2351'),('2883','true','5','false','155','2352'),('2884','true','5','false','156','2352'),('2885','true','9','false','157','2352'),('2886','true','9','false','146','2353'),('2887','true','9','false','206','2354'),('2888','true','5','false','233','2355'),('2889','true','9','false','234','2355'),('2890','true','5','false','218','2356'),('2891','true','5','false','219','2356'),('2892','true','9','false','220','2356'),('2893','true','9','false','209','2357'),('2894','true','5','false','227','2358'),('2895','true','9','false','228','2358'),('2896','true','5','false','212','2359'),('2897','true','5','false','213','2359'),('2898','true','9','false','214','2359'),('2899','true','5','false','224','2360'),('2900','true','5','false','225','2360'),('2901','true','9','false','226','2360'),('2902','true','9','false','277','2361'),('2903','true','9','false','215','2362'),('2904','true','5','false','221','2363'),('2905','true','5','false','222','2363'),('2906','true','9','false','223','2363'),('2907','true','9','false','161','2374'),('2908','true','5','false','170','2375'),('2909','true','9','false','171','2375'),('2910','true','5','false','155','2376'),('2911','true','5','false','156','2376'),('2912','true','9','false','157','2376'),('2913','true','5','false','149','2377'),('2914','true','9','false','150','2377'),('2915','true','9','false','164','2378'),('2916','true','5','false','158','2379'),('2917','true','9','false','159','2379'),('2918','true','5','false','146','2380'),('2919','true','5','false','147','2380'),('2920','true','9','false','148','2380'),('2921','true','5','false','167','2381'),('2922','true','5','false','168','2381'),('2923','true','9','false','169','2381'),('2924','true','5','false','173','2382'),('2925','true','5','false','174','2382'),('2926','true','9','false','175','2382'),('2927','true','5','false','152','2383'),('2928','true','9','false','153','2383'),('2929','true','9','false','277','2384'),('2930','true','5','false','227','2385'),('2931','true','9','false','228','2385'),('2932','true','5','false','230','2386'),('2933','true','5','false','231','2386'),('2934','true','9','false','232','2386'),('2935','true','5','false','212','2387'),('2936','true','9','false','213','2387'),('2937','true','9','false','221','2388'),('2938','true','9','false','218','2389'),('2939','true','9','false','206','2390'),('2940','true','5','false','215','2391'),('2941','true','9','false','216','2391'),('2942','true','9','false','224','2392'),('2943','true','5','false','209','2393'),('2944','true','9','false','210','2393'),('2945','true','5','false','173','2404'),('2946','true','6','false','174','2404'),('2947','true','5','false','158','2405'),('2948','true','8','false','159','2405'),('2949','true','5','false','152','2406'),('2950','true','8','false','153','2406'),('2951','true','5','false','149','2407'),('2952','true','5','false','150','2407'),('2953','true','8','false','151','2407'),('2954','true','5','false','146','2408'),('2955','true','5','false','147','2408'),('2956','true','9','false','148','2408'),('2957','true','5','false','167','2409'),('2958','true','5','false','168','2409'),('2959','true','9','false','169','2409'),('2960','true','8','false','170','2410'),('2961','true','8','false','164','2411'),('2962','true','8','false','161','2412'),('2963','true','5','false','155','2413'),('2964','true','8','false','156','2413'),('2965','true','5','false','224','2414'),('2966','true','6','false','225','2414'),('2967','true','8','false','209','2415'),('2968','true','5','false','212','2416'),('2969','true','5','false','213','2416'),('2970','true','8','false','214','2416'),('2971','true','8','false','215','2417'),('2972','true','5','false','227','2418'),('2973','true','5','false','228','2418'),('2974','true','8','false','229','2418'),('2975','true','5','false','230','2419'),('2976','true','5','false','231','2419'),('2977','true','6','false','232','2419'),('2978','true','5','false','221','2420'),('2979','true','5','false','222','2420'),('2980','true','8','false','223','2420'),('2981','true','6','false','206','2421'),('2982','true','8','false','233','2422'),('2983','true','9','false','218','2423'),('2984','true','5','false','152','2434'),('2985','true','5','false','153','2434'),('2986','true','7','false','154','2434'),('2987','true','5','false','161','2435'),('2988','true','9','false','162','2435'),('2989','true','8','false','149','2436'),('2990','true','5','false','173','2437'),('2991','true','8','false','174','2437'),('2992','true','8','false','164','2438'),('2993','true','5','false','167','2439'),('2994','true','8','false','168','2439'),('2995','true','6','false','170','2440'),('2996','true','5','false','158','2441'),('2997','true','5','false','159','2441'),('2998','true','7','false','160','2441'),('2999','true','5','false','146','2442'),('3000','true','5','false','147','2442'),('3001','true','7','false','148','2442'),('3002','true','5','false','155','2443'),('3003','true','5','false','156','2443'),('3004','true','7','false','157','2443'),('3005','true','5','false','230','2444'),('3006','true','9','false','231','2444'),('3007','true','7','false','209','2445'),('3008','true','5','false','215','2446'),('3009','true','5','false','216','2446'),('3010','true','8','false','217','2446'),('3011','true','5','false','221','2447'),('3012','true','8','false','222','2447'),('3013','true','8','false','212','2448'),('3014','true','5','false','224','2449'),('3015','true','5','false','225','2449'),('3016','true','6','false','226','2449'),('3017','true','9','false','206','2450'),('3018','true','7','false','277','2451'),('3019','true','5','false','218','2452'),('3020','true','7','false','219','2452'),('3021','true','5','false','227','2453'),('3022','true','5','false','228','2453'),('3023','true','7','false','229','2453'),('3024','true','5','false','146','2464'),('3025','true','9','false','147','2464'),('3026','true','5','false','170','2465'),('3027','true','7','false','171','2465'),('3028','true','9','false','161','2466'),('3029','true','5','false','158','2467'),('3030','true','7','false','159','2467'),('3031','true','5','false','149','2468'),('3032','true','7','false','150','2468'),('3033','true','8','false','152','2469'),('3034','true','5','false','173','2470'),('3035','true','5','false','174','2470'),('3036','true','9','false','175','2470'),('3037','true','5','false','164','2471'),('3038','true','9','false','165','2471'),('3039','true','5','false','155','2472'),('3040','true','6','false','156','2472'),('3041','true','6','false','167','2473'),('3042','true','5','false','218','2474'),('3043','true','5','false','219','2474'),('3044','true','9','false','220','2474'),('3045','true','5','false','224','2475'),('3046','true','5','false','225','2475'),('3047','true','9','false','226','2475'),('3048','true','9','false','206','2476'),('3049','true','5','false','221','2477'),('3050','true','6','false','222','2477'),('3051','true','5','false','209','2478'),('3052','true','5','false','210','2478'),('3053','true','9','false','211','2478'),('3054','true','5','false','215','2479'),('3055','true','5','false','216','2479'),('3056','true','9','false','217','2479'),('3057','true','5','false','233','2480'),('3058','true','5','false','234','2480'),('3059','true','8','false','235','2480'),('3060','true','7','false','227','2481'),('3061','true','5','false','212','2482'),('3062','true','9','false','213','2482'),('3063','true','6','false','277','2483'),('3064','true','5','false','170','2494'),('3065','true','5','false','171','2494'),('3066','true','9','false','172','2494'),('3067','true','5','false','173','2495'),('3068','true','8','false','174','2495'),('3069','true','5','false','164','2496'),('3070','true','5','false','165','2496'),('3071','true','9','false','166','2496'),('3072','true','5','false','152','2497'),('3073','true','5','false','153','2497'),('3074','true','7','false','154','2497'),('3075','true','9','false','167','2498'),('3076','true','8','false','146','2499'),('3077','true','6','false','155','2500'),('3078','true','5','false','149','2501'),('3079','true','9','false','150','2501'),('3080','true','5','false','158','2502'),('3081','true','6','false','159','2502'),('3082','true','5','false','161','2503'),('3083','true','9','false','162','2503'),('3084','true','7','false','224','2504'),('3085','true','7','false','206','2505'),('3086','true','5','false','221','2506'),('3087','true','9','false','222','2506'),('3088','true','5','false','227','2507'),('3089','true','7','false','228','2507'),('3090','true','5','false','218','2508'),('3091','true','5','false','219','2508'),('3092','true','8','false','220','2508'),('3093','true','5','false','233','2509'),('3094','true','7','false','234','2509'),('3095','true','5','false','212','2510'),('3096','true','7','false','213','2510'),('3097','true','5','false','209','2511'),('3098','true','5','false','210','2511'),('3099','true','6','false','211','2511'),('3100','true','5','false','215','2512'),('3101','true','6','false','216','2512'),('3102','true','6','false','230','2513'),('3103','true','5','false','173','2524'),('3104','true','7','false','174','2524'),('3105','true','5','false','158','2525'),('3106','true','7','false','159','2525'),('3107','true','5','false','152','2526'),('3108','true','5','false','153','2526'),('3109','true','7','false','154','2526'),('3110','true','5','false','164','2527'),('3111','true','9','false','165','2527'),('3112','true','5','false','167','2528'),('3113','true','8','false','168','2528'),('3114','true','5','false','170','2529'),('3115','true','5','false','171','2529'),('3116','true','9','false','172','2529'),('3117','true','5','false','155','2530'),('3118','true','9','false','156','2530'),('3119','true','5','false','146','2531'),('3120','true','5','false','147','2531'),('3121','true','9','false','148','2531'),('3122','true','7','false','161','2532'),('3123','true','5','false','149','2533'),('3124','true','5','false','150','2533'),('3125','true','6','false','151','2533'),('3126','true','7','false','230','2534'),('3127','true','5','false','218','2535'),('3128','true','9','false','219','2535'),('3129','true','5','false','212','2536'),('3130','true','8','false','213','2536'),('3131','true','5','false','221','2537'),('3132','true','7','false','222','2537'),('3133','true','9','false','227','2538'),('3134','true','5','false','233','2539'),('3135','true','5','false','234','2539'),('3136','true','8','false','235','2539'),('3137','true','7','false','209','2540'),('3138','true','7','false','206','2541'),('3139','true','5','false','224','2542'),('3140','true','5','false','225','2542'),('3141','true','7','false','226','2542'),('3142','true','5','false','215','2543'),('3143','true','6','false','216','2543'),('3144','true','5','false','170','2554'),('3145','true','5','false','171','2554'),('3146','true','7','false','172','2554'),('3147','true','5','false','173','2555'),('3148','true','5','false','174','2555'),('3149','true','8','false','175','2555'),('3150','true','5','false','167','2556'),('3151','true','6','false','168','2556'),('3152','true','5','false','149','2557'),('3153','true','6','false','150','2557'),('3154','true','5','false','158','2558'),('3155','true','8','false','159','2558'),('3156','true','9','false','161','2559'),('3157','true','5','false','155','2560'),('3158','true','6','false','156','2560'),('3159','true','8','false','146','2561'),('3160','true','6','false','152','2562'),('3161','true','5','false','164','2563'),('3162','true','5','false','165','2563'),('3163','true','9','false','166','2563'),('3164','true','7','false','277','2564'),('3165','true','5','false','221','2565'),('3166','true','5','false','222','2565'),('3167','true','7','false','223','2565'),('3168','true','8','false','227','2566'),('3169','true','5','false','212','2567'),('3170','true','5','false','213','2567'),('3171','true','8','false','214','2567'),('3172','true','8','false','230','2568'),('3173','true','5','false','224','2569'),('3174','true','5','false','225','2569'),('3175','true','6','false','226','2569'),('3176','true','5','false','206','2570'),('3177','true','6','false','207','2570'),('3178','true','5','false','209','2571'),('3179','true','6','false','210','2571'),('3180','true','5','false','218','2572'),('3181','true','7','false','219','2572'),('3182','true','6','false','215','2573'),('3183','true','9','false','158','2584'),('3184','true','5','false','152','2585'),('3185','true','5','false','153','2585'),('3186','true','7','false','154','2585'),('3187','true','8','false','173','2586'),('3188','true','5','false','155','2587'),('3189','true','6','false','156','2587'),('3190','true','5','false','167','2588'),('3191','true','9','false','168','2588'),('3192','true','5','false','164','2589'),('3193','true','8','false','165','2589'),('3194','true','5','false','146','2590'),('3195','true','9','false','147','2590'),('3196','true','5','false','170','2591'),('3197','true','6','false','171','2591'),('3198','true','5','false','149','2592'),('3199','true','5','false','150','2592'),('3200','true','6','false','151','2592'),('3201','true','5','false','161','2593'),('3202','true','9','false','162','2593'),('3203','true','5','false','218','2594'),('3204','true','5','false','219','2594'),('3205','true','8','false','220','2594'),('3206','true','5','false','233','2595'),('3207','true','7','false','234','2595'),('3208','true','5','false','206','2596'),('3209','true','9','false','207','2596'),('3210','true','8','false','224','2597'),('3211','true','5','false','227','2598'),('3212','true','8','false','228','2598'),('3213','true','5','false','212','2599'),('3214','true','5','false','213','2599'),('3215','true','8','false','214','2599'),('3216','true','5','false','230','2600'),('3217','true','6','false','231','2600'),('3218','true','5','false','209','2601'),('3219','true','7','false','210','2601'),('3220','true','5','false','221','2602'),('3221','true','8','false','222','2602'),('3222','true','5','false','215','2603'),('3223','true','5','false','216','2603'),('3224','true','6','false','217','2603'),('3225','true','5','false','164','2614'),('3226','true','5','false','165','2614'),('3227','true','8','false','166','2614'),('3228','true','5','false','158','2615'),('3229','true','5','false','159','2615'),('3230','true','9','false','160','2615'),('3231','true','5','false','170','2616'),('3232','true','5','false','171','2616'),('3233','true','6','false','172','2616'),('3234','true','7','false','161','2617'),('3235','true','5','false','155','2618'),('3236','true','8','false','156','2618'),('3237','true','5','false','146','2619'),('3238','true','5','false','147','2619'),('3239','true','8','false','148','2619'),('3240','true','5','false','152','2620'),('3241','true','5','false','153','2620'),('3242','true','8','false','154','2620'),('3243','true','5','false','149','2621'),('3244','true','5','false','150','2621'),('3245','true','7','false','151','2621'),('3246','true','5','false','173','2622'),('3247','true','5','false','174','2622'),('3248','true','8','false','175','2622'),('3249','true','9','false','167','2623'),('3250','true','7','false','227','2624'),('3251','true','5','false','209','2625'),('3252','true','9','false','210','2625'),('3253','true','8','false','221','2626'),('3254','true','8','false','218','2627'),('3255','true','8','false','206','2628'),('3256','true','5','false','230','2629'),('3257','true','5','false','231','2629'),('3258','true','9','false','232','2629'),('3259','true','5','false','212','2630'),('3260','true','8','false','213','2630'),('3261','true','5','false','215','2631'),('3262','true','9','false','216','2631'),('3263','true','5','false','233','2632'),('3264','true','5','false','234','2632'),('3265','true','7','false','235','2632'),('3266','true','5','false','224','2633'),('3267','true','6','false','225','2633'),('3268','true','9','false','34','10'),('3269','true',NULL,'false','40','2'),('3270','true',NULL,'false','48','5');

-- staff (ref and joze1)
INSERT INTO staff (id, first_name, last_name1, last_name2, id_login) VALUES (1, 'Referen', 'Tka', 'Fri', 4), (2, 'Jože', 'Može', NULL, 1);

ALTER SEQUENCE course_exam_term_id_course_exam_term_seq RESTART WITH 279;
ALTER SEQUENCE student_courses_id_student_courses_seq RESTART WITH 2644;
ALTER SEQUENCE course_organization_id_course_organization_seq RESTART WITH 267;
ALTER SEQUENCE exam_sign_up_id_seq RESTART WITH 3271;
ALTER SEQUENCE enrolment_id_seq RESTART WITH 272;
ALTER SEQUENCE enrolment_token_id_seq RESTART WITH 242;
ALTER SEQUENCE professor_id_seq RESTART WITH 61;
ALTER SEQUENCE student_id_seq RESTART WITH 95;
ALTER SEQUENCE user_login_id_seq RESTART WITH 98;
ALTER SEQUENCE staff_id_seq RESTART WITH 3;
