-- This file is generated with python script and probably SHOULD NOT be edited but generated!

INSERT INTO country (code2,code3,id,name_iso,name) VALUES ('AF','AFG','004','Afghanistan','Afganistan'),('AX','ALA','248','Ålland Islands','Alandski otoki'),('AL','ALB','008','Albania','Albanija'),('DZ','DZA','012','Algeria','Alžirija'),('AS','ASM','016','American Samoa','Ameriška Samoa'),('AD','AND','020','Andorra','Andora'),('AO','AGO','024','Angola','Angola'),('AI','AIA','660','Anguilla','Angvila'),('AQ','ATA','010','Antarctica','Antarktika'),('AG','ATG','028','Antigua and Barbuda','Antigva in Barbuda'),('AR','ARG','032','Argentina','Argenitna'),('AM','ARM','051','Armenia','Armenija'),('AW','ABW','533','Aruba','Aruba'),('AU','AUS','036','Australia','Avstralija'),('AT','AUT','040','Austria','Avstrija'),('AZ','AZE','031','Azerbaijan','Azerbajdžan'),('BS','BHS','044','Bahamas','Bahami'),('BH','BHR','048','Bahrain','Bahrajn'),('BD','BGD','050','Bangladesh','Bangladeš'),('BB','BRB','052','Barbados','Barbados'),('BY','BLR','112','Belarus','Belorusija'),('BE','BEL','056','Belgium','Belgija'),('BZ','BLZ','084','Belize','Belize'),('BJ','BEN','204','Benin','Benin'),('BM','BMU','060','Bermuda','Bermudi'),('BT','BTN','064','Bhutan','Butan'),('BO','BOL','068','Bolivia, Plurinational State of','Bolivija'),('BQ','BES','535','Bonaire, Sint Eustatius and Saba','Otočje Bonaire, Sv. Eustatij in Saba'),('BA','BIH','070','Bosnia and Herzegovina','Bosna in Hercegovina'),('BW','BWA','072','Botswana','Bocvana'),('BV','BVT','074','Bouvet Island','Bouvetov otok'),('BR','BRA','076','Brazil','Brazilija'),('IO','IOT','086','British Indian Ocean Territory','Britansko ozemlje v Indijskem oceanu'),('BN','BRN','096','Brunei Darussalam','Brunej'),('BG','BGR','100','Bulgaria','Bolgarija'),('BF','BFA','854','Burkina Faso','Burkina Faso'),('BI','BDI','108','Burundi','Burundi'),('KH','KHM','116','Cambodia','Kambodža'),('CM','CMR','120','Cameroon','Kamerun'),('CA','CAN','124','Canada','Kanada'),('CV','CPV','132','Cape Verde','Kapverdski otoki (Zelenortski otoki)'),('KY','CYM','136','Cayman Islands','Kajmanski otoki'),('CF','CAF','140','Central African Republic','Srednjeafriška republika'),('TD','TCD','148','Chad','Čad'),('CL','CHL','152','Chile','Čile'),('CN','CHN','156','China','Kitajska'),('CX','CXR','162','Christmas Island','Božični otok'),('CC','CCK','166','Cocos (Keeling) Islands','Kokosovi in Keelingovi otoki'),('CO','COL','170','Colombia','Kolumbija'),('KM','COM','174','Comoros','Komori'),('CG','COG','178','Congo','Kongo'),('CD','COD','180','Congo, the Democratic Republic of the','Demokratična republika Kongo'),('CK','COK','184','Cook Islands','Cookovi otoki'),('CR','CRI','188','Costa Rica','Kostarika'),('CI','CIV','384','Côte d''Ivoire','Slonokoščena obala'),('HR','HRV','191','Croatia','Hrvaška'),('CU','CUB','192','Cuba','Kuba'),('CW','CUW','531','Curaçao','Kurasao'),('CY','CYP','196','Cyprus','Ciper'),('CZ','CZE','203','Czech Republic','Češka'),('DK','DNK','208','Denmark','Danska'),('DJ','DJI','262','Djibouti','Džibuti'),('DM','DMA','212','Dominica','Dominika'),('DO','DOM','214','Dominican Republic','Dominikanska republika'),('EC','ECU','218','Ecuador','Ekvador'),('EG','EGY','818','Egypt','Egipt'),('SV','SLV','222','El Salvador','Salvador'),('GQ','GNQ','226','Equatorial Guinea','Ekvatorialna Gvineja'),('ER','ERI','232','Eritrea','Eritreja'),('EE','EST','233','Estonia','Estonija'),('ET','ETH','231','Ethiopia','Etiopija'),('FK','FRO','234','Falkland Islands (Malvinas)','Falkalndski otoki'),('FO','FLK','238','Faroe Islands','Ferski otoki'),('FJ','FJI','242','Fiji','Fidži'),('FI','FIN','246','Finland','Finska'),('FR','FRA','250','France','Francija'),('GF','GUF','254','French Guiana','Francoska Gvajana'),('PF','PYF','258','French Polynesia','Francoska Polinezija'),('TF','ATF','260','French Southern Territories','Francoska južna ozemlja'),('GA','GAB','266','Gabon','Gabon'),('GM','GMB','270','Gambia','Gambija'),('GE','GEO','268','Georgia','Gruzija'),('DE','DEU','276','Germany','Nemčija'),('GH','GHA','288','Ghana','Gana'),('GI','GIB','292','Gibraltar','Gibraltar'),('GR','GRC','300','Greece','Grčija'),('GL','GRL','304','Greenland','Grenlandija'),('GD','GRD','308','Grenada','Grenada'),('GP','GLP','312','Guadeloupe','Guadeloupe'),('GU','GUM','316','Guam','Guam'),('GT','GTM','320','Guatemala','Gvatemala'),('GG','GGY','831','Guernsey','Otok Guernsey'),('GN','GIN','324','Guinea','Gvineja'),('GW','GNB','624','Guinea-Bissau','Gvineja-Bissau'),('GY','GUY','328','Guyana','Gvajana'),('HT','HTI','332','Haiti','Haiti'),('HM','HMD','334','Heard Island and McDonald Islands','Otok Heard in otočje McDonald'),('VA','VAT','336','Holy See (Vatican City State)','Vatikan'),('HN','HND','340','Honduras','Honduras'),('HK','HKG','344','Hong Kong','Hong Kong'),('HU','HUN','348','Hungary','Madžarska'),('IS','ISL','352','Iceland','Islandija'),('IN','IND','356','India','Indija'),('ID','IDN','360','Indonesia','Indonezija'),('IR','IRN','364','Iran, Islamic Republic of','Iran'),('IQ','IRQ','368','Iraq','Irak'),('IE','IRL','372','Ireland','Irska'),('IM','IMN','833','Isle of Man','Otok Man'),('IL','ISR','376','Israel','Izrael'),('IT','ITA','380','Italy','Italija'),('JM','JAM','388','Jamaica','Jamajka'),('JP','JPN','392','Japan','Japonska'),('JE','JEY','832','Jersey','Otok Jersey'),('JO','JOR','400','Jordan','Jordanija'),('KZ','KAZ','398','Kazakhstan','Kazahstan'),('KE','KEN','404','Kenya','Kenija'),('KI','KIR','296','Kiribati','Kiribati'),('KP','PRK','408','Korea, Democratic People''s Republic of','Severna Koreja'),('KR','KOR','410','Korea, Republic of','Južna Koreja'),('KW','KWT','414','Kuwait','Kuvajt'),('KG','KGZ','417','Kyrgyzstan','Kirgizistan (Kirgizija)'),('LA','LAO','418','Lao People''s Democratic Republic','Laos'),('LV','LVA','428','Latvia','Latvija'),('LB','LBN','422','Lebanon','Libanon'),('LS','LSO','426','Lesotho','Lesoto'),('LR','LBR','430','Liberia','Liberija'),('LY','LBY','434','Libya','Libija'),('LI','LIE','438','Liechtenstein','Lihtenštajn'),('LT','LTU','440','Lithuania','Litva'),('LU','LUX','442','Luxembourg','Luksemburg'),('MO','MAC','446','Macao','Makao'),('MK','MKD','807','Macedonia, the former Yugoslav Republic of','Makedonija'),('MG','MDG','450','Madagascar','Madagaskar'),('MW','MWI','454','Malawi','Malavi'),('MY','MYS','458','Malaysia','Malezija'),('MV','MDV','462','Maldives','Maldivi'),('ML','MLI','466','Mali','Mali'),('MT','MLT','470','Malta','Malta'),('MH','MHL','584','Marshall Islands','Maršalovi otoki'),('MQ','MTQ','474','Martinique','Martinik'),('MR','MRT','478','Mauritania','Mavretanija'),('MU','MUS','480','Mauritius','Mauricius (Moris)'),('YT','MYT','175','Mayotte','Francoska skupnost Mejot'),('MX','MEX','484','Mexico','Mehika'),('FM','FSM','583','Micronesia, Federated States of','Mikronezija'),('MD','MDA','498','Moldova, Republic of','Moldavija'),('MC','MCO','492','Monaco','Monako'),('MN','MNG','496','Mongolia','Mongolija'),('ME','MNE','499','Montenegro','Črna Gora'),('MS','MSR','500','Montserrat','Montserat'),('MA','MAR','504','Morocco','Maroko'),('MZ','MOZ','508','Mozambique','Mozambik'),('MM','MMR','104','Myanmar','Mjanmar'),('NA','NAM','516','Namibia','Namibija'),('NR','NRU','520','Nauru','Nauru'),('NP','NPL','524','Nepal','Nepal'),('NL','NLD','528','Netherlands','Nizozemska'),('NC','NCL','540','New Caledonia','Nova Kaledonija'),('NZ','NZL','554','New Zealand','Nova Zelandija'),('NI','NIC','558','Nicaragua','Nikaragva'),('NE','NER','562','Niger','Niger'),('NG','NGA','566','Nigeria','Nigerija'),('NU','NIU','570','Niue','Niu'),('NF','NFK','574','Norfolk Island','Otok Norflok'),('MP','MNP','580','Northern Mariana Islands','Severni Marianski otoki'),('NO','NOR','578','Norway','Norveška'),('OM','OMN','512','Oman','Oman'),('PK','PAK','586','Pakistan','Pakistan'),('PW','PLW','585','Palau','Palau'),('PS','PSE','275','Palestinian Territory, Occupied','Palestina'),('PA','PAN','591','Panama','Panama'),('PG','PNG','598','Papua New Guinea','Papua Nova Gvineja'),('PY','PRY','600','Paraguay','Paragvaj'),('PE','PER','604','Peru','Peru'),('PH','PHL','608','Philippines','Filipini'),('PN','PCN','612','Pitcairn','Pitcairnovi otoki'),('PL','POL','616','Poland','Poljska'),('PT','PRT','620','Portugal','Portugalska'),('PR','PRI','630','Puerto Rico','Portoriko'),('QA','QAT','634','Qatar','Katar'),('RE','REU','638','Réunion','Francoska skupnost Reunion'),('RO','ROU','642','Romania','Romunija'),('RU','RUS','643','Russian Federation','Ruska federacija'),('RW','RWA','646','Rwanda','Ruanda'),('BL','BLM','652','Saint Barthélemy','Sveti Bartolomej'),('SH','SHN','654','Saint Helena, Ascension and Tristan da Cunha','Sveta Helena'),('KN','KNA','659','Saint Kitts and Nevis','Sveti Kits in Nevis'),('LC','LCA','662','Saint Lucia','Sveta Lucija'),('MF','MAF','663','Saint Martin (French part)','Otok svetega Martina'),('PM','SPM','666','Saint Pierre and Miquelon','Sveta Pierre in Miquelon'),('VC','VCT','670','Saint Vincent and the Grenadines','Sveti Vincent in Grenadini'),('WS','WSM','882','Samoa','Samoa'),('SM','SMR','674','San Marino','San Marino'),('ST','STP','678','Sao Tome and Principe','Sao Tome in Principe'),('SA','SAU','682','Saudi Arabia','Savdska Arabija'),('SN','SEN','686','Senegal','Senegal'),('RS','SRB','688','Serbia','Srbija'),('SC','SYC','690','Seychelles','Sejšeli'),('SL','SLE','694','Sierra Leone','Siera Leone'),('SG','SGP','702','Singapore','Singapur'),('SX','SXM','534','Sint Maarten (Dutch part)','Otok svetega.Martina (Nizozemska)'),('SK','SVK','703','Slovakia','Slovaška'),('SI','SVN','705','Slovenia','Slovenija'),('SB','SLB','090','Solomon Islands','Solomonovi otoki'),('SO','SOM','706','Somalia','Somalija'),('ZA','ZAF','710','South Africa','Južna afrika'),('GS','SGS','239','South Georgia and the South Sandwich Islands','Južna Georgia in Južni Sandwichevi otoki'),('SS','SSD','728','South Sudan','Južni Sudan'),('ES','ESP','724','Spain','Španija'),('LK','LKA','144','Sri Lanka','Šri Lanka'),('SD','SDN','729','Sudan','Sudan'),('SR','SUR','740','Suriname','Surinam'),('SJ','SJM','744','Svalbard and Jan Mayen','Svalbard in Jan Majen'),('SZ','SWZ','748','Swaziland','Svazi'),('SE','SWE','752','Sweden','Švedska'),('CH','CHE','756','Switzerland','Švica'),('SY','SYR','760','Syrian Arab Republic','Sirija'),('TW','TWN','158','Taiwan, Province of China','Tajvan'),('TJ','TJK','762','Tajikistan','Tadžikistan'),('TZ','TZA','834','Tanzania, United Republic of','Tanzanija'),('TH','THA','764','Thailand','Tajska'),('TL','TLS','626','Timor-Leste','Vzhodni Timor'),('TG','TGO','768','Togo','Togo'),('TK','TKL','772','Tokelau','Tokelau'),('TO','TON','776','Tonga','Tonga'),('TT','TTO','780','Trinidad and Tobago','Trinidad in Tobago'),('TN','TUN','788','Tunisia','Tunizija'),('TR','TUR','792','Turkey','Turčija'),('TM','TKM','795','Turkmenistan','Turkmenistan'),('TC','TCA','796','Turks and Caicos Islands','Tirški in Kajkoški otoki'),('TV','TUV','798','Tuvalu','Tuvalu'),('UG','UGA','800','Uganda','Uganda'),('UA','UKR','804','Ukraine','Ukrajina'),('AE','ARE','784','United Arab Emirates','Združeni Arabski Emirati'),('GB','GBR','826','United Kingdom','Velika Britanija'),('US','USA','840','United States','Združene države Amerike'),('UM','UMI','581','United States Minor Outlying Islands','ZDA zunanji otoki'),('UY','URY','858','Uruguay','Urugvaj'),('UZ','UZB','860','Uzbekistan','Uzbekistan'),('VU','VUT','548','Vanuatu','Republika Vanuatu'),('VE','VEN','862','Venezuela, Bolivarian Republic of','Venezuela'),('VN','VNM','704','Viet Nam','Vietnam'),('VG','VGB','092','Virgin Islands, British','Britanski Deviški otoki'),('VI','VIR','850','Virgin Islands, U.S.','Ameriški Deviški otoki'),('WF','WLF','876','Wallis and Futuna','Otočje Valis in Futuna'),('EH','ESH','732','Western Sahara','Zahodna Sahara'),('YE','YEM','887','Yemen','Jemen'),('ZM','ZMB','894','Zambia','Zambija'),('ZW','ZWE','716','Zimbabwe','Zimbabve');
INSERT INTO municipality (id,name) VALUES ('999','- (Ni v Sloveniji)'),('213','Ankaran'),('1','Ajdovščina'),('195','Apače'),('2','Beltinci'),('148','Benedikt'),('149','Bistrica ob Sotli'),('3','Bled'),('150','Bloke'),('4','Bohinj'),('5','Borovnica'),('6','Bovec'),('151','Braslovče'),('7','Brda'),('8','Brezovica'),('9','Brežice'),('152','Cankova'),('11','Celje'),('12','Cerklje na Gorenjskem'),('13','Cerknica'),('14','Cerkno'),('153','Cerkvenjak'),('196','Cirkulane'),('15','Črenšovci'),('16','Črna na Koroškem'),('17','Črnomelj'),('18','Destrnik'),('19','Divača'),('154','Dobje'),('20','Dobrepolje'),('155','Dobrna'),('21','Dobrova - Polhov Gradec'),('156','Dobrovnik'),('22','Dol pri Ljubljani'),('157','Dolenjske Toplice'),('23','Domžale'),('24','Dornava'),('25','Dravograd'),('26','Duplek'),('27','Gorenja vas - Poljane'),('28','Gorišnica'),('207','Gorje'),('29','Gornja Radgona'),('30','Gornji Grad'),('31','Gornji Petrovci'),('158','Grad'),('32','Grosuplje'),('159','Hajdina'),('160','Hoče - Slivnica'),('161','Hodoš'),('162','Horjul'),('34','Hrastnik'),('35','Hrpelje - Kozina'),('36','Idrija'),('37','Ig'),('38','Ilirska Bistrica'),('39','Ivančna Gorica'),('40','Izola'),('41','Jesenice'),('163','Jezersko'),('42','Juršinci'),('43','Kamnik'),('44','Kanal'),('45','Kidričevo'),('46','Kobarid'),('47','Kobilje'),('48','Kočevje'),('49','Komen'),('164','Komenda'),('50','Koper'),('197','Kostanjevica na Krki'),('165','Kostel'),('51','Kozje'),('52','Kranj'),('53','Kranjska Gora'),('166','Križevci'),('54','Krško'),('55','Kungota'),('56','Kuzma'),('57','Laško'),('58','Lenart'),('59','Lendava'),('60','Litija'),('61','Ljubljana'),('62','Ljubno'),('63','Ljutomer'),('208','Log - Dragomer'),('64','Logatec'),('65','Loška dolina'),('66','Loški Potok'),('167','Lovrenc na Pohorju'),('67','Luče'),('68','Lukovica'),('69','Majšperk'),('198','Makole'),('70','Maribor'),('168','Markovci'),('71','Medvode'),('72','Mengeš'),('73','Metlika'),('74','Mežica'),('169','Miklavž na Dravskem polju'),('75','Miren - Kostanjevica'),('212','Mirna'),('170','Mirna Peč'),('76','Mislinja'),('199','Mokronog - Trebelno'),('77','Moravče'),('78','Moravske Toplice'),('79','Mozirje'),('80','Murska Sobota'),('81','Muta'),('82','Naklo'),('83','Nazarje'),('84','Nova Gorica'),('85','Novo mesto'),('86','Odranci'),('171','Oplotnica'),('87','Ormož'),('88','Osilnica'),('89','Pesnica'),('90','Piran'),('91','Pivka'),('92','Podčetrtek'),('172','Podlehnik'),('93','Podvelka'),('200','Poljčane'),('173','Polzela'),('94','Postojna'),('174','Prebold'),('95','Preddvor'),('175','Prevalje'),('96','Ptuj'),('97','Puconci'),('98','Rače - Fram'),('99','Radeče'),('100','Radenci'),('101','Radlje ob Dravi'),('102','Radovljica'),('103','Ravne na Koroškem'),('176','Razkrižje'),('209','Rečica ob Savinji'),('201','Renče - Vogrsko'),('104','Ribnica'),('177','Ribnica na Pohorju'),('106','Rogaška Slatina'),('105','Rogašovci'),('107','Rogatec'),('108','Ruše'),('178','Selnica ob Dravi'),('109','Semič'),('110','Sevnica'),('111','Sežana'),('112','Slovenj Gradec'),('113','Slovenska Bistrica'),('114','Slovenske Konjice'),('179','Sodražica'),('180','Solčava'),('202','Središče ob Dravi'),('115','Starše'),('203','Straža'),('204','Sv. Trojica v Slov. Goricah'),('181','Sveta Ana'),('182','Sveti Andraž v Slov. Goricah'),('116','Sveti Jurij ob Ščavnici'),('210','Sveti Jurij v Slov. Goricah'),('205','Sveti Tomaž'),('33','Šalovci'),('183','Šempeter - Vrtojba'),('117','Šenčur'),('118','Šentilj'),('119','Šentjernej'),('120','Šentjur pri Celju'),('211','Šentrupert'),('121','Škocjan'),('122','Škofja Loka'),('123','Škofljica'),('124','Šmarje pri Jelšah'),('206','Šmarješke Toplice'),('125','Šmartno ob Paki'),('194','Šmartno pri Litiji'),('126','Šoštanj'),('127','Štore'),('184','Tabor'),('10','Tišina'),('128','Tolmin'),('129','Trbovlje'),('130','Trebnje'),('185','Trnovska vas'),('186','Trzin'),('131','Tržič'),('132','Turnišče'),('133','Velenje'),('187','Velika Polana'),('134','Velike Lašče'),('188','Veržej'),('135','Videm'),('136','Vipava'),('137','Vitanje'),('138','Vodice'),('139','Vojnik'),('189','Vransko'),('140','Vrhnika'),('141','Vuzenica'),('142','Zagorje ob Savi'),('143','Zavrč'),('144','Zreče'),('190','Žalec'),('146','Železniki'),('191','Žetale'),('147','Žiri'),('192','Žirovnica'),('193','Žužemberk');
INSERT INTO post_address (id,name) VALUES ('8341','Adlešiči'),('5270','Ajdovščina'),('6280','Ankaran/Ancarano'),('9253','Apače'),('8253','Artiče'),('4275','Begunje na Gorenjskem'),('1382','Begunje pri Cerknici'),('9231','Beltinci'),('2234','Benedikt'),('2345','Bistrica ob Dravi'),('3256','Bistrica ob Sotli'),('8259','Bizeljsko'),('1223','Blagovica'),('8283','Blanca'),('4260','Bled'),('4273','Blejska Dobrava'),('9265','Bodonci'),('9222','Bogojina'),('4263','Bohinjska Bela'),('4264','Bohinjska Bistrica'),('4265','Bohinjsko jezero'),('1353','Borovnica'),('8294','Boštanj'),('5230','Bovec'),('5295','Branik'),('3314','Braslovče'),('5223','Breginj'),('8280','Brestanica'),('2354','Bresternica'),('4243','Brezje'),('1351','Brezovica pri Ljubljani'),('8250','Brežice'),('4210','Brnik - Aerodrom'),('8321','Brusnice'),('3255','Buče'),('8276','Bučka'),('9261','Cankova'),('3000','Celje'),('3001','Celje - poštni predali'),('4207','Cerklje na Gorenjskem'),('8263','Cerklje ob Krki'),('1380','Cerknica'),('5282','Cerkno'),('2236','Cerkvenjak'),('2215','Ceršak'),('2326','Cirkovce'),('2282','Cirkulane'),('5273','Col'),('8251','Čatež ob Savi'),('1413','Čemšenik'),('5253','Čepovan'),('9232','Črenšovci'),('2393','Črna na Koroškem'),('6275','Črni Kal'),('5274','Črni Vrh nad Idrijo'),('5262','Črniče'),('8340','Črnomelj'),('6271','Dekani'),('5210','Deskle'),('2253','Destrnik'),('6215','Divača'),('1233','Dob'),('3224','Dobje pri Planini'),('8257','Dobova'),('1423','Dobovec'),('5263','Dobravlje'),('3204','Dobrna'),('8211','Dobrnič'),('1356','Dobrova'),('9223','Dobrovnik/Dobronak'),('5212','Dobrovo v Brdih'),('1431','Dol pri Hrastniku'),('1262','Dol pri Ljubljani'),('1273','Dole pri Litiji'),('1331','Dolenja vas'),('8350','Dolenjske Toplice'),('1230','Domžale'),('2252','Dornava'),('5294','Dornberk'),('1319','Draga'),('8343','Dragatuš'),('3222','Dramlje'),('2370','Dravograd'),('4203','Duplje'),('6221','Dutovlje'),('8361','Dvor'),('2343','Fala'),('9208','Fokovci'),('2313','Fram'),('3213','Frankolovo'),('1274','Gabrovka'),('8254','Globoko'),('5275','Godovič'),('4204','Golnik'),('3303','Gomilsko'),('4224','Gorenja vas'),('3263','Gorica pri Slivnici'),('2272','Gorišnica'),('9250','Gornja Radgona'),('3342','Gornji Grad'),('4282','Gozd Martuljek'),('6272','Gračišče'),('9264','Grad'),('8332','Gradac'),('1384','Grahovo'),('5242','Grahovo ob Bači'),('5251','Grgar'),('3302','Griže'),('3231','Grobelno'),('1290','Grosuplje'),('2288','Hajdina'),('8362','Hinje'),('2311','Hoče'),('9205','Hodoš/Hodos'),('1354','Horjul'),('1372','Hotedršica'),('1430','Hrastnik'),('6225','Hruševje'),('4276','Hrušica'),('5280','Idrija'),('1292','Ig'),('6250','Ilirska Bistrica'),('6251','Ilirska Bistrica-Trnovo'),('1295','Ivančna Gorica'),('2259','Ivanjkovci'),('1411','Izlake'),('6310','Izola/Isola'),('2222','Jakobski Dol'),('2221','Jarenina'),('6254','Jelšane'),('4270','Jesenice'),('8261','Jesenice na Dolenjskem'),('3273','Jurklošter'),('2223','Jurovski Dol'),('2256','Juršinci'),('5214','Kal nad Kanalom'),('3233','Kalobje'),('4246','Kamna Gorica'),('2351','Kamnica'),('1241','Kamnik'),('5213','Kanal'),('8258','Kapele'),('2362','Kapla'),('2325','Kidričevo'),('1412','Kisovec'),('6253','Knežak'),('5222','Kobarid'),('9227','Kobilje'),('1330','Kočevje'),('1338','Kočevska Reka'),('2276','Kog'),('5211','Kojsko'),('6223','Komen'),('1218','Komenda'),('6000','Koper/Capodistria'),('6001','Koper/Capodistria - poštni predali'),('8282','Koprivnica'),('5296','Kostanjevica na Krasu'),('8311','Kostanjevica na Krki'),('1336','Kostel'),('6256','Košana'),('2394','Kotlje'),('6240','Kozina'),('3260','Kozje'),('4000','Kranj'),('4001','Kranj - poštni predali'),('4280','Kranjska Gora'),('1281','Kresnice'),('4294','Križe'),('9206','Križevci'),('9242','Križevci pri Ljutomeru'),('1301','Krka'),('8296','Krmelj'),('4245','Kropa'),('8262','Krška vas'),('8270','Krško'),('9263','Kuzma'),('2318','Laporje'),('3270','Laško'),('1219','Laze v Tuhinju'),('2230','Lenart v Slovenskih goricah'),('9220','Lendava/Lendva'),('4248','Lesce'),('3261','Lesično'),('8273','Leskovec pri Krškem'),('2372','Libeliče'),('2341','Limbuš'),('1270','Litija'),('3202','Ljubečna'),('1000','Ljubljana'),('1001','Ljubljana - poštni predali'),('1231','Ljubljana - Črnuče'),('1261','Ljubljana - Dobrunje'),('1260','Ljubljana - Polje'),('1210','Ljubljana - Šentvid'),('1211','Ljubljana - Šmartno'),('3333','Ljubno ob Savinji'),('9240','Ljutomer'),('3215','Loče'),('5231','Log pod Mangartom'),('1358','Log pri Brezovici'),('1370','Logatec'),('1371','Logatec'),('1434','Loka pri Zidanem Mostu'),('3223','Loka pri Žusmu'),('6219','Lokev'),('1318','Loški Potok'),('2324','Lovrenc na Dravskem polju'),('2344','Lovrenc na Pohorju'),('3334','Luče'),('1225','Lukovica'),('9202','Mačkovci'),('2322','Majšperk'),('2321','Makole'),('9243','Mala Nedelja'),('2229','Malečnik'),('6273','Marezige'),('2000','Maribor'),('2001','Maribor - poštni predali'),('2206','Marjeta na Dravskem polju'),('2281','Markovci'),('9221','Martjanci'),('6242','Materija'),('4211','Mavčiče'),('1215','Medvode'),('1234','Mengeš'),('8330','Metlika'),('2392','Mežica'),('2204','Miklavž na Dravskem polju'),('2275','Miklavž pri Ormožu'),('5291','Miren'),('8233','Mirna'),('8216','Mirna Peč'),('2382','Mislinja'),('4281','Mojstrana'),('8230','Mokronog'),('1251','Moravče'),('9226','Moravske Toplice'),('5216','Most na Soči'),('1221','Motnik'),('3330','Mozirje'),('9000','Murska Sobota'),('9001','Murska Sobota - poštni predali'),('2366','Muta'),('4202','Naklo'),('3331','Nazarje'),('1357','Notranje Gorice'),('3203','Nova Cerkev'),('5000','Nova Gorica'),('5001','Nova Gorica - poštni predali'),('1385','Nova vas'),('8000','Novo mesto'),('8001','Novo mesto - poštni predali'),('6243','Obrov'),('9233','Odranci'),('2317','Oplotnica'),('2312','Orehova vas'),('2270','Ormož'),('1316','Ortnek'),('1337','Osilnica'),('8222','Otočec'),('2361','Ožbalt'),('2231','Pernica'),('2211','Pesnica pri Mariboru'),('9203','Petrovci'),('3301','Petrovče'),('6330','Piran/Pirano'),('8255','Pišece'),('6257','Pivka'),('6232','Planina'),('3225','Planina pri Sevnici'),('6276','Pobegi'),('8312','Podbočje'),('5243','Podbrdo'),('3254','Podčetrtek'),('2273','Podgorci'),('6216','Podgorje'),('2381','Podgorje pri Slovenj Gradcu'),('6244','Podgrad'),('1414','Podkum'),('2286','Podlehnik'),('5272','Podnanos'),('4244','Podnart'),('3241','Podplat'),('3257','Podsreda'),('2363','Podvelka'),('2208','Pohorje'),('2257','Polenšak'),('1355','Polhov Gradec'),('4223','Poljane nad Škofjo Loko'),('2319','Poljčane'),('1272','Polšnik'),('3313','Polzela'),('3232','Ponikva'),('6320','Portorož/Portorose'),('6230','Postojna'),('2331','Pragersko'),('3312','Prebold'),('4205','Preddvor'),('6255','Prem'),('1352','Preserje'),('6258','Prestranek'),('2391','Prevalje'),('3262','Prevorje'),('1276','Primskovo'),('3253','Pristava pri Mestinju'),('9207','Prosenjakovci/Partosfalva'),('5297','Prvačina'),('2250','Ptuj'),('2323','Ptujska Gora'),('9201','Puconci'),('2327','Rače'),('1433','Radeče'),('9252','Radenci'),('2360','Radlje ob Dravi'),('1235','Radomlje'),('4240','Radovljica'),('8274','Raka'),('1381','Rakek'),('4283','Rateče - Planica'),('2390','Ravne na Koroškem'),('9246','Razkrižje'),('3332','Rečica ob Savinji'),('5292','Renče'),('1310','Ribnica'),('2364','Ribnica na Pohorju'),('3272','Rimske Toplice'),('1314','Rob'),('5215','Ročinj'),('3250','Rogaška Slatina'),('9262','Rogašovci'),('3252','Rogatec'),('1373','Rovte'),('2342','Ruše'),('1282','Sava'),('6333','Sečovlje/Sicciole'),('4227','Selca'),('2352','Selnica ob Dravi'),('8333','Semič'),('8281','Senovo'),('6224','Senožeče'),('8290','Sevnica'),('6210','Sežana'),('2214','Sladki Vrh'),('5283','Slap ob Idrijci'),('2380','Slovenj Gradec'),('2310','Slovenska Bistrica'),('3210','Slovenske Konjice'),('1216','Smlednik'),('5232','Soča'),('1317','Sodražica'),('3335','Solčava'),('5250','Solkan'),('4229','Sorica'),('4225','Sovodenj'),('5281','Spodnja Idrija'),('2241','Spodnji Duplek'),('9245','Spodnji Ivanjci'),('2277','Središče ob Dravi'),('4267','Srednja vas v Bohinju'),('8256','Sromlje'),('5224','Srpenica'),('1242','Stahovica'),('1332','Stara Cerkev'),('8342','Stari trg ob Kolpi'),('1386','Stari trg pri Ložu'),('2205','Starše'),('2289','Stoperce'),('8322','Stopiče'),('3206','Stranice'),('8351','Straža'),('1313','Struge'),('8293','Studenec'),('8331','Suhor'),('2233','Sv. Ana v Slovenskih goricah'),('2235','Sv. Trojica v Slovenskih goricah'),('2353','Sveti Duh na Ostrem Vrhu'),('9244','Sveti Jurij ob Ščavnici'),('3264','Sveti Štefan'),('2258','Sveti Tomaž'),('9204','Šalovci'),('5261','Šempas'),('5290','Šempeter pri Gorici'),('3311','Šempeter v Savinjski dolini'),('4208','Šenčur'),('2212','Šentilj v Slovenskih goricah'),('8297','Šentjanž'),('2373','Šentjanž pri Dravogradu'),('8310','Šentjernej'),('3230','Šentjur'),('3271','Šentrupert'),('8232','Šentrupert'),('1296','Šentvid pri Stični'),('8275','Škocjan'),('6281','Škofije'),('4220','Škofja Loka'),('3211','Škofja vas'),('1291','Škofljica'),('6274','Šmarje'),('1293','Šmarje - Sap'),('3240','Šmarje pri Jelšah'),('8220','Šmarješke Toplice'),('2315','Šmartno na Pohorju'),('3341','Šmartno ob Dreti'),('3327','Šmartno ob Paki'),('1275','Šmartno pri Litiji'),('2383','Šmartno pri Slovenj Gradcu'),('3201','Šmartno v Rožni dolini'),('3325','Šoštanj'),('6222','Štanjel'),('3220','Štore'),('3304','Tabor'),('3221','Teharje'),('9251','Tišina'),('5220','Tolmin'),('3326','Topolšica'),('2371','Trbonje'),('1420','Trbovlje'),('8231','Trebelno'),('8210','Trebnje'),('5252','Trnovo pri Gorici'),('2254','Trnovska vas'),('1222','Trojane'),('1236','Trzin'),('4290','Tržič'),('8295','Tržišče'),('1311','Turjak'),('9224','Turnišče'),('8323','Uršna sela'),('1252','Vače'),('3320','Velenje'),('3322','Velenje - poštni predali'),('8212','Velika Loka'),('2274','Velika Nedelja'),('9225','Velika Polana'),('1315','Velike Lašče'),('8213','Veliki Gaber'),('9241','Veržej'),('1312','Videm - Dobrepolje'),('2284','Videm pri Ptuju'),('8344','Vinica'),('5271','Vipava'),('4212','Visoko'),('1294','Višnja Gora'),('3205','Vitanje'),('2255','Vitomarci'),('1217','Vodice'),('3212','Vojnik'),('5293','Volčja Draga'),('2232','Voličina'),('3305','Vransko'),('6217','Vremski Britof'),('1360','Vrhnika'),('2365','Vuhred'),('2367','Vuzenica'),('8292','Zabukovje'),('1410','Zagorje ob Savi'),('1303','Zagradec'),('2283','Zavrč'),('8272','Zdole'),('4201','Zgornja Besnica'),('2242','Zgornja Korena'),('2201','Zgornja Kungota'),('2316','Zgornja Ložnica'),('2314','Zgornja Polskava'),('2213','Zgornja Velka'),('4247','Zgornje Gorje'),('4206','Zgornje Jezersko'),('2285','Zgornji Leskovec'),('1432','Zidani Most'),('3214','Zreče'),('4209','Žabnica'),('3310','Žalec'),('4228','Železniki'),('2287','Žetale'),('4226','Žiri'),('4274','Žirovnica'),('8360','Žužemberk');
INSERT INTO study_degree (id,name) VALUES ('B','(predbolonjski) visokošolski'),('C','(predbolonjski) univerzitetni'),('F','(predbolonjski) magistrski'),('G','(predbolonjski) doktorski'),('J','1. stopnja: visokošolski strokovni'),('K','1. stopnja: univerzitetni'),('L','2. stopnja: magistrski'),('M','3. stopnja: doktorski'),('71','visokošolski (univerzitetni)'),('61','višješolski študij');
INSERT INTO study_program (id,name,id_study_degree,semesters) VALUES ('1000479','Informacijski sistemi in odločanje (predb D)','G','4'),('1000480','Informacijski sistemi in odločanje (predb M)','F','4'),('1000472','Kognitivna znanost (BM)','L','4'),('1001001','Multimedija (BUN)','K','6'),('100977','Pedagoško računalništvo in informatika (BM)','L','4'),('1009999','Predmetnik za tuje študente na izmenjavi',NULL,NULL),('1000475','Računalništvo in informatika (predb UN)','C','9'),('1000425','Računalništvo in matematika (predb UN)','C','8'),('1000477','Računalništvo in informatika (predb VS)','B','6'),('1000407','Računalništvo in matematika (BUN)','K','6'),('1000471','Računalništvo in informatika (BM)','L','4'),('1000468','Računalništvo in informatika (BUN)','K','6'),('1000470','Računalništvo in informatika (BVS)','J','6'),('1000474','Računalništvo in informatika (BD)','M','6'),('1000478','Računalništvo in informatika (predb D)','G','4'),('1000481','Računalništvo in informatika (predb M)','F','4'),('1000934','Računalništvo in matematika (BM)','L','4'),('1000469','Upravna informatika (BUN)','K','6');
INSERT INTO course (id,credit_points,deleted,name,semester) VALUES ('63508','6','false','Algoritmi','poletni'),('63711','6','false','Algoritmi in podatkovne strukture 1','zimski'),('63279','6','false','Algoritmi in podatkovne strukture 1','zimski'),('63280','6','false','Algoritmi in podatkovne strukture 2','poletni'),('63705','6','false','Diskretne strukture','zimski'),('63203','6','false','Diskretne strukture','zimski'),('63266','6','false','Inteligentni sistemi','zimski'),('63517','6','false','Izračunljivost in računska zahtevnost','zimski'),('63525','6','false','Odkrivanje znanj iz podatkov','poletni'),('63741','6','false','Odločitveni sistemi','zimski'),('63765','6','false','Podatkovno rudarjenje','poletni'),('63251','6','false','Poslovna inteligenca','zimski'),('63265','6','false','Prevajalniki','poletni'),('63722','6','false','Prevajalniki in navidezni stroji','poletni'),('63220','6','false','Principi programskih jezikov','poletni'),('63502','5','false','Programiranje','zimski'),('63277','6','false','Programiranje 1','zimski'),('63702','6','false','Programiranje 1','zimski'),('63278','6','false','Programiranje 2 (C)','poletni'),('63706','6','false','Programiranje 2 (Java)','poletni'),('63268','6','false','Razvoj inteligentnih sistemov','poletni'),('63263','6','false','Računska zahtevnost in hevristično programiranje','zimski'),('63739','6','false','Robotika in računalniško zaznavanje','zimski'),('63519','6','false','Strojno učenje','zimski'),('63510','6','false','Umetna inteligenca','poletni'),('63720','6','false','Umetna inteligenca','zimski'),('63267','6','false','Umetno zaznavanje','zimski'),('63520','6','false','Uvod v bioinformatiko','zimski'),('63212','6','false','Arhitektura računalniških sistemov','zimski'),('63718','6','false','Digitalna vezja','zimski'),('63260','6','false','Digitalno načrtovanje','zimski'),('63257','6','false','Modeliranje računalniških omrežij','zimski'),('63729','6','false','Načrtovanje digitalnih naprav','poletni'),('63709','6','false','Operacijski sistemi','poletni'),('63217','6','false','Operacijski sistemi','poletni'),('63717','6','false','Organizacija računalnikov','zimski'),('63218','6','false','Organizacija računalniških sistemov','zimski'),('63204','6','false','Osnove digitalnih vezij','zimski'),('63703','6','false','Računalniška arhitektura','zimski'),('63221','6','false','Računalniške tehnologije','poletni'),('63509','6','false','Računalniški sistemi','poletni'),('63264','6','false','Sistemska programska oprema','zimski'),('63736','6','false','Sistemska programska oprema','zimski'),('63728','6','false','Vhodno-izhodne naprave','poletni'),('63262','6','false','Zanesljivost in zmogljivost računalniških sistemov','poletni'),('63516','6','false','Digitalno procesiranje signalov','zimski'),('63744','6','false','Digitalno procesiranje signalov','zimski'),('63532','6','false','Diskretna matematika','poletni'),('63518','6','false','E-izobraževanje','zimski'),('63715','6','false','Grafično oblikovanje','zimski'),('63527','6','false','Interaktivnost in oblikovanje informacij','poletni'),('63210','6','false','Komunikacija človek računalnik','poletni'),('63734','6','false','Multimedijske tehnologije','zimski'),('63270','6','false','Multimedijski sistemi','zimski'),('63514','6','false','Obdelava biomedicinskih signalov in slik','zimski'),('63271','6','false','Osnove oblikovanja','poletni'),('63547','6','false','Poučevanje algoritmičnega razmišljanja','zimski'),('63726','6','false','Produkcija multimedijskih gradiv','poletni'),('63719','6','false','Računalniška grafika','zimski'),('63269','6','false','Računalniška grafika in tehnologija iger','zimski'),('63740','6','false','Tehnologija iger in navidezna resničnost','zimski'),('63721','6','false','Uporabniški vmesniki','poletni'),('63701','6','false','Uvod v računalništvo','zimski'),('63714','6','false','Informacijski sistemi','zimski'),('63533','6','false','Management proizvodnih in storitvenih procesov','zimski'),('63512','6','false','Nekonvencionalne platforme in metode procesiranja','zimski'),('63526','6','false','Obvladovanje informatike','poletni'),('63253','6','false','Planiranje in upravljanje informatike','poletni'),('63254','6','false','Postopki razvoja programske opreme','zimski'),('63737','6','false','Procesna avtomatika','zimski'),('63725','6','false','Razvoj informacijskih sistemov','poletni'),('63515','6','false','Sodobne metode razvoja programske opreme','poletni'),('63727','6','false','Spletne tehnologije','poletni'),('63255','6','false','Spletno programiranje','zimski'),('63732','6','false','Tehnologija programske opreme','zimski'),('63256','6','false','Tehnologija programske opreme','poletni'),('63724','6','false','Testiranje in kakovost','poletni'),('63738','6','false','Vgrajeni sistemi','zimski'),('63712','6','false','Elektronsko in mobilno poslovanje','zimski'),('63249','6','false','Elektronsko poslovanje','zimski'),('63521','6','false','Informacijska varnost in zasebnost','zimski'),('63528','6','false','Kriptografija in računalniška varnost','zimski'),('63250','6','false','Organizacija in management','poletni'),('63215','6','false','Osnove informacijskih sistemov','poletni'),('63707','6','false','Podatkovne baze','poletni'),('63713','6','false','Podatkovne baze 2','zimski'),('63530','6','false','Računalniška forenzika','poletni'),('63226','6','false','Tehnologija upravljanja podatkov','zimski'),('63216','6','false','Teorija informacij in sistemov','poletni'),('63259','6','false','Brezžična in mobilna omrežja','poletni'),('63511','6','false','Brezžična senzorska omrežja','poletni'),('63258','6','false','Komunikacijski protokoli','zimski'),('63716','6','false','Komunikacijski protokoli in omrežna varnost','zimski'),('63261','6','false','Porazdeljeni sistemi','zimski'),('63209','6','false','Računalniške komunikacije','poletni'),('63708','6','false','Računalniške komunikacije','poletni'),('63735','6','false','Vzporedni in porazdeljeni sistemi in algoritmi','zimski'),('63284','3','false','Tehnične veščine (Funkcijsko programiranje za splet)','zimski'),('63752','3','false','Računalništvo v praksi 1','bločni'),('63242','3','false','Računalništvo v praksi 2','bločni'),('63202','6','false','Osnove matematične analize','zimski'),('63710','6','false','Osnove verjetnosti in statistike','poletni'),('63213','6','false','Verjetnost in statistika','zimski'),('63207','6','false','Linearna algebra','poletni'),('63205','6','false','Fizika','zimski'),('63248','6','false','Ekonomika in podjetništvo','poletni'),('63281','6','false','Diplomski seminar','poletni'),('63214','6','false','Osnove umetne inteligence','zimski'),('63219','6','false','Matematično modeliranje','poletni'),('63225','6','false','Izbrana poglavja iz računalništva in informatike: Analiza omrežij','bločni'),('63750','3','false','Športna vzgoja','zimski'),('63208','6','false','Osnove podatkovnih baz','zimski'),('63704','6','false','Matematika','zimski');
INSERT INTO user_role (id,name) VALUES ('1','Skrbnik/ca'),('2','Študent/ka'),('3','Profesor/ica'),('4','Referent/ka');
INSERT INTO study_year (id,name) VALUES ('1','2013/2014'),('2','2014/2015'),('3','2015/2016'),('4','2016/2017'),('5','2017/2018');
INSERT INTO part_of_curriculum (id,type_of_curriculum,module_name) VALUES ('1','obv',NULL),('2','siz',NULL),('3','piz',NULL),('4','mod','Informacijski sistemi'),('5','mod','Obvladovanje informatike'),('6','mod','Razvoj programske opreme'),('7','mod','Računalniška omrežja'),('8','mod','Računalniški sistemi'),('9','mod','Algoritmi in sistemski programi'),('10','mod','Umetna inteligenca'),('11','mod','Medijske tehnologije');
INSERT INTO curriculum (id_curriculum,deleted,year_of_program,id_course,id_study_program,part_of_curriculum,id_study_year) VALUES ('1','false','1','63508','1000471','1','5'),('2','false','1','63508','1000934','1','5'),('3','false','1','63508','100977','1','5'),('4','false','2','63711','1000470','1','5'),('5','false','2','63279','1000468','1','5'),('6','false','2','63279','1000407','1','5'),('7','false','2','63280','1000468','1','5'),('8','false','2','63280','1000407','1','5'),('9','false','1','63705','1000470','1','5'),('10','false','1','63203','1000468','1','5'),('11','false','3','63266','1000468','10','5'),('12','false','3','63266','1000407','10','5'),('13','false','1','63266','1000471','10','5'),('14','false','2','63266','1000471','10','5'),('15','false','2','63517','1000468','1','5'),('16','false','2','63517','1000407','1','5'),('17','false','2','63741','1000470','2','5'),('18','false','2','63765','1000470','2','5'),('19','false','3','63251','1000468','4','5'),('20','false','3','63251','1000407','4','5'),('21','false','1','63251','1000471','4','5'),('22','false','2','63251','1000471','4','5'),('23','false','3','63265','1000468','9','5'),('24','false','3','63265','1000407','9','5'),('25','false','1','63265','1000471','9','5'),('26','false','2','63265','1000471','9','5'),('27','false','2','63722','1000470','2','5'),('28','false','1','63277','1000468','1','5'),('29','false','1','63277','1000407','1','5'),('30','false','1','63277','1001001','1','5'),('31','false','1','63702','1000470','1','5'),('32','false','1','63278','1000468','1','5'),('33','false','1','63278','1001001','1','5'),('34','false','1','63278','1000407','1','5'),('35','false','1','63706','1000470','1','5'),('36','false','3','63268','1000468','10','5'),('37','false','3','63268','1000407','10','5'),('38','false','3','63268','1000471','10','5'),('39','false','2','63220','1000468','2','5'),('40','false','3','63220','1000468','3','5'),('41','false','2','63220','1000407','1','5'),('42','false','3','63263','1000468','9','5'),('43','false','3','63263','1000407','9','5'),('44','false','1','63263','1000471','9','5'),('45','false','2','63263','1000471','9','5'),('46','false','2','63739','1000470','2','5'),('47','false','1','63212','1000468','1','5'),('48','false','1','63212','1000407','1','5'),('49','false','2','63718','1000470','2','5'),('50','false','3','63260','1000468','8','5'),('51','false','3','63260','1000407','8','5'),('52','false','1','63260','1000471','8','5'),('53','false','2','63260','1000471','8','5'),('54','false','3','63257','1000468','7','5'),('55','false','3','63257','1000407','7','5'),('56','false','1','63257','1000471','7','5'),('57','false','2','63257','1000471','7','5'),('58','false','2','63729','1000470','2','5'),('59','false','1','63709','1000470','1','5'),('60','false','2','63217','1000468','1','5'),('61','false','2','63717','1000470','2','5'),('62','false','2','63218','1000468','1','5'),('63','false','1','63204','1000468','1','5'),('64','false','1','63204','1000407','1','5'),('65','false','2','63221','1000468','2','5'),('66','false','1','63703','1000470','1','5'),('67','false','1','63509','1000471','1','5'),('68','false','1','63509','1000934','1','5'),('69','false','3','63264','1000468','9','5'),('70','false','3','63264','1000407','9','5'),('71','false','1','63264','1000471','9','5'),('72','false','2','63264','1000471','9','5'),('73','false','2','63736','1000470','2','5'),('74','false','2','63728','1000470','2','5'),('75','false','3','63262','1000468','8','5'),('76','false','3','63262','1000407','8','5'),('77','false','1','63262','1000471','8','5'),('78','false','2','63262','1000471','8','5'),('79','false','2','63744','1000470','2','5'),('80','false','2','63715','1000470','2','5'),('81','false','2','63734','1000470','2','5'),('82','false','3','63270','1000468','11','5'),('83','false','3','63270','1000407','11','5'),('84','false','1','63270','1000471','11','5'),('85','false','2','63270','1000471','11','5'),('86','false','3','63271','1000468','11','5'),('87','false','3','63271','1000407','11','5'),('88','false','1','63271','1000471','11','5'),('89','false','2','63271','1000471','11','5'),('90','false','2','63271','1001001','1','5'),('91','false','2','63726','1000470','2','5'),('92','false','2','63719','1000470','2','5'),('93','false','3','63269','1000468','11','5'),('94','false','3','63269','1000407','11','5'),('95','false','2','63269','1001001','11','5'),('96','false','1','63269','1000471','11','5'),('97','false','2','63269','1000471','11','5'),('98','false','2','63740','1000470','2','5'),('99','false','2','63721','1000470','2','5'),('100','false','1','63701','1000470','1','5'),('101','false','2','63714','1000470','2','5'),('102','false','3','63253','1000468','5','5'),('103','false','3','63253','1000407','5','5'),('104','false','1','63253','1000471','5','5'),('105','false','2','63253','1000471','5','5'),('106','false','3','63254','1000468','6','5'),('107','false','3','63254','1000407','6','5'),('108','false','1','63254','1000471','6','5'),('109','false','2','63254','1000471','6','5'),('110','false','2','63737','1000470','2','5'),('111','false','2','63737','1000468','3','5'),('112','false','3','63737','1000468','3','5'),('113','false','2','63725','1000470','2','5'),('114','false','2','63727','1000470','2','5'),('115','false','3','63255','1000468','6','5'),('116','false','3','63255','1000407','6','5'),('117','false','1','63255','1000471','6','5'),('118','false','2','63255','1000471','6','5'),('119','false','3','63732','1000470','1','5'),('120','false','3','63256','1000468','6','5'),('121','false','3','63256','1000407','6','5'),('122','false','1','63256','1000471','6','5'),('123','false','3','63256','1000475','6','5'),('124','false','2','63724','1000470','2','5'),('125','false','2','63738','1000470','2','5'),('126','false','3','63249','1000468','4','5'),('127','false','3','63249','1000407','4','5'),('128','false','1','63249','1000471','4','5'),('129','false','2','63249','1000471','4','5'),('130','false','3','63250','1000468','4','5'),('131','false','3','63250','1000407','4','5'),('132','false','1','63250','1000471','4','5'),('133','false','2','63250','1000475','4','5'),('134','false','1','63215','1000468','1','5'),('135','false','1','63707','1000470','1','5'),('136','false','2','63713','1000470','2','5'),('137','false','3','63226','1000468','5','5'),('138','false','3','63226','1000407','5','5'),('139','false','1','63226','1000471','5','5'),('140','false','2','63226','1000471','5','5'),('141','false','2','63216','1000468','1','5'),('142','false','3','63259','1000468','7','5'),('143','false','3','63259','1000407','7','5'),('144','false','1','63259','1000471','7','5'),('145','false','2','63259','1000471','7','5'),('146','false','3','63258','1000468','7','5'),('147','false','3','63258','1000407','7','5'),('148','false','1','63258','1000471','7','5'),('149','false','2','63258','1000471','7','5'),('150','false','2','63716','1000470','2','5'),('151','false','3','63261','1000468','8','5'),('152','false','3','63261','1000407','8','5'),('153','false','1','63261','1000471','8','5'),('154','false','2','63261','1000471','8','5'),('155','false','1','63209','1000468','1','5'),('156','false','2','63209','1000407','1','5'),('157','false','1','63708','1000470','1','5'),('158','false','3','63735','1000470','2','5'),('159','false','2','63284','1000468','3','5'),('160','false','3','63284','1000468','3','5'),('161','false','2','63752','1000468','3','5'),('162','false','3','63752','1000468','3','5'),('163','false','2','63242','1000468','3','5'),('164','false','3','63242','1000468','3','5'),('165','false','2','63213','1000468','1','5'),('166','false','1','63710','1000470','1','5'),('167','false','1','63202','1000468','1','5'),('168','false','1','63202','1001001','1','5'),('169','false','1','63207','1000468','1','5'),('170','false','1','63207','1001001','1','5'),('171','false','1','63205','1000468','1','5'),('172','false','3','63248','1000468','1','5'),('173','false','3','63281','1000468','1','5'),('174','false','3','63214','1000468','1','5'),('175','false','3','63214','1000407','1','5'),('176','false','2','63219','1000468','2','5'),('177','false','3','63219','1000468','3','5'),('178','false','2','63225','1000468','3','5'),('179','false','3','63225','1000468','3','5'),('180','false','2','63208','1000468','1','5'),('181','false','3','63267','1000468','10','5'),('182','false','3','63267','1000407','10','5'),('183','false','1','63267','1000471','2','5'),('184','false','2','63267','1000471','2','5'),('185','false','3','63725','1000468','5','5'),('186','false','3','63725','1000407','5','5'),('187','false','1','63725','1000471','2','5'),('188','false','2','63725','1000471','2','5'),('189','false','3','63221','1000468','3','5'),('190','false','1','63704','1000470','1','5'),('191','false','1','63508','1000471','1','4'),('192','false','1','63508','1000934','1','4'),('193','false','1','63508','100977','1','4'),('194','false','2','63711','1000470','1','4'),('195','false','2','63279','1000468','1','4'),('196','false','2','63279','1000407','1','4'),('197','false','2','63280','1000468','1','4'),('198','false','2','63280','1000407','1','4'),('199','false','1','63705','1000470','1','4'),('200','false','1','63203','1000468','1','4'),('201','false','3','63266','1000468','10','4'),('202','false','3','63266','1000407','10','4'),('203','false','1','63266','1000471','10','4'),('204','false','2','63266','1000471','10','4'),('205','false','2','63517','1000468','1','4'),('206','false','2','63517','1000407','1','4'),('207','false','2','63741','1000470','2','4'),('208','false','2','63765','1000470','2','4'),('209','false','3','63251','1000468','4','4'),('210','false','3','63251','1000407','4','4'),('211','false','1','63251','1000471','4','4'),('212','false','2','63251','1000471','4','4'),('213','false','3','63265','1000468','9','4'),('214','false','3','63265','1000407','9','4'),('215','false','1','63265','1000471','9','4'),('216','false','2','63265','1000471','9','4'),('217','false','2','63722','1000470','2','4'),('218','false','1','63277','1000468','1','4'),('219','false','1','63277','1000407','1','4'),('220','false','1','63277','1001001','1','4'),('221','false','1','63702','1000470','1','4'),('222','false','1','63278','1000468','1','4'),('223','false','1','63278','1001001','1','4'),('224','false','1','63278','1000407','1','4'),('225','false','1','63706','1000470','1','4'),('226','false','3','63268','1000468','10','4'),('227','false','3','63268','1000407','10','4'),('228','false','3','63268','1000471','10','4'),('229','false','2','63220','1000468','2','4'),('230','false','3','63220','1000468','3','4'),('231','false','2','63220','1000407','1','4'),('232','false','3','63263','1000468','9','4'),('233','false','3','63263','1000407','9','4'),('234','false','1','63263','1000471','9','4'),('235','false','2','63263','1000471','9','4'),('236','false','2','63739','1000470','2','4'),('237','false','1','63212','1000468','1','4'),('238','false','1','63212','1000407','1','4'),('239','false','2','63718','1000470','2','4'),('240','false','3','63260','1000468','8','4'),('241','false','3','63260','1000407','8','4'),('242','false','1','63260','1000471','8','4'),('243','false','2','63260','1000471','8','4'),('244','false','3','63257','1000468','7','4'),('245','false','3','63257','1000407','7','4'),('246','false','1','63257','1000471','7','4'),('247','false','2','63257','1000471','7','4'),('248','false','2','63729','1000470','2','4'),('249','false','1','63709','1000470','1','4'),('250','false','2','63217','1000468','1','4'),('251','false','2','63717','1000470','2','4'),('252','false','2','63218','1000468','1','4'),('253','false','1','63204','1000468','1','4'),('254','false','1','63204','1000407','1','4'),('255','false','2','63221','1000468','2','4'),('256','false','1','63703','1000470','1','4'),('257','false','1','63509','1000471','1','4'),('258','false','1','63509','1000934','1','4'),('259','false','3','63264','1000468','9','4'),('260','false','3','63264','1000407','9','4'),('261','false','1','63264','1000471','9','4'),('262','false','2','63264','1000471','9','4'),('263','false','2','63736','1000470','2','4'),('264','false','2','63728','1000470','2','4'),('265','false','3','63262','1000468','8','4'),('266','false','3','63262','1000407','8','4'),('267','false','1','63262','1000471','8','4'),('268','false','2','63262','1000471','8','4'),('269','false','2','63744','1000470','2','4'),('270','false','2','63715','1000470','2','4'),('271','false','2','63734','1000470','2','4'),('272','false','3','63270','1000468','11','4'),('273','false','3','63270','1000407','11','4'),('274','false','1','63270','1000471','11','4'),('275','false','2','63270','1000471','11','4'),('276','false','3','63271','1000468','11','4'),('277','false','3','63271','1000407','11','4'),('278','false','1','63271','1000471','11','4'),('279','false','2','63271','1000471','11','4'),('280','false','2','63271','1001001','1','4'),('281','false','2','63726','1000470','2','4'),('282','false','2','63719','1000470','2','4'),('283','false','3','63269','1000468','11','4'),('284','false','3','63269','1000407','11','4'),('285','false','2','63269','1001001','11','4'),('286','false','1','63269','1000471','11','4'),('287','false','2','63269','1000471','11','4'),('288','false','2','63740','1000470','2','4'),('289','false','2','63721','1000470','2','4'),('290','false','1','63701','1000470','1','4'),('291','false','2','63714','1000470','2','4'),('292','false','3','63253','1000468','5','4'),('293','false','3','63253','1000407','5','4'),('294','false','1','63253','1000471','5','4'),('295','false','2','63253','1000471','5','4'),('296','false','3','63254','1000468','6','4'),('297','false','3','63254','1000407','6','4'),('298','false','1','63254','1000471','6','4'),('299','false','2','63254','1000471','6','4'),('300','false','2','63737','1000470','2','4'),('301','false','2','63737','1000468','3','4'),('302','false','3','63737','1000468','3','4'),('303','false','2','63725','1000470','2','4'),('304','false','2','63727','1000470','2','4'),('305','false','3','63255','1000468','6','4'),('306','false','3','63255','1000407','6','4'),('307','false','1','63255','1000471','6','4'),('308','false','2','63255','1000471','6','4'),('309','false','3','63732','1000470','1','4'),('310','false','3','63256','1000468','6','4'),('311','false','3','63256','1000407','6','4'),('312','false','1','63256','1000471','6','4'),('313','false','3','63256','1000475','6','4'),('314','false','2','63724','1000470','2','4'),('315','false','2','63738','1000470','2','4'),('316','false','3','63249','1000468','4','4'),('317','false','3','63249','1000407','4','4'),('318','false','1','63249','1000471','4','4'),('319','false','2','63249','1000471','4','4'),('320','false','3','63250','1000468','4','4'),('321','false','3','63250','1000407','4','4'),('322','false','1','63250','1000471','4','4'),('323','false','2','63250','1000475','4','4'),('324','false','1','63215','1000468','1','4'),('325','false','1','63707','1000470','1','4'),('326','false','2','63713','1000470','2','4'),('327','false','3','63226','1000468','5','4'),('328','false','3','63226','1000407','5','4'),('329','false','1','63226','1000471','5','4'),('330','false','2','63226','1000471','5','4'),('331','false','2','63216','1000468','1','4'),('332','false','3','63259','1000468','7','4'),('333','false','3','63259','1000407','7','4'),('334','false','1','63259','1000471','7','4'),('335','false','2','63259','1000471','7','4'),('336','false','3','63258','1000468','7','4'),('337','false','3','63258','1000407','7','4'),('338','false','1','63258','1000471','7','4'),('339','false','2','63258','1000471','7','4'),('340','false','2','63716','1000470','2','4'),('341','false','3','63261','1000468','8','4'),('342','false','3','63261','1000407','8','4'),('343','false','1','63261','1000471','8','4'),('344','false','2','63261','1000471','8','4'),('345','false','1','63209','1000468','1','4'),('346','false','2','63209','1000407','1','4'),('347','false','1','63708','1000470','1','4'),('348','false','3','63735','1000470','2','4'),('349','false','2','63284','1000468','3','4'),('350','false','3','63284','1000468','3','4'),('351','false','2','63752','1000468','3','4'),('352','false','3','63752','1000468','3','4'),('353','false','2','63242','1000468','3','4'),('354','false','3','63242','1000468','3','4'),('355','false','2','63213','1000468','1','4'),('356','false','1','63710','1000470','1','4'),('357','false','1','63202','1000468','1','4'),('358','false','1','63202','1001001','1','4'),('359','false','1','63207','1000468','1','4'),('360','false','1','63207','1001001','1','4'),('361','false','1','63205','1000468','1','4'),('362','false','3','63248','1000468','1','4'),('363','false','3','63281','1000468','1','4'),('364','false','3','63214','1000468','1','4'),('365','false','3','63214','1000407','1','4'),('366','false','2','63219','1000468','2','4'),('367','false','3','63219','1000468','3','4'),('368','false','2','63225','1000468','3','4'),('369','false','3','63225','1000468','3','4'),('370','false','2','63208','1000468','1','4'),('371','false','3','63267','1000468','10','4'),('372','false','3','63267','1000407','10','4'),('373','false','1','63267','1000471','2','4'),('374','false','2','63267','1000471','2','4'),('375','false','3','63725','1000468','5','4'),('376','false','3','63725','1000407','5','4'),('377','false','1','63725','1000471','2','4'),('378','false','2','63725','1000471','2','4'),('379','false','3','63221','1000468','3','4'),('380','false','1','63704','1000470','1','4'),('381','false','1','63508','1000471','1','3'),('382','false','1','63508','1000934','1','3'),('383','false','1','63508','100977','1','3'),('384','false','2','63711','1000470','1','3'),('385','false','2','63279','1000468','1','3'),('386','false','2','63279','1000407','1','3'),('387','false','2','63280','1000468','1','3'),('388','false','2','63280','1000407','1','3'),('389','false','1','63705','1000470','1','3'),('390','false','1','63203','1000468','1','3'),('391','false','3','63266','1000468','10','3'),('392','false','3','63266','1000407','10','3'),('393','false','1','63266','1000471','10','3'),('394','false','2','63266','1000471','10','3'),('395','false','2','63517','1000468','1','3'),('396','false','2','63517','1000407','1','3'),('397','false','2','63741','1000470','2','3'),('398','false','2','63765','1000470','2','3'),('399','false','3','63251','1000468','4','3'),('400','false','3','63251','1000407','4','3'),('401','false','1','63251','1000471','4','3'),('402','false','2','63251','1000471','4','3'),('403','false','3','63265','1000468','9','3'),('404','false','3','63265','1000407','9','3'),('405','false','1','63265','1000471','9','3'),('406','false','2','63265','1000471','9','3'),('407','false','2','63722','1000470','2','3'),('408','false','1','63277','1000468','1','3'),('409','false','1','63277','1000407','1','3'),('410','false','1','63277','1001001','1','3'),('411','false','1','63702','1000470','1','3'),('412','false','1','63278','1000468','1','3'),('413','false','1','63278','1001001','1','3'),('414','false','1','63278','1000407','1','3'),('415','false','1','63706','1000470','1','3'),('416','false','3','63268','1000468','10','3'),('417','false','3','63268','1000407','10','3'),('418','false','3','63268','1000471','10','3'),('419','false','2','63220','1000468','2','3'),('420','false','3','63220','1000468','3','3'),('421','false','2','63220','1000407','1','3'),('422','false','3','63263','1000468','9','3'),('423','false','3','63263','1000407','9','3'),('424','false','1','63263','1000471','9','3'),('425','false','2','63263','1000471','9','3'),('426','false','2','63739','1000470','2','3'),('427','false','1','63212','1000468','1','3'),('428','false','1','63212','1000407','1','3'),('429','false','2','63718','1000470','2','3'),('430','false','3','63260','1000468','8','3'),('431','false','3','63260','1000407','8','3'),('432','false','1','63260','1000471','8','3'),('433','false','2','63260','1000471','8','3'),('434','false','3','63257','1000468','7','3'),('435','false','3','63257','1000407','7','3'),('436','false','1','63257','1000471','7','3'),('437','false','2','63257','1000471','7','3'),('438','false','2','63729','1000470','2','3'),('439','false','1','63709','1000470','1','3'),('440','false','2','63217','1000468','1','3'),('441','false','2','63717','1000470','2','3'),('442','false','2','63218','1000468','1','3'),('443','false','1','63204','1000468','1','3'),('444','false','1','63204','1000407','1','3'),('445','false','2','63221','1000468','2','3'),('446','false','1','63703','1000470','1','3'),('447','false','1','63509','1000471','1','3'),('448','false','1','63509','1000934','1','3'),('449','false','3','63264','1000468','9','3'),('450','false','3','63264','1000407','9','3'),('451','false','1','63264','1000471','9','3'),('452','false','2','63264','1000471','9','3'),('453','false','2','63736','1000470','2','3'),('454','false','2','63728','1000470','2','3'),('455','false','3','63262','1000468','8','3'),('456','false','3','63262','1000407','8','3'),('457','false','1','63262','1000471','8','3'),('458','false','2','63262','1000471','8','3'),('459','false','2','63744','1000470','2','3'),('460','false','2','63715','1000470','2','3'),('461','false','2','63734','1000470','2','3'),('462','false','3','63270','1000468','11','3'),('463','false','3','63270','1000407','11','3'),('464','false','1','63270','1000471','11','3'),('465','false','2','63270','1000471','11','3'),('466','false','3','63271','1000468','11','3'),('467','false','3','63271','1000407','11','3'),('468','false','1','63271','1000471','11','3'),('469','false','2','63271','1000471','11','3'),('470','false','2','63271','1001001','1','3'),('471','false','2','63726','1000470','2','3'),('472','false','2','63719','1000470','2','3'),('473','false','3','63269','1000468','11','3'),('474','false','3','63269','1000407','11','3'),('475','false','2','63269','1001001','11','3'),('476','false','1','63269','1000471','11','3'),('477','false','2','63269','1000471','11','3'),('478','false','2','63740','1000470','2','3'),('479','false','2','63721','1000470','2','3'),('480','false','1','63701','1000470','1','3'),('481','false','2','63714','1000470','2','3'),('482','false','3','63253','1000468','5','3'),('483','false','3','63253','1000407','5','3'),('484','false','1','63253','1000471','5','3'),('485','false','2','63253','1000471','5','3'),('486','false','3','63254','1000468','6','3'),('487','false','3','63254','1000407','6','3'),('488','false','1','63254','1000471','6','3'),('489','false','2','63254','1000471','6','3'),('490','false','2','63737','1000470','2','3'),('491','false','2','63737','1000468','3','3'),('492','false','3','63737','1000468','3','3'),('493','false','2','63725','1000470','2','3'),('494','false','2','63727','1000470','2','3'),('495','false','3','63255','1000468','6','3'),('496','false','3','63255','1000407','6','3'),('497','false','1','63255','1000471','6','3'),('498','false','2','63255','1000471','6','3'),('499','false','3','63732','1000470','1','3'),('500','false','3','63256','1000468','6','3'),('501','false','3','63256','1000407','6','3'),('502','false','1','63256','1000471','6','3'),('503','false','3','63256','1000475','6','3'),('504','false','2','63724','1000470','2','3'),('505','false','2','63738','1000470','2','3'),('506','false','3','63249','1000468','4','3'),('507','false','3','63249','1000407','4','3'),('508','false','1','63249','1000471','4','3'),('509','false','2','63249','1000471','4','3'),('510','false','3','63250','1000468','4','3'),('511','false','3','63250','1000407','4','3'),('512','false','1','63250','1000471','4','3'),('513','false','2','63250','1000475','4','3'),('514','false','1','63215','1000468','1','3'),('515','false','1','63707','1000470','1','3'),('516','false','2','63713','1000470','2','3'),('517','false','3','63226','1000468','5','3'),('518','false','3','63226','1000407','5','3'),('519','false','1','63226','1000471','5','3'),('520','false','2','63226','1000471','5','3'),('521','false','2','63216','1000468','1','3'),('522','false','3','63259','1000468','7','3'),('523','false','3','63259','1000407','7','3'),('524','false','1','63259','1000471','7','3'),('525','false','2','63259','1000471','7','3'),('526','false','3','63258','1000468','7','3'),('527','false','3','63258','1000407','7','3'),('528','false','1','63258','1000471','7','3'),('529','false','2','63258','1000471','7','3'),('530','false','2','63716','1000470','2','3'),('531','false','3','63261','1000468','8','3'),('532','false','3','63261','1000407','8','3'),('533','false','1','63261','1000471','8','3'),('534','false','2','63261','1000471','8','3'),('535','false','1','63209','1000468','1','3'),('536','false','2','63209','1000407','1','3'),('537','false','1','63708','1000470','1','3'),('538','false','3','63735','1000470','2','3'),('539','false','2','63284','1000468','3','3'),('540','false','3','63284','1000468','3','3'),('541','false','2','63752','1000468','3','3'),('542','false','3','63752','1000468','3','3'),('543','false','2','63242','1000468','3','3'),('544','false','3','63242','1000468','3','3'),('545','false','2','63213','1000468','1','3'),('546','false','1','63710','1000470','1','3'),('547','false','1','63202','1000468','1','3'),('548','false','1','63202','1001001','1','3'),('549','false','1','63207','1000468','1','3'),('550','false','1','63207','1001001','1','3'),('551','false','1','63205','1000468','1','3'),('552','false','3','63248','1000468','1','3'),('553','false','3','63281','1000468','1','3'),('554','false','3','63214','1000468','1','3'),('555','false','3','63214','1000407','1','3'),('556','false','2','63219','1000468','2','3'),('557','false','3','63219','1000468','3','3'),('558','false','2','63225','1000468','3','3'),('559','false','3','63225','1000468','3','3'),('560','false','2','63208','1000468','1','3'),('561','false','3','63267','1000468','10','3'),('562','false','3','63267','1000407','10','3'),('563','false','1','63267','1000471','2','3'),('564','false','2','63267','1000471','2','3'),('565','false','3','63725','1000468','5','3'),('566','false','3','63725','1000407','5','3'),('567','false','1','63725','1000471','2','3'),('568','false','2','63725','1000471','2','3'),('569','false','3','63221','1000468','3','3'),('570','false','1','63704','1000470','1','3'),('571','false','1','63508','1000471','1','2'),('572','false','1','63508','1000934','1','2'),('573','false','1','63508','100977','1','2'),('574','false','2','63711','1000470','1','2'),('575','false','2','63279','1000468','1','2'),('576','false','2','63279','1000407','1','2'),('577','false','2','63280','1000468','1','2'),('578','false','2','63280','1000407','1','2'),('579','false','1','63705','1000470','1','2'),('580','false','1','63203','1000468','1','2'),('581','false','3','63266','1000468','10','2'),('582','false','3','63266','1000407','10','2'),('583','false','1','63266','1000471','10','2'),('584','false','2','63266','1000471','10','2'),('585','false','2','63517','1000468','1','2'),('586','false','2','63517','1000407','1','2'),('587','false','2','63741','1000470','2','2'),('588','false','2','63765','1000470','2','2'),('589','false','3','63251','1000468','4','2'),('590','false','3','63251','1000407','4','2'),('591','false','1','63251','1000471','4','2'),('592','false','2','63251','1000471','4','2'),('593','false','3','63265','1000468','9','2'),('594','false','3','63265','1000407','9','2'),('595','false','1','63265','1000471','9','2'),('596','false','2','63265','1000471','9','2'),('597','false','2','63722','1000470','2','2'),('598','false','1','63277','1000468','1','2'),('599','false','1','63277','1000407','1','2'),('600','false','1','63277','1001001','1','2'),('601','false','1','63702','1000470','1','2'),('602','false','1','63278','1000468','1','2'),('603','false','1','63278','1001001','1','2'),('604','false','1','63278','1000407','1','2'),('605','false','1','63706','1000470','1','2'),('606','false','3','63268','1000468','10','2'),('607','false','3','63268','1000407','10','2'),('608','false','3','63268','1000471','10','2'),('609','false','2','63220','1000468','2','2'),('610','false','3','63220','1000468','3','2'),('611','false','2','63220','1000407','1','2'),('612','false','3','63263','1000468','9','2'),('613','false','3','63263','1000407','9','2'),('614','false','1','63263','1000471','9','2'),('615','false','2','63263','1000471','9','2'),('616','false','2','63739','1000470','2','2'),('617','false','1','63212','1000468','1','2'),('618','false','1','63212','1000407','1','2'),('619','false','2','63718','1000470','2','2'),('620','false','3','63260','1000468','8','2'),('621','false','3','63260','1000407','8','2'),('622','false','1','63260','1000471','8','2'),('623','false','2','63260','1000471','8','2'),('624','false','3','63257','1000468','7','2'),('625','false','3','63257','1000407','7','2'),('626','false','1','63257','1000471','7','2'),('627','false','2','63257','1000471','7','2'),('628','false','2','63729','1000470','2','2'),('629','false','1','63709','1000470','1','2'),('630','false','2','63217','1000468','1','2'),('631','false','2','63717','1000470','2','2'),('632','false','2','63218','1000468','1','2'),('633','false','1','63204','1000468','1','2'),('634','false','1','63204','1000407','1','2'),('635','false','2','63221','1000468','2','2'),('636','false','1','63703','1000470','1','2'),('637','false','1','63509','1000471','1','2'),('638','false','1','63509','1000934','1','2'),('639','false','3','63264','1000468','9','2'),('640','false','3','63264','1000407','9','2'),('641','false','1','63264','1000471','9','2'),('642','false','2','63264','1000471','9','2'),('643','false','2','63736','1000470','2','2'),('644','false','2','63728','1000470','2','2'),('645','false','3','63262','1000468','8','2'),('646','false','3','63262','1000407','8','2'),('647','false','1','63262','1000471','8','2'),('648','false','2','63262','1000471','8','2'),('649','false','2','63744','1000470','2','2'),('650','false','2','63715','1000470','2','2'),('651','false','2','63734','1000470','2','2'),('652','false','3','63270','1000468','11','2'),('653','false','3','63270','1000407','11','2'),('654','false','1','63270','1000471','11','2'),('655','false','2','63270','1000471','11','2'),('656','false','3','63271','1000468','11','2'),('657','false','3','63271','1000407','11','2'),('658','false','1','63271','1000471','11','2'),('659','false','2','63271','1000471','11','2'),('660','false','2','63271','1001001','1','2'),('661','false','2','63726','1000470','2','2'),('662','false','2','63719','1000470','2','2'),('663','false','3','63269','1000468','11','2'),('664','false','3','63269','1000407','11','2'),('665','false','2','63269','1001001','11','2'),('666','false','1','63269','1000471','11','2'),('667','false','2','63269','1000471','11','2'),('668','false','2','63740','1000470','2','2'),('669','false','2','63721','1000470','2','2'),('670','false','1','63701','1000470','1','2'),('671','false','2','63714','1000470','2','2'),('672','false','3','63253','1000468','5','2'),('673','false','3','63253','1000407','5','2'),('674','false','1','63253','1000471','5','2'),('675','false','2','63253','1000471','5','2'),('676','false','3','63254','1000468','6','2'),('677','false','3','63254','1000407','6','2'),('678','false','1','63254','1000471','6','2'),('679','false','2','63254','1000471','6','2'),('680','false','2','63737','1000470','2','2'),('681','false','2','63737','1000468','3','2'),('682','false','3','63737','1000468','3','2'),('683','false','2','63725','1000470','2','2'),('684','false','2','63727','1000470','2','2'),('685','false','3','63255','1000468','6','2'),('686','false','3','63255','1000407','6','2'),('687','false','1','63255','1000471','6','2'),('688','false','2','63255','1000471','6','2'),('689','false','3','63732','1000470','1','2'),('690','false','3','63256','1000468','6','2'),('691','false','3','63256','1000407','6','2'),('692','false','1','63256','1000471','6','2'),('693','false','3','63256','1000475','6','2'),('694','false','2','63724','1000470','2','2'),('695','false','2','63738','1000470','2','2'),('696','false','3','63249','1000468','4','2'),('697','false','3','63249','1000407','4','2'),('698','false','1','63249','1000471','4','2'),('699','false','2','63249','1000471','4','2'),('700','false','3','63250','1000468','4','2'),('701','false','3','63250','1000407','4','2'),('702','false','1','63250','1000471','4','2'),('703','false','2','63250','1000475','4','2'),('704','false','1','63215','1000468','1','2'),('705','false','1','63707','1000470','1','2'),('706','false','2','63713','1000470','2','2'),('707','false','3','63226','1000468','5','2'),('708','false','3','63226','1000407','5','2'),('709','false','1','63226','1000471','5','2'),('710','false','2','63226','1000471','5','2'),('711','false','2','63216','1000468','1','2'),('712','false','3','63259','1000468','7','2'),('713','false','3','63259','1000407','7','2'),('714','false','1','63259','1000471','7','2'),('715','false','2','63259','1000471','7','2'),('716','false','3','63258','1000468','7','2'),('717','false','3','63258','1000407','7','2'),('718','false','1','63258','1000471','7','2'),('719','false','2','63258','1000471','7','2'),('720','false','2','63716','1000470','2','2'),('721','false','3','63261','1000468','8','2'),('722','false','3','63261','1000407','8','2'),('723','false','1','63261','1000471','8','2'),('724','false','2','63261','1000471','8','2'),('725','false','1','63209','1000468','1','2'),('726','false','2','63209','1000407','1','2'),('727','false','1','63708','1000470','1','2'),('728','false','3','63735','1000470','2','2'),('729','false','2','63284','1000468','3','2'),('730','false','3','63284','1000468','3','2'),('731','false','2','63752','1000468','3','2'),('732','false','3','63752','1000468','3','2'),('733','false','2','63242','1000468','3','2'),('734','false','3','63242','1000468','3','2'),('735','false','2','63213','1000468','1','2'),('736','false','1','63710','1000470','1','2'),('737','false','1','63202','1000468','1','2'),('738','false','1','63202','1001001','1','2'),('739','false','1','63207','1000468','1','2'),('740','false','1','63207','1001001','1','2'),('741','false','1','63205','1000468','1','2'),('742','false','3','63248','1000468','1','2'),('743','false','3','63281','1000468','1','2'),('744','false','3','63214','1000468','1','2'),('745','false','3','63214','1000407','1','2'),('746','false','2','63219','1000468','2','2'),('747','false','3','63219','1000468','3','2'),('748','false','2','63225','1000468','3','2'),('749','false','3','63225','1000468','3','2'),('750','false','2','63208','1000468','1','2'),('751','false','3','63267','1000468','10','2'),('752','false','3','63267','1000407','10','2'),('753','false','1','63267','1000471','2','2'),('754','false','2','63267','1000471','2','2'),('755','false','3','63725','1000468','5','2'),('756','false','3','63725','1000407','5','2'),('757','false','1','63725','1000471','2','2'),('758','false','2','63725','1000471','2','2'),('759','false','3','63221','1000468','3','2'),('760','false','1','63704','1000470','1','2'),('761','false','1','63508','1000471','1','1'),('762','false','1','63508','1000934','1','1'),('763','false','1','63508','100977','1','1'),('764','false','2','63711','1000470','1','1'),('765','false','2','63279','1000468','1','1'),('766','false','2','63279','1000407','1','1'),('767','false','2','63280','1000468','1','1'),('768','false','2','63280','1000407','1','1'),('769','false','1','63705','1000470','1','1'),('770','false','1','63203','1000468','1','1'),('771','false','3','63266','1000468','10','1'),('772','false','3','63266','1000407','10','1'),('773','false','1','63266','1000471','10','1'),('774','false','2','63266','1000471','10','1'),('775','false','2','63517','1000468','1','1'),('776','false','2','63517','1000407','1','1'),('777','false','2','63741','1000470','2','1'),('778','false','2','63765','1000470','2','1'),('779','false','3','63251','1000468','4','1'),('780','false','3','63251','1000407','4','1'),('781','false','1','63251','1000471','4','1'),('782','false','2','63251','1000471','4','1'),('783','false','3','63265','1000468','9','1'),('784','false','3','63265','1000407','9','1'),('785','false','1','63265','1000471','9','1'),('786','false','2','63265','1000471','9','1'),('787','false','2','63722','1000470','2','1'),('788','false','1','63277','1000468','1','1'),('789','false','1','63277','1000407','1','1'),('790','false','1','63277','1001001','1','1'),('791','false','1','63702','1000470','1','1'),('792','false','1','63278','1000468','1','1'),('793','false','1','63278','1001001','1','1'),('794','false','1','63278','1000407','1','1'),('795','false','1','63706','1000470','1','1'),('796','false','3','63268','1000468','10','1'),('797','false','3','63268','1000407','10','1'),('798','false','3','63268','1000471','10','1'),('799','false','2','63220','1000468','2','1'),('800','false','3','63220','1000468','3','1'),('801','false','2','63220','1000407','1','1'),('802','false','3','63263','1000468','9','1'),('803','false','3','63263','1000407','9','1'),('804','false','1','63263','1000471','9','1'),('805','false','2','63263','1000471','9','1'),('806','false','2','63739','1000470','2','1'),('807','false','1','63212','1000468','1','1'),('808','false','1','63212','1000407','1','1'),('809','false','2','63718','1000470','2','1'),('810','false','3','63260','1000468','8','1'),('811','false','3','63260','1000407','8','1'),('812','false','1','63260','1000471','8','1'),('813','false','2','63260','1000471','8','1'),('814','false','3','63257','1000468','7','1'),('815','false','3','63257','1000407','7','1'),('816','false','1','63257','1000471','7','1'),('817','false','2','63257','1000471','7','1'),('818','false','2','63729','1000470','2','1'),('819','false','1','63709','1000470','1','1'),('820','false','2','63217','1000468','1','1'),('821','false','2','63717','1000470','2','1'),('822','false','2','63218','1000468','1','1'),('823','false','1','63204','1000468','1','1'),('824','false','1','63204','1000407','1','1'),('825','false','2','63221','1000468','2','1'),('826','false','1','63703','1000470','1','1'),('827','false','1','63509','1000471','1','1'),('828','false','1','63509','1000934','1','1'),('829','false','3','63264','1000468','9','1'),('830','false','3','63264','1000407','9','1'),('831','false','1','63264','1000471','9','1'),('832','false','2','63264','1000471','9','1'),('833','false','2','63736','1000470','2','1'),('834','false','2','63728','1000470','2','1'),('835','false','3','63262','1000468','8','1'),('836','false','3','63262','1000407','8','1'),('837','false','1','63262','1000471','8','1'),('838','false','2','63262','1000471','8','1'),('839','false','2','63744','1000470','2','1'),('840','false','2','63715','1000470','2','1'),('841','false','2','63734','1000470','2','1'),('842','false','3','63270','1000468','11','1'),('843','false','3','63270','1000407','11','1'),('844','false','1','63270','1000471','11','1'),('845','false','2','63270','1000471','11','1'),('846','false','3','63271','1000468','11','1'),('847','false','3','63271','1000407','11','1'),('848','false','1','63271','1000471','11','1'),('849','false','2','63271','1000471','11','1'),('850','false','2','63271','1001001','1','1'),('851','false','2','63726','1000470','2','1'),('852','false','2','63719','1000470','2','1'),('853','false','3','63269','1000468','11','1'),('854','false','3','63269','1000407','11','1'),('855','false','2','63269','1001001','11','1'),('856','false','1','63269','1000471','11','1'),('857','false','2','63269','1000471','11','1'),('858','false','2','63740','1000470','2','1'),('859','false','2','63721','1000470','2','1'),('860','false','1','63701','1000470','1','1'),('861','false','2','63714','1000470','2','1'),('862','false','3','63253','1000468','5','1'),('863','false','3','63253','1000407','5','1'),('864','false','1','63253','1000471','5','1'),('865','false','2','63253','1000471','5','1'),('866','false','3','63254','1000468','6','1'),('867','false','3','63254','1000407','6','1'),('868','false','1','63254','1000471','6','1'),('869','false','2','63254','1000471','6','1'),('870','false','2','63737','1000470','2','1'),('871','false','2','63737','1000468','3','1'),('872','false','3','63737','1000468','3','1'),('873','false','2','63725','1000470','2','1'),('874','false','2','63727','1000470','2','1'),('875','false','3','63255','1000468','6','1'),('876','false','3','63255','1000407','6','1'),('877','false','1','63255','1000471','6','1'),('878','false','2','63255','1000471','6','1'),('879','false','3','63732','1000470','1','1'),('880','false','3','63256','1000468','6','1'),('881','false','3','63256','1000407','6','1'),('882','false','1','63256','1000471','6','1'),('883','false','3','63256','1000475','6','1'),('884','false','2','63724','1000470','2','1'),('885','false','2','63738','1000470','2','1'),('886','false','3','63249','1000468','4','1'),('887','false','3','63249','1000407','4','1'),('888','false','1','63249','1000471','4','1'),('889','false','2','63249','1000471','4','1'),('890','false','3','63250','1000468','4','1'),('891','false','3','63250','1000407','4','1'),('892','false','1','63250','1000471','4','1'),('893','false','2','63250','1000475','4','1'),('894','false','1','63215','1000468','1','1'),('895','false','1','63707','1000470','1','1'),('896','false','2','63713','1000470','2','1'),('897','false','3','63226','1000468','5','1'),('898','false','3','63226','1000407','5','1'),('899','false','1','63226','1000471','5','1'),('900','false','2','63226','1000471','5','1'),('901','false','2','63216','1000468','1','1'),('902','false','3','63259','1000468','7','1'),('903','false','3','63259','1000407','7','1'),('904','false','1','63259','1000471','7','1'),('905','false','2','63259','1000471','7','1'),('906','false','3','63258','1000468','7','1'),('907','false','3','63258','1000407','7','1'),('908','false','1','63258','1000471','7','1'),('909','false','2','63258','1000471','7','1'),('910','false','2','63716','1000470','2','1'),('911','false','3','63261','1000468','8','1'),('912','false','3','63261','1000407','8','1'),('913','false','1','63261','1000471','8','1'),('914','false','2','63261','1000471','8','1'),('915','false','1','63209','1000468','1','1'),('916','false','2','63209','1000407','1','1'),('917','false','1','63708','1000470','1','1'),('918','false','3','63735','1000470','2','1'),('919','false','2','63284','1000468','3','1'),('920','false','3','63284','1000468','3','1'),('921','false','2','63752','1000468','3','1'),('922','false','3','63752','1000468','3','1'),('923','false','2','63242','1000468','3','1'),('924','false','3','63242','1000468','3','1'),('925','false','2','63213','1000468','1','1'),('926','false','1','63710','1000470','1','1'),('927','false','1','63202','1000468','1','1'),('928','false','1','63202','1001001','1','1'),('929','false','1','63207','1000468','1','1'),('930','false','1','63207','1001001','1','1'),('931','false','1','63205','1000468','1','1'),('932','false','3','63248','1000468','1','1'),('933','false','3','63281','1000468','1','1'),('934','false','3','63214','1000468','1','1'),('935','false','3','63214','1000407','1','1'),('936','false','2','63219','1000468','2','1'),('937','false','3','63219','1000468','3','1'),('938','false','2','63225','1000468','3','1'),('939','false','3','63225','1000468','3','1'),('940','false','2','63208','1000468','1','1'),('941','false','3','63267','1000468','10','1'),('942','false','3','63267','1000407','10','1'),('943','false','1','63267','1000471','2','1'),('944','false','2','63267','1000471','2','1'),('945','false','3','63725','1000468','5','1'),('946','false','3','63725','1000407','5','1'),('947','false','1','63725','1000471','2','1'),('948','false','2','63725','1000471','2','1'),('949','false','3','63221','1000468','3','1'),('950','false','1','63704','1000470','1','1');
INSERT INTO professor (id,deleted,first_name,last_name1,last_name2,id_login) VALUES ('1','false','Aleksandar','Jurišić',NULL,NULL),('2','false','Igor','Kononenko',NULL,NULL),('3','false','Polona','Oblak',NULL,NULL),('4','false','Matjaž','Branko','Jurič',NULL),('5','false','Blaž','Zupan',NULL,NULL),('6','false','Luka','Čehovin','Zajc',NULL),('7','false','Marko','Robnik','Šikonja',NULL),('8','false','Ivan','Bratko',NULL,NULL),('9','false','Andrej','Bauer',NULL,NULL),('10','false','Mojca','Ciglarič',NULL,NULL),('11','false','Tomaž','Curk',NULL,NULL),('12','false','Uroš','Čibej',NULL,NULL),('13','false','Janez','Demšar',NULL,NULL),('14','false','Andrej','Dobnikar',NULL,NULL),('15','false','Tomaž','Dobravec',NULL,NULL),('16','false','Matej','Guid',NULL,NULL),('17','false','Dušan','Kodek',NULL,NULL),('18','false','Matej','Kristan',NULL,NULL),('19','false','Matjaž','Kukar',NULL,NULL),('20','false','Viljan','Mahnič',NULL,NULL),('21','false','Matija','Marolt',NULL,NULL),('22','false','Iztok','Mihevc',NULL,NULL),('23','false','Nežka','Mramor','Kosta',NULL),('24','false','Miha','Mraz',NULL,NULL),('25','false','Vladislav','Rajkovič',NULL,NULL),('26','false','Borut','Robič',NULL,NULL),('27','false','Rok','Rupnik',NULL,NULL),('28','false','Aleksander','Sadikov',NULL,NULL),('29','false','Danijel','Skočaj',NULL,NULL),('30','false','Boštjan','Slivnik',NULL,NULL),('31','false','Franc','Solina',NULL,NULL),('32','false','Denis','Trček',NULL,NULL),('33','false','Nikolaj','Zimic',NULL,NULL),('34','false','Marko','Bajec',NULL,NULL),('35','false','Zoran','Bosnić',NULL,NULL),('36','false','Narvika','Bovcon',NULL,NULL),('37','false','Andrej','Brodnik',NULL,NULL),('38','false','Patricio','Bulić',NULL,NULL),('39','false','Gašper','Fele','Žorž',NULL),('40','false','Gašper','Fijavž',NULL,NULL),('41','false','Tomaž','Hovelja',NULL,NULL),('42','false','Franc','Jager',NULL,NULL),('43','false','Dejan','Lavbič',NULL,NULL),('44','false','Iztok','Lebar','Bajec',NULL),('45','false','Jure','Leskovec',NULL,NULL),('46','false','Aleš','Leonardis',NULL,NULL),('47','false','Jaka','Lindič',NULL,NULL),('48','false','Uroš','Lotrič',NULL,NULL),('49','false','Bojan','Orel',NULL,NULL),('50','false','Matjaž','Pančur',NULL,NULL),('51','false','Peter','Peer',NULL,NULL),('52','false','Veljko','Pejović',NULL,NULL),('53','false','Darja','Peljhan',NULL,NULL),('54','false','Igor','Škraba',NULL,NULL),('55','false','Branko','Šter',NULL,NULL),('56','false','Lovro','Šubelj',NULL,NULL),('57','false','Mateja','Drnovšek',NULL,NULL),('58','false','Igor','Rožanc',NULL,NULL),('59','false','Irena','Drevenšek','Olenik',NULL),('60','false','Rok','Žitko',NULL,NULL),('61','false','Damjan','Vavpotič',NULL,NULL);
INSERT INTO course_organization (id_course_organization,id_study_year,id_professor1,id_professor2,id_professor3,id_course) VALUES ('1','5','5',NULL,NULL,'63251'),('2','5','2','7',NULL,'63266'),('3','5','6',NULL,NULL,'63270'),('4','5','3',NULL,NULL,'63207'),('5','5','4',NULL,NULL,'63254'),('6','4','8',NULL,NULL,'63220'),('7','5','9',NULL,NULL,'63220'),('8','5','2',NULL,NULL,'63279'),('9','5','26',NULL,NULL,'63517'),('10','5','5',NULL,NULL,'63525'),('11','5','28',NULL,NULL,'63741'),('12','5','30',NULL,NULL,'63265'),('13','5','30',NULL,NULL,'63722'),('14','5','20',NULL,NULL,'63277'),('15','5','30',NULL,NULL,'63278'),('16','5','29',NULL,NULL,'63268'),('17','5','7',NULL,NULL,'63263'),('18','5','18',NULL,NULL,'63267'),('19','5','11','5',NULL,'63520'),('20','5','55',NULL,NULL,'63212'),('21','5','38',NULL,NULL,'63260'),('22','5','24',NULL,NULL,'63257'),('23','5','51',NULL,NULL,'63709'),('24','5','26',NULL,NULL,'63217'),('25','5','38',NULL,NULL,'63218'),('26','5','33',NULL,NULL,'63204'),('27','5','20',NULL,NULL,'63256'),('28','5','58',NULL,NULL,'63724'),('29','5','38',NULL,NULL,'63738'),('30','5','32',NULL,NULL,'63249'),('31','5','41',NULL,NULL,'63250'),('32','5','43',NULL,NULL,'63215'),('33','5','34',NULL,NULL,'63707'),('34','5','19',NULL,NULL,'63226'),('35','5','48',NULL,NULL,'63216'),('36','5','33',NULL,NULL,'63259'),('37','5','10',NULL,NULL,'63258'),('38','5','48',NULL,NULL,'63261'),('39','5','35',NULL,NULL,'63209'),('40','5','12',NULL,NULL,'63284'),('41','5','40',NULL,NULL,'63752'),('42','5','40',NULL,NULL,'63242'),('43','5','23',NULL,NULL,'63202'),('44','5','1',NULL,NULL,'63213'),('45','5','59',NULL,NULL,'63205'),('46','5','53','57','47','63248'),('47','5','31',NULL,NULL,'63281'),('48','5','35',NULL,NULL,'63214'),('49','5','23',NULL,NULL,'63219'),('50','5','34',NULL,NULL,'63208'),('51','4','5',NULL,NULL,'63251'),('52','4','2','7',NULL,'63266'),('53','4','6',NULL,NULL,'63270'),('54','4','3',NULL,NULL,'63207'),('55','4','4',NULL,NULL,'63254'),('57','4','2',NULL,NULL,'63279'),('58','4','26',NULL,NULL,'63517'),('59','4','5',NULL,NULL,'63525'),('60','4','28',NULL,NULL,'63741'),('61','4','30',NULL,NULL,'63265'),('62','4','30',NULL,NULL,'63722'),('63','4','20',NULL,NULL,'63277'),('64','4','30',NULL,NULL,'63278'),('65','4','29',NULL,NULL,'63268'),('66','4','7',NULL,NULL,'63263'),('67','4','18',NULL,NULL,'63267'),('68','4','11','5',NULL,'63520'),('69','4','55',NULL,NULL,'63212'),('70','4','38',NULL,NULL,'63260'),('71','4','24',NULL,NULL,'63257'),('72','4','51',NULL,NULL,'63709'),('73','4','26',NULL,NULL,'63217'),('74','4','38',NULL,NULL,'63218'),('75','4','33',NULL,NULL,'63204'),('76','4','20',NULL,NULL,'63256'),('77','4','58',NULL,NULL,'63724'),('78','4','38',NULL,NULL,'63738'),('79','4','32',NULL,NULL,'63249'),('80','4','41',NULL,NULL,'63250'),('81','4','43',NULL,NULL,'63215'),('82','4','34',NULL,NULL,'63707'),('83','4','19',NULL,NULL,'63226'),('84','4','48',NULL,NULL,'63216'),('85','4','33',NULL,NULL,'63259'),('86','4','10',NULL,NULL,'63258'),('87','4','48',NULL,NULL,'63261'),('88','4','35',NULL,NULL,'63209'),('89','4','12',NULL,NULL,'63284'),('90','4','40',NULL,NULL,'63752'),('91','4','40',NULL,NULL,'63242'),('92','4','23',NULL,NULL,'63202'),('93','4','1',NULL,NULL,'63213'),('94','4','59',NULL,NULL,'63205'),('95','4','53','57','47','63248'),('96','4','31',NULL,NULL,'63281'),('97','4','35',NULL,NULL,'63214'),('98','4','23',NULL,NULL,'63219'),('99','4','34',NULL,NULL,'63208'),('100','3','5',NULL,NULL,'63251'),('101','3','2','7',NULL,'63266'),('102','3','6',NULL,NULL,'63270'),('103','3','3',NULL,NULL,'63207'),('104','3','4',NULL,NULL,'63254'),('105','3','8',NULL,NULL,'63220'),('106','3','2',NULL,NULL,'63279'),('107','3','26',NULL,NULL,'63517'),('108','3','5',NULL,NULL,'63525'),('109','3','28',NULL,NULL,'63741'),('110','3','30',NULL,NULL,'63265'),('111','3','30',NULL,NULL,'63722'),('112','3','20',NULL,NULL,'63277'),('113','3','30',NULL,NULL,'63278'),('114','3','29',NULL,NULL,'63268'),('115','3','7',NULL,NULL,'63263'),('116','3','18',NULL,NULL,'63267'),('117','3','11','5',NULL,'63520'),('118','3','55',NULL,NULL,'63212'),('119','3','38',NULL,NULL,'63260'),('120','3','24',NULL,NULL,'63257'),('121','3','51',NULL,NULL,'63709'),('122','3','26',NULL,NULL,'63217'),('123','3','38',NULL,NULL,'63218'),('124','3','33',NULL,NULL,'63204'),('125','3','20',NULL,NULL,'63256'),('126','3','58',NULL,NULL,'63724'),('127','3','38',NULL,NULL,'63738'),('128','3','32',NULL,NULL,'63249'),('129','3','41',NULL,NULL,'63250'),('130','3','43',NULL,NULL,'63215'),('131','3','34',NULL,NULL,'63707'),('132','3','19',NULL,NULL,'63226'),('133','3','48',NULL,NULL,'63216'),('134','3','33',NULL,NULL,'63259'),('135','3','10',NULL,NULL,'63258'),('136','3','48',NULL,NULL,'63261'),('137','3','35',NULL,NULL,'63209'),('138','3','12',NULL,NULL,'63284'),('139','3','40',NULL,NULL,'63752'),('140','3','40',NULL,NULL,'63242'),('141','3','23',NULL,NULL,'63202'),('142','3','1',NULL,NULL,'63213'),('143','3','59',NULL,NULL,'63205'),('144','3','53','57','47','63248'),('145','3','31',NULL,NULL,'63281'),('146','3','35',NULL,NULL,'63214'),('147','3','23',NULL,NULL,'63219'),('148','3','34',NULL,NULL,'63208'),('149','2','5',NULL,NULL,'63251'),('150','2','2','7',NULL,'63266'),('151','2','6',NULL,NULL,'63270'),('152','2','3',NULL,NULL,'63207'),('153','2','4',NULL,NULL,'63254'),('154','2','8',NULL,NULL,'63220'),('155','2','2',NULL,NULL,'63279'),('156','2','26',NULL,NULL,'63517'),('157','2','5',NULL,NULL,'63525'),('158','2','28',NULL,NULL,'63741'),('159','2','30',NULL,NULL,'63265'),('160','2','30',NULL,NULL,'63722'),('161','2','20',NULL,NULL,'63277'),('162','2','30',NULL,NULL,'63278'),('163','2','29',NULL,NULL,'63268'),('164','2','7',NULL,NULL,'63263'),('165','2','18',NULL,NULL,'63267'),('166','2','11','5',NULL,'63520'),('167','2','55',NULL,NULL,'63212'),('168','2','38',NULL,NULL,'63260'),('169','2','24',NULL,NULL,'63257'),('170','2','51',NULL,NULL,'63709'),('171','2','26',NULL,NULL,'63217'),('172','2','38',NULL,NULL,'63218'),('173','2','33',NULL,NULL,'63204'),('174','2','20',NULL,NULL,'63256'),('175','2','58',NULL,NULL,'63724'),('176','2','38',NULL,NULL,'63738'),('177','2','32',NULL,NULL,'63249'),('178','2','41',NULL,NULL,'63250'),('179','2','43',NULL,NULL,'63215'),('180','2','34',NULL,NULL,'63707'),('181','2','19',NULL,NULL,'63226'),('182','2','48',NULL,NULL,'63216'),('183','2','33',NULL,NULL,'63259'),('184','2','10',NULL,NULL,'63258'),('185','2','48',NULL,NULL,'63261'),('186','2','35',NULL,NULL,'63209'),('187','2','12',NULL,NULL,'63284'),('188','2','40',NULL,NULL,'63752'),('189','2','40',NULL,NULL,'63242'),('190','2','23',NULL,NULL,'63202'),('191','2','1',NULL,NULL,'63213'),('192','2','59',NULL,NULL,'63205'),('193','2','53','57','47','63248'),('194','2','31',NULL,NULL,'63281'),('195','2','35',NULL,NULL,'63214'),('196','2','23',NULL,NULL,'63219'),('197','2','34',NULL,NULL,'63208'),('198','1','5',NULL,NULL,'63251'),('199','1','2','7',NULL,'63266'),('200','1','6',NULL,NULL,'63270'),('201','1','3',NULL,NULL,'63207'),('202','1','4',NULL,NULL,'63254'),('203','1','8',NULL,NULL,'63220'),('204','1','2',NULL,NULL,'63279'),('205','1','26',NULL,NULL,'63517'),('206','1','5',NULL,NULL,'63525'),('207','1','28',NULL,NULL,'63741'),('208','1','30',NULL,NULL,'63265'),('209','1','30',NULL,NULL,'63722'),('210','1','20',NULL,NULL,'63277'),('211','1','30',NULL,NULL,'63278'),('212','1','29',NULL,NULL,'63268'),('213','1','7',NULL,NULL,'63263'),('214','1','18',NULL,NULL,'63267'),('215','1','11','5',NULL,'63520'),('216','1','55',NULL,NULL,'63212'),('217','1','38',NULL,NULL,'63260'),('218','1','24',NULL,NULL,'63257'),('219','1','51',NULL,NULL,'63709'),('220','1','26',NULL,NULL,'63217'),('221','1','38',NULL,NULL,'63218'),('222','1','33',NULL,NULL,'63204'),('223','1','20',NULL,NULL,'63256'),('224','1','58',NULL,NULL,'63724'),('225','1','38',NULL,NULL,'63738'),('226','1','32',NULL,NULL,'63249'),('227','1','41',NULL,NULL,'63250'),('228','1','43',NULL,NULL,'63215'),('229','1','34',NULL,NULL,'63707'),('230','1','19',NULL,NULL,'63226'),('231','1','48',NULL,NULL,'63216'),('232','1','33',NULL,NULL,'63259'),('233','1','10',NULL,NULL,'63258'),('234','1','48',NULL,NULL,'63261'),('235','1','35',NULL,NULL,'63209'),('236','1','12',NULL,NULL,'63284'),('237','1','40',NULL,NULL,'63752'),('238','1','40',NULL,NULL,'63242'),('239','1','23',NULL,NULL,'63202'),('240','1','1',NULL,NULL,'63213'),('241','1','59',NULL,NULL,'63205'),('242','1','53','57','47','63248'),('243','1','31',NULL,NULL,'63281'),('244','1','35',NULL,NULL,'63214'),('245','1','23',NULL,NULL,'63219'),('246','1','34',NULL,NULL,'63208'),('247','5','40',NULL,NULL,'63203'),('248','4','40',NULL,NULL,'63203'),('249','3','40',NULL,NULL,'63203'),('250','2','40',NULL,NULL,'63203'),('251','1','40',NULL,NULL,'63203'),('252','5','26',NULL,NULL,'63280'),('253','4','26',NULL,NULL,'63280'),('254','3','26',NULL,NULL,'63280'),('255','2','26',NULL,NULL,'63280'),('256','1','26',NULL,NULL,'63280'),('257','5','43',NULL,NULL,'63255'),('258','4','43',NULL,NULL,'63255'),('259','3','43',NULL,NULL,'63255'),('260','2','43',NULL,NULL,'63255'),('261','1','43',NULL,NULL,'63255'),('262','5','60',NULL,NULL,'63221'),('263','4','60',NULL,NULL,'63221'),('264','3','60',NULL,NULL,'63221'),('265','2','60',NULL,NULL,'63221'),('266','1','60',NULL,NULL,'63221'),('267','5','54',NULL,NULL,'63703'),('268','4','54',NULL,NULL,'63703'),('270','3','54',NULL,NULL,'63703'),('271','2','54',NULL,NULL,'63703'),('272','1','54',NULL,NULL,'63703'),('273','5','40',NULL,NULL,'63705'),('274','4','40',NULL,NULL,'63705'),('275','3','40',NULL,NULL,'63705'),('276','2','40',NULL,NULL,'63705'),('277','1','40',NULL,NULL,'63705'),('278','5','1',NULL,NULL,'63710'),('279','4','1',NULL,NULL,'63710'),('280','3','1',NULL,NULL,'63710'),('281','2','1',NULL,NULL,'63710'),('282','1','1',NULL,NULL,'63710'),('283','5','13',NULL,NULL,'63702'),('284','4','13',NULL,NULL,'63702'),('285','3','13',NULL,NULL,'63702'),('286','2','13',NULL,NULL,'63702'),('287','1','13',NULL,NULL,'63702'),('288','5','15',NULL,NULL,'63706'),('289','4','15',NULL,NULL,'63706'),('290','3','15',NULL,NULL,'63706'),('291','2','15',NULL,NULL,'63706'),('292','1','15',NULL,NULL,'63706'),('293','5','3',NULL,NULL,'63704'),('294','4','3',NULL,NULL,'63704'),('295','3','3',NULL,NULL,'63704'),('296','2','3',NULL,NULL,'63704'),('297','1','3',NULL,NULL,'63704'),('298','5','28',NULL,NULL,'63701'),('299','4','28',NULL,NULL,'63701'),('300','3','28',NULL,NULL,'63701'),('301','2','28',NULL,NULL,'63701'),('302','1','28',NULL,NULL,'63701'),('303','5','10',NULL,NULL,'63708'),('304','4','10',NULL,NULL,'63708'),('305','3','10',NULL,NULL,'63708'),('306','2','10',NULL,NULL,'63708'),('307','1','10',NULL,NULL,'63708'),('308','5','27',NULL,NULL,'63253'),('309','5','61',NULL,NULL,'63725'),('310','5','24',NULL,NULL,'63262'),('311','5','15',NULL,NULL,'63264'),('312','4','15',NULL,NULL,'63264'),('313','3','15',NULL,NULL,'63264'),('314','2','15',NULL,NULL,'63264'),('315','1','15',NULL,NULL,'63264'),('316','5','21',NULL,NULL,'63269'),('317','4','21',NULL,NULL,'63269'),('318','3','21',NULL,NULL,'63269'),('319','2','21',NULL,NULL,'63269'),('320','1','21',NULL,NULL,'63269'),('321','5','36',NULL,NULL,'63271'),('322','4','36',NULL,NULL,'63271'),('323','3','36',NULL,NULL,'63271'),('324','2','36',NULL,NULL,'63271'),('325','1','36',NULL,NULL,'63271');
INSERT INTO klasius_srv (id,name,description,level) VALUES ('12001','Osnovnošolska izobrazba','','1'),('13001','Nižja poklicna izobrazba','','3'),('14001','Srednja poklicna izobrazba','','4'),('15001','Srednja strokovna izobrazba','','5'),('15002','Srednja splošna izobrazba','','5'),('16102','Višješolska izobrazba (predbolonjska)','','6/1'),('16201','Specializacija po višješolski izobrazbi (predbolonjska)','','6/2'),('16202','Visokošolska strokovna izobrazba (predbolonjska)','','6/2'),('17001','Specializacija po visokošolski strokovni izobrazbi (predbolonjska)','','7'),('17002','Visokošolska univerzitetna izobrazba (predbolonjska)','','7'),('18101','Specializacija po univerzitetni izobrazbi (predbolonjska)','','8/1'),('18102','Magisterij znanosti (predbolonjski)','','8/1'),('18201','Doktorat znanosti (predbolonjski)','','8/2'),('16101','Višja strokovna izobrazba','','6/1'),('16203','Visokošolska strokovna izobrazba (prva bolonjska stopnja)','','6/2'),('16204','Visokošolska univerzitetna izobrazba (prva bolonjska stopnja)','','6/2'),('17003','Magistrska izobrazba (druga bolonjska stopnja)','','7'),('18202','Doktorat znanosti (tretja bolonjska stopnja)','','8/2');
INSERT INTO study_kind (id,name) VALUES ('1','redni'),('3','izredni');
INSERT INTO study_form (id,name) VALUES ('1','na lokaciji'),('2','na daljavo'),('3','e-študij');
INSERT INTO study_type (id,short_name,name) VALUES ('1','Prvi vpis','Prvi vpis v letnik/dodatno leto'),('2','Ponavljanje','Ponavljanje letnika'),('3','Nadaljevanje','Nadaljevanje letnika'),('4','Podaljšanje statusa','Podaljšanje statusa študenta'),('5','Vpis po merilih (višji letnik)','Vpis po merilih za prehode v višji letnik'),('6','Vpis v semester','Vpis v semester skupnega št. programa'),('7','Vpis po merilih (isti letnik)','Vpis po merilih za prehode v isti letnik'),('98','Zaključek','Vpis za zaključek');
INSERT INTO course_exam_term (id_course_exam_term,datetime,deleted,duration,notes,type,id_course_organization,id_exam_organizer) VALUES ('1','2018-01-22 18:00:00.000000','false','60',NULL,'pisni','1','5'),('2','2018-02-06 14:00:00.000000','false','60',NULL,'pisni','1','5'),('3','2018-09-03 16:00:00.000000','false','60',NULL,'pisni','1','5'),('4','2018-01-24 08:00:00.000000','false','90',NULL,'pisni','2','2'),('5','2018-02-10 08:00:00.000000','false','90',NULL,'pisni','2','2'),('6','2018-09-05 08:00:00.000000','false','90',NULL,'pisni','2','2'),('7','2018-06-13 10:00:00.000000','false','45',NULL,'pisni','5','4'),('8','2018-06-18 09:00:00.000000','false','60',NULL,'pisni','4','3'),('9','2018-06-19 13:00:00.000000','false','60',NULL,'ustni','7','9'),('10','2018-06-13 08:00:00.000000','false','45',NULL,'pisni','27','20'),('11','2018-06-28 08:00:00.000000','false','45',NULL,'pisni','27','20'),('12','2018-08-22 08:00:00.000000','false','45',NULL,'pisni','27','20'),('13','2018-06-18 10:00:00.000000','false','180',NULL,'ustni','16','29'),('14','2018-07-03 10:00:00.000000','false','180',NULL,'ustni','16','29'),('15','2018-08-21 10:00:00.000000','false','180',NULL,'ustni','16','29'),('16','2018-06-19 14:00:00.000000','false','60',NULL,'pisni','46','57'),('17','2018-07-04 14:00:00.000000','false','60',NULL,'pisni','46','57'),('18','2018-08-23 14:00:00.000000','false','60',NULL,'pisni','46','57'),('19','2018-01-24 10:00:00.000000','false','70',NULL,'pisni','18','18'),('20','2018-02-13 14:00:00.000000','false','70',NULL,'pisni','18','18'),('21','2018-09-12 14:00:00.000000','false','70',NULL,'pisni','18','18'),('22','2018-01-26 10:15:00.000000','false','45',NULL,'pisni','5','4'),('23','2018-02-12 10:15:00.000000','false','45',NULL,'pisni','5','4'),('24','2018-08-21 10:15:00.000000','false','45',NULL,'pisni','5','4'),('25','2018-01-23 10:00:00.000000','false','60',NULL,'pisni','38','48'),('26','2018-02-07 10:00:00.000000','false','60',NULL,'pisni','38','48'),('27','2018-09-05 10:15:00.000000','false','60',NULL,'pisni','38','48'),('28','2018-01-30 11:00:00.000000','false','70',NULL,'pisni','48','35'),('29','2018-02-21 09:00:00.000000','false','70',NULL,'pisni','48','35'),('30','2018-08-30 10:00:00.000000','false','70',NULL,'pisni','48','35'),('31','2018-01-31 10:00:00.000000','false','60',NULL,'pisni','14','20'),('32','2018-02-15 09:00:00.000000','false','60',NULL,'pisni','14','20'),('33','2018-09-12 10:00:00.000000','false','60',NULL,'pisni','14','20'),('34','2018-01-26 08:00:00.000000','false','70',NULL,'pisni','43','23'),('35','2018-02-14 16:00:00.000000','false','70',NULL,'pisni','43','23'),('36','2018-09-04 16:00:00.000000','false','70',NULL,'pisni','43','23'),('37','2018-02-01 10:00:00.000000','false','60',NULL,'pisni','26','33'),('38','2018-02-16 10:00:00.000000','false','70',NULL,'pisni','26','33'),('39','2018-09-07 11:00:00.000000','false','60',NULL,'pisni','26','33'),('40','2018-01-26 17:00:00.000000','false','90',NULL,'pisni','45','59'),('41','2018-02-13 17:00:00.000000','false','90',NULL,'pisni','45','59'),('42','2018-08-24 17:00:00.000000','false','90',NULL,'pisni','45','59'),('43','2018-07-06 09:00:00.000000','false','70',NULL,'pisni','4','3'),('44','2018-09-06 15:00:00.000000','false','70',NULL,'pisni','4','3'),('45','2018-02-01 10:00:00.000000','false','45',NULL,'pisni','50','34'),('46','2018-02-16 10:00:00.000000','false','45',NULL,'pisni','50','34'),('47','2018-09-12 10:00:00.000000','false','70',NULL,'pisni','50','34'),('48','2018-06-15 08:00:00.000000','false','60',NULL,'pisni','39','35'),('49','2018-07-04 08:00:00.000000','false','60',NULL,'pisni','39','35'),('50','2018-09-12 10:00:00.000000','false','60',NULL,'pisni','39','35'),('51','2018-06-20 09:00:00.000000','false','60',NULL,'pisni','20','55'),('52','2019-07-05 09:00:00.000000','true','60',NULL,'pisni','20','55'),('53','2018-07-05 09:00:00.000000','false','60',NULL,'pisni','20','55'),('54','2018-08-28 09:00:00.000000','false','60',NULL,'pisni','20','55'),('55','2018-01-29 12:00:00.000000','false','60',NULL,'pisni','44','1'),('56','2018-02-07 13:00:00.000000','false','60',NULL,'pisni','44','1'),('57','2018-09-03 13:00:00.000000','false','60',NULL,'pisni','44','1'),('58','2018-06-21 16:00:00.000000','false','60',NULL,'pisni','32','43'),('59','2018-07-04 10:00:00.000000','false','60',NULL,'pisni','32','43'),('60','2018-09-14 16:00:00.000000','false','60',NULL,'pisni','32','43'),('61','2018-06-22 19:00:00.000000','false','60',NULL,'pisni','15','30'),('62','2018-07-10 20:00:00.000000','false','90',NULL,'pisni','15','30'),('63','2018-09-07 19:00:00.000000','false','90',NULL,'pisni','15','30'),('64','2018-06-15 15:00:00.000000','false','40',NULL,'pisni','35','48'),('65','2018-07-02 18:00:00.000000','false','40',NULL,'pisni','35','48'),('66','2018-09-06 13:00:00.000000','false','40',NULL,'pisni','35','48'),('67','2018-06-21 14:00:00.000000','false','45',NULL,'pisni','24','26'),('68','2018-07-11 14:00:00.000000','false','45',NULL,'pisni','24','26'),('69','2018-09-10 14:00:00.000000','false','45',NULL,'pisni','24','26'),('70','2018-06-19 13:00:00.000000','true','45',NULL,'pisni','25','38'),('71','2018-01-30 13:00:00.000000','false','45',NULL,'pisni','25','38'),('72','2018-02-14 16:00:00.000000','false','45',NULL,'pisni','25','38'),('73','2018-09-04 14:00:00.000000','false','45',NULL,'pisni','25','38'),('74','2018-01-24 10:00:00.000000','true','45',NULL,'pisni','49','23'),('75','2018-06-21 13:00:00.000000','false','60',NULL,'pisni','49','23'),('76','2018-07-05 17:00:00.000000','false','60',NULL,'pisni','49','23'),('77','2018-09-10 15:00:00.000000','false','60',NULL,'pisni','49','23'),('78','2018-09-07 12:00:00.000000','false','1','Priimki A-K ob 15:00, priimki L-Ž: 17:00, v sobi R2.56','ustni','35','48'),('79','2018-09-05 08:00:00.000000','false','300','CLI','ustni','44','1'),('80','2018-08-29 15:00:00.000000','false','1','Prostor: Peterlinov pavilijon','ustni','45','59'),('81','2018-09-13 12:00:00.000000','false','40','Samo za študente, ki so dosegli <= 60% na pisnem izpitu.','ustni','18','18'),('82','2018-09-10 10:00:00.000000','false','60',NULL,'ustni','25','38'),('83','2015-01-22 10:00:00.000000','false','60',NULL,'pisni','161','20'),('84','2015-02-13 10:00:00.000000','false','60',NULL,'pisni','161','20'),('85','2015-09-03 10:00:00.000000','false','60',NULL,'pisni','161','20'),('86','2015-01-23 10:00:00.000000','false','60','Glej učilnico za razpored','pisni','190','23'),('87','2015-02-10 10:00:00.000000','false','60','Glej učilnico za razpored','pisni','190','23'),('88','2015-08-28 10:00:00.000000','false','60','Glej učilnico za razpored','pisni','190','23'),('89','2015-01-26 10:00:00.000000','false','60',NULL,'pisni','250','40'),('90','2015-02-06 08:00:00.000000','false','60',NULL,'pisni','250','40'),('91','2015-09-08 08:00:00.000000','false','60',NULL,'pisni','250','40'),('92','2015-01-29 14:00:00.000000','false','90',NULL,'pisni','173','33'),('93','2015-02-13 09:00:00.000000','false','90',NULL,'pisni','173','33'),('94','2015-09-01 08:00:00.000000','false','90',NULL,'pisni','173','33'),('95','2015-01-26 10:00:00.000000','false','70','Izpit bo potekal v VFP','pisni','192','59'),('96','2015-02-10 17:00:00.000000','false','90','Izpit bo potekal v VFP','pisni','192','59'),('97','2015-09-10 11:00:00.000000','false','90','Izpit bo potekal v VFP','pisni','192','59'),('98','2015-06-22 14:00:00.000000','false','60',NULL,'pisni','162','30'),('99','2015-07-03 08:00:00.000000','false','60',NULL,'pisni','162','30'),('100','2015-09-08 10:00:00.000000','false','90','Predavalnice: P10, P11, P12, P13','pisni','162','30'),('101','2015-06-17 08:00:00.000000','false','70',NULL,'pisni','152','3'),('102','2015-07-01 08:00:00.000000','false','70',NULL,'pisni','152','3'),('103','2015-09-10 08:00:00.000000','false','70',NULL,'pisni','152','3'),('104','2015-06-15 15:00:00.000000','false','45',NULL,'pisni','167','55'),('105','2015-07-06 08:00:00.000000','false','45',NULL,'pisni','167','55'),('106','2015-09-11 11:00:00.000000','false','45',NULL,'pisni','167','55'),('107','2015-06-16 14:00:00.000000','false','60',NULL,'pisni','186','35'),('108','2015-06-30 08:00:00.000000','false','60',NULL,'pisni','186','35'),('109','2015-09-07 08:00:00.000000','false','60',NULL,'pisni','186','35'),('110','2015-06-19 16:00:00.000000','false','90',NULL,'pisni','179','43'),('111','2015-07-13 16:00:00.000000','false','90',NULL,'pisni','179','43'),('112','2015-09-04 16:00:00.000000','false','90',NULL,'pisni','179','43'),('113','2018-01-24 08:00:00.000000','false','60','Predavalnice: PA, P1, PB, P22','pisni','251','40'),('114','2018-02-01 08:00:00.000000','false','60','Predavalnice: PA, P1','pisni','251','40'),('115','2018-09-03 08:00:00.000000','false','60','Predavalnice: P1, P22','pisni','251','40'),('116','2016-01-20 10:00:00.000000','false','90',NULL,'pisni','142','1'),('117','2016-02-09 10:00:00.000000','false','90',NULL,'pisni','142','1'),('118','2016-09-02 10:00:00.000000','false','90',NULL,'pisni','142','1'),('119','2016-01-22 08:00:00.000000','false','60',NULL,'pisni','106','2'),('120','2016-02-10 08:00:00.000000','false','60',NULL,'pisni','106','2'),('121','2016-09-12 08:00:00.000000','false','60',NULL,'pisni','108','2'),('122','2016-01-25 14:00:00.000000','false','45',NULL,'pisni','148','34'),('123','2016-02-15 14:00:00.000000','false','45',NULL,'pisni','148','34'),('124','2016-08-22 14:00:00.000000','false','45',NULL,'pisni','148','34'),('125','2016-01-22 13:00:00.000000','true','60',NULL,'pisni','122','26'),('126','2016-02-10 13:00:00.000000','true','60',NULL,'pisni','122','26'),('127','2016-08-26 13:00:00.000000','false','60',NULL,'pisni','171','26'),('128','2016-01-28 09:00:00.000000','false','60',NULL,'pisni','107','26'),('129','2016-02-11 09:00:00.000000','true','60',NULL,'pisni','254','26'),('130','2016-09-05 09:00:00.000000','false','60',NULL,'pisni','122','26'),('131','2016-06-15 08:00:00.000000','false','45',NULL,'pisni','133','48'),('132','2016-07-01 09:00:00.000000','false','45',NULL,'pisni','133','48'),('133','2016-09-06 09:00:00.000000','false','45',NULL,'pisni','133','48'),('134','2016-01-19 12:00:00.000000','false','45',NULL,'pisni','123','38'),('135','2016-02-01 12:00:00.000000','false','45',NULL,'pisni','123','38'),('136','2016-09-09 12:00:00.000000','false','45',NULL,'pisni','123','38'),('137','2016-06-20 10:00:00.000000','false','70',NULL,'pisni','105','8'),('138','2016-07-05 10:00:00.000000','false','70',NULL,'pisni','105','8'),('139','2016-09-07 10:00:00.000000','false','70',NULL,'pisni','105','8'),('140','2016-06-15 15:00:00.000000','false','60',NULL,'pisni','147','23'),('141','2016-07-04 15:00:00.000000','false','60',NULL,'pisni','147','23'),('142','2016-09-15 16:00:00.000000','false','60',NULL,'pisni','147','23'),('143','2016-06-17 09:00:00.000000','false','60',NULL,'pisni','254','26'),('144','2016-07-06 09:00:00.000000','false','60',NULL,'pisni','254','26'),('145','2016-09-16 09:00:00.000000','false','60',NULL,'pisni','254','26'),('146','2016-01-20 11:00:00.000000','false','60',NULL,'pisni','112','20'),('147','2016-02-01 09:00:00.000000','false','60',NULL,'pisni','112','20'),('148','2016-09-01 16:00:00.000000','false','60',NULL,'pisni','112','20'),('149','2016-01-25 16:00:00.000000','false','80',NULL,'pisni','141','23'),('150','2016-02-09 14:00:00.000000','false','80',NULL,'pisni','141','23'),('151','2016-09-20 16:00:00.000000','false','80',NULL,'pisni','141','23'),('152','2016-01-18 10:00:00.000000','false','70',NULL,'pisni','249','40'),('153','2016-02-01 10:00:00.000000','false','60',NULL,'pisni','249','40'),('154','2016-08-23 10:00:00.000000','false','60',NULL,'pisni','249','40'),('155','2016-01-26 14:00:00.000000','false','60',NULL,'pisni','124','33'),('156','2016-02-15 15:00:00.000000','false','60',NULL,'pisni','124','33'),('157','2016-09-01 16:00:00.000000','false','90',NULL,'pisni','124','33'),('158','2016-01-25 14:00:00.000000','false','60',NULL,'pisni','143','59'),('159','2016-02-11 16:00:00.000000','false','60',NULL,'pisni','143','59'),('160','2016-09-07 15:00:00.000000','false','60',NULL,'pisni','143','59'),('161','2016-06-23 10:00:00.000000','false','90',NULL,'pisni','113','30'),('162','2016-07-05 14:00:00.000000','false','90',NULL,'pisni','113','30'),('163','2016-09-15 15:00:00.000000','false','90',NULL,'pisni','113','30'),('164','2016-06-21 17:00:00.000000','false','60',NULL,'pisni','103','3'),('165','2016-07-04 10:00:00.000000','false','60',NULL,'pisni','103','3'),('166','2016-09-16 09:00:00.000000','false','60',NULL,'pisni','103','3'),('167','2016-06-17 10:00:00.000000','false','45',NULL,'pisni','118','55'),('168','2016-07-01 10:00:00.000000','false','60',NULL,'pisni','118','55'),('169','2016-09-05 09:00:00.000000','false','60',NULL,'pisni','118','55'),('170','2016-06-13 08:00:00.000000','false','60',NULL,'pisni','137','35'),('171','2016-06-29 12:00:00.000000','false','60',NULL,'pisni','137','35'),('172','2016-09-14 14:00:00.000000','false','60',NULL,'pisni','137','35'),('173','2016-06-15 10:00:00.000000','false','90',NULL,'pisni','130','43'),('174','2016-06-30 10:00:00.000000','false','90',NULL,'pisni','130','43'),('175','2016-09-01 10:00:00.000000','false','90',NULL,'pisni','130','43'),('176','2017-01-20 12:00:00.000000','false','60',NULL,'pisni','63','20'),('177','2017-02-03 10:00:00.000000','false','60',NULL,'pisni','63','20'),('178','2017-09-01 11:00:00.000000','false','60',NULL,'pisni','63','20'),('179','2017-01-23 14:00:00.000000','false','70',NULL,'pisni','92','23'),('180','2017-02-02 14:00:00.000000','false','70',NULL,'pisni','92','23'),('181','2017-09-05 14:00:00.000000','false','70',NULL,'pisni','92','23'),('182','2017-01-26 08:00:00.000000','false','60',NULL,'pisni','248','40'),('183','2017-02-03 09:00:00.000000','false','60',NULL,'pisni','248','40'),('184','2017-08-24 09:00:00.000000','false','60',NULL,'pisni','248','40'),('185','2017-01-23 14:00:00.000000','false','90',NULL,'pisni','75','33'),('186','2017-02-10 13:00:00.000000','false','90',NULL,'pisni','75','33'),('187','2017-09-07 13:00:00.000000','false','90',NULL,'pisni','75','33'),('188','2017-01-27 17:00:00.000000','false','60',NULL,'pisni','94','59'),('189','2017-02-09 16:00:00.000000','false','60',NULL,'pisni','94','59'),('190','2017-09-06 16:00:00.000000','false','60',NULL,'pisni','94','59'),('191','2017-06-15 08:00:00.000000','false','80',NULL,'pisni','64','30'),('192','2017-06-29 10:00:00.000000','false','80',NULL,'pisni','64','30'),('193','2017-09-01 11:00:00.000000','false','80',NULL,'pisni','64','30'),('194','2017-06-20 13:00:00.000000','false','60',NULL,'pisni','54','3'),('195','2017-07-03 11:00:00.000000','false','60',NULL,'pisni','54','3'),('196','2017-09-04 11:00:00.000000','false','60',NULL,'pisni','54','3'),('197','2017-06-21 14:00:00.000000','false','45',NULL,'pisni','69','55'),('198','2017-06-30 14:00:00.000000','false','45',NULL,'pisni','69','55'),('199','2017-09-15 13:00:00.000000','false','45',NULL,'pisni','69','55'),('200','2017-06-22 10:00:00.000000','false','70',NULL,'pisni','88','35'),('201','2017-07-05 11:00:00.000000','false','70',NULL,'pisni','88','35'),('202','2017-09-08 12:00:00.000000','false','70',NULL,'pisni','88','35'),('203','2017-06-16 10:00:00.000000','false','90',NULL,'pisni','81','43'),('204','2017-06-29 10:00:00.000000','false','90',NULL,'pisni','81','43'),('205','2017-08-25 10:00:00.000000','false','90',NULL,'pisni','81','43'),('206','2017-01-23 16:00:00.000000','false','90',NULL,'pisni','93','1'),('207','2017-02-13 15:00:00.000000','false','90',NULL,'pisni','93','1'),('208','2017-09-01 15:00:00.000000','false','120',NULL,'pisni','93','1'),('209','2017-01-25 10:00:00.000000','false','70',NULL,'pisni','57','2'),('210','2017-02-06 10:00:00.000000','false','70',NULL,'pisni','57','2'),('211','2017-09-04 10:00:00.000000','false','70',NULL,'pisni','57','2'),('212','2017-06-15 14:00:00.000000','false','45',NULL,'pisni','253','26'),('213','2017-07-03 14:00:00.000000','false','45',NULL,'pisni','253','26'),('214','2017-08-28 14:00:00.000000','false','45',NULL,'pisni','253','26'),('215','2017-01-20 12:00:00.000000','false','50',NULL,'pisni','99','34'),('216','2017-02-03 14:00:00.000000','false','50',NULL,'pisni','99','34'),('217','2017-09-11 12:00:00.000000','false','50',NULL,'pisni','99','34'),('218','2017-06-16 12:00:00.000000','false','45',NULL,'pisni','73','26'),('219','2017-06-30 13:00:00.000000','false','45',NULL,'pisni','73','26'),('220','2017-09-07 13:00:00.000000','false','45',NULL,'pisni','73','26'),('221','2017-01-16 17:00:00.000000','false','60',NULL,'pisni','58','26'),('222','2017-01-30 16:00:00.000000','false','60',NULL,'pisni','58','26'),('223','2017-09-05 17:00:00.000000','false','60',NULL,'pisni','58','26'),('224','2017-06-16 10:00:00.000000','false','45',NULL,'pisni','84','48'),('225','2017-07-07 12:00:00.000000','false','45',NULL,'pisni','84','48'),('226','2017-08-25 10:00:00.000000','false','45',NULL,'pisni','84','48'),('227','2017-01-19 12:00:00.000000','false','45',NULL,'pisni','74','38'),('228','2017-01-30 12:00:00.000000','false','45',NULL,'pisni','74','38'),('229','2017-09-07 12:00:00.000000','false','45',NULL,'pisni','74','38'),('230','2017-06-20 16:00:00.000000','false','60',NULL,'pisni','6','8'),('231','2017-07-11 16:00:00.000000','false','60',NULL,'pisni','6','8'),('232','2017-09-04 16:15:00.000000','false','60',NULL,'pisni','6','8'),('233','2017-06-20 10:00:00.000000','false','90',NULL,'pisni','98','23'),('234','2017-07-13 10:00:00.000000','false','90',NULL,'pisni','98','23'),('235','2017-08-29 11:00:00.000000','false','90',NULL,'pisni','98','23'),('236','2017-01-23 12:00:00.000000','false','90',NULL,'pisni','97','35'),('237','2017-02-06 10:00:00.000000','false','90',NULL,'pisni','97','35'),('238','2017-09-01 10:00:00.000000','false','90',NULL,'pisni','97','35'),('239','2017-06-15 12:00:00.000000','false','45',NULL,'pisni','95','53'),('240','2017-07-03 11:00:00.000000','false','60',NULL,'pisni','95','53'),('241','2017-09-04 12:00:00.000000','false','60',NULL,'pisni','95','53'),('242','2017-06-16 14:00:00.000000','false','5',NULL,'ustni','65','29'),('243','2017-07-05 13:00:00.000000','false','5',NULL,'ustni','65','29'),('244','2017-09-01 11:00:00.000000','false','5',NULL,'ustni','65','29'),('245','2017-01-26 08:00:00.000000','false','90',NULL,'pisni','52','2'),('246','2017-02-09 08:00:00.000000','false','90',NULL,'pisni','52','2'),('247','2017-09-05 10:00:00.000000','false','90',NULL,'pisni','52','2'),('248','2017-01-26 16:00:00.000000','false','90',NULL,'pisni','67','18'),('249','2017-02-10 14:00:00.000000','false','90',NULL,'pisni','67','18'),('250','2017-09-04 14:00:00.000000','false','90',NULL,'pisni','67','18'),('251','2017-01-23 10:00:00.000000','false','45',NULL,'pisni','55','4'),('252','2017-02-07 08:00:00.000000','false','40',NULL,'pisni','55','4'),('253','2017-09-04 10:00:00.000000','false','40',NULL,'pisni','55','4'),('254','2017-06-19 14:00:00.000000','false','45',NULL,'pisni','76','20'),('255','2017-07-06 14:00:00.000000','false','60',NULL,'pisni','76','20'),('256','2017-09-01 11:00:00.000000','false','60',NULL,'pisni','76','20'),('257','2017-01-27 14:00:00.000000','false','60',NULL,'pisni','51','5'),('258','2017-02-14 14:00:00.000000','false','60',NULL,'pisni','51','5'),('259','2017-09-13 14:00:00.000000','false','60',NULL,'pisni','51','5'),('260','2017-01-26 12:00:00.000000','false','90',NULL,'pisni','258','43'),('261','2017-02-09 12:00:00.000000','false','90',NULL,'pisni','257','43'),('262','2017-09-04 11:00:00.000000','false','90',NULL,'pisni','258','43'),('263','2017-09-30 10:00:00.000000','false','10','Splošni rok za diplomski seminar 2017','pisni','96','31'),('264','2018-01-18 13:00:00.000000','false','45',NULL,'pisni','9','26'),('265','2018-02-02 13:00:00.000000','false','45',NULL,'pisni','9','26'),('266','2018-09-03 13:00:00.000000','false','45',NULL,'pisni','9','26'),('267','2018-01-19 13:00:00.000000','false','60','Predavalnice: PA, P1','pisni','8','2'),('268','2018-02-06 13:00:00.000000','false','60','Predavalnice: PA, P1','pisni','8','2'),('269','2018-09-04 13:00:00.000000','false','60','Predavalnice: PA, P1','pisni','8','2'),('270','2018-06-15 13:00:00.000000','false','45',NULL,'pisni','252','26'),('271','2018-07-05 13:00:00.000000','false','45',NULL,'pisni','252','26'),('272','2018-09-13 13:00:00.000000','false','45',NULL,'pisni','252','26'),('273','2018-09-18 13:00:00.000000','false','60','Četrti razpisani rok VIS, ki predstavlja ''izredni'' rok','pisni','44','1'),('274','2018-05-12 14:00:00.000000','false','60','Umetni rok, namenjen testiranju časovne omejitve za prijavo','pisni','46','57'),('275','2018-05-12 15:00:00.000000','false','60','Umetni rok, namenjen testiranju časovne omejitve za odjavo','pisni','46','57'),('276','2018-06-22 12:00:00.000000','false','60',NULL,'pisni','262','60'),('277','2017-06-12 12:00:00.000000','false','60',NULL,'pisni','263','60'),('278','2016-06-17 12:00:00.000000','false','60',NULL,'pisni','264','60'),('279','2017-02-10 13:00:00.000000','false','60',NULL,'pisni','268','54'),('280','2017-02-09 13:00:00.000000','false','60',NULL,'pisni','274','40'),('281','2017-06-13 14:00:00.000000','false','90',NULL,'pisni','279','1'),('282','2017-02-07 13:00:00.000000','false','60',NULL,'pisni','284','13'),('283','2017-06-14 14:00:00.000000','false','90',NULL,'pisni','289','15'),('284','2017-06-15 15:00:00.000000','false','60',NULL,'pisni','82','34'),('285','2017-02-07 13:00:00.000000','false','70',NULL,'pisni','294','3'),('286','2017-06-22 15:00:00.000000','false','70',NULL,'pisni','304','10'),('287','2017-02-06 13:00:00.000000','false','45',NULL,'pisni','299','28'),('288','2017-06-21 15:00:00.000000','false','60',NULL,'pisni','72','51');
INSERT INTO ects_distribution (id,id_study_program,id_study_year,year_of_program,ects_obv,ects_piz,ects_siz,ects_mod) VALUES ('1','1000468','5','1','60','0','0','0'),('2','1000468','5','2','48','6','6','0'),('3','1000468','5','3','18','6','0','36'),('4','1000470','5','1','60','0','0','0'),('5','1000470','5','2','12','6','42','0'),('6','1000470','5','3','30','6','24','0'),('7','1000471','5','1','24','12','24','0'),('8','1000471','5','2','24','0','36','0'),('9','1000468','4','1','60','0','0','0'),('10','1000468','4','2','48','6','6','0'),('11','1000468','4','3','18','6','0','36'),('12','1000470','4','1','60','0','0','0'),('13','1000470','4','2','12','6','42','0'),('14','1000470','4','3','30','6','24','0'),('15','1000471','4','1','24','12','24','0'),('16','1000471','4','2','24','0','36','0'),('17','1000468','3','1','60','0','0','0'),('18','1000468','3','2','48','6','6','0'),('19','1000468','3','3','18','6','0','36'),('20','1000470','3','1','60','0','0','0'),('21','1000470','3','2','12','6','42','0'),('22','1000470','3','3','30','6','24','0'),('23','1000471','3','1','24','12','24','0'),('24','1000471','3','2','24','0','36','0'),('25','1000468','2','1','60','0','0','0'),('26','1000468','2','2','48','6','6','0'),('27','1000468','2','3','18','6','0','36'),('28','1000470','2','1','60','0','0','0'),('29','1000470','2','2','12','6','42','0'),('30','1000470','2','3','30','6','24','0'),('31','1000471','2','1','24','12','24','0'),('32','1000471','2','2','24','0','36','0'),('33','1000468','1','1','60','0','0','0'),('34','1000468','1','2','48','6','6','0'),('35','1000468','1','3','18','6','0','36'),('36','1000470','1','1','60','0','0','0'),('37','1000470','1','2','12','6','42','0'),('38','1000470','1','3','30','6','24','0'),('39','1000471','1','1','24','12','24','0'),('40','1000471','1','2','24','0','36','0');
INSERT INTO user_login (id,password,salt,username,id_user_role) VALUES ('1','263fec58861449aacc1c328a4aff64aff4c62df4a2d50b3f207fa89b6e242c9aa778e7a8baeffef85b6ca6d2e7dc16ff0a760d59c13c238f6bcdc32f8ce9cc62','123','joze1','1'),('2','5c04bcdf01a4553d9b4ebe88b0d6cca9ad763c141f0fef491cbbad71114d24a2d8e633c32179d6c05f4d1adfa29ba3cda2e1cb1bdcd23b2d50abf317e77de41c','1337','blazkablatnik@gmail.com','2'),('3','ebbcfecbb97654304f3aee0228236ec4d94fa0593ea1ec8236fc3e2b9e6b01546d9ee62550d8ff30d3df9edc65517caa75dcb6dd358e11a9ec5d7cdf8911b0c0','321','prof@fri.uni-lj.si','3'),('4','d858b8524703de2002a21b7798f8ffb239308d0e9cdfd2c6756b7ffbf5d83561c1e5c73239f9b13d568513ea84aea268c7e429b63939aacf8b72be197c5ef725','666','ref@fri.uni-lj.si','4'),('5','db2bb81c724d0e9fc3479bd22355e520849702013d177182a24f9a82ebc3ed84739156e06002c3f4e0af1ac18acfbc0792de666d4a6880029ee6a97a43780f74','420','janez@nov.ak','2'),('6','ba3253876aed6bc22d4a6ff53d8406c6ad864195ed144ab5c87621b6c233b548baeae6956df346ec8c17f5ea10f35ee3cbc514797ed7ddd3145464e2a0bab413','456','peter@kopljem.net','2'),('7','7eabd9f1226a6d0c3548c3b37dc749c0aa256c03af4f47f8c214498fad4ded4fa48fc9fc2b7a62d977a56bb2a27bc91787214bcdc944b19f7a0e83bc23eca6f7','101','marta@pod.streho','2'),('8','ab15321e6484a0f4dca2dfa4f379ca4bc3cafce543bad6753fe50cdbf65cb93b3049546eba6856980f5d60ec67c8496c38542464357885c4ce4d2be057819f10','808','steff@stef.anio','2'),('9','99a5fe9d40e246de0bb911818f79cc03718148ca33c5e92f2fbbdc7907b54b0520e60de994fe4331f905eced10986c572315f47097f16238d5de491043bacabc','163734400','sz8003@student.uni-lj.si','2'),('10','a635bae3313801e933c8a6e4df03484deecbb11a5a91e866186042569a4349cd8458807c3048ca9cbcc26200c0647e52ed64842dc3ee830d499ddb052ebaf869','-121163117','jd8004@student.uni-lj.si','2'),('11','3fd39af9b15a8c647423e74287c52719d3b4e5f1463c3a03de4084a05670d32b93fdc6732bc41d6dd4c3918fc2ac21fffc8a4e8aadcc2e1411f53a328c64e006','-674793274','mj8005@student.uni-lj.si','2'),('12','f6535d6f56c1b37f91d0e7c3b4250e245a3cfef60bd4c354e73b5db7d56dc8e3362c72d9f36143bd48b28039bab540abd4f39484a79e51f983ba93369061bae9','-1648194537','lh8006@student.uni-lj.si','2'),('13','994fa9c537d8068f22c639c1f4e25ba90e227f922a06f8ef1a38e146ee754332457104941c299e37f5cdb45473a0cf1e5dfb04f8298a0eb2df4112f26a2aa450','-1190932726','žr8007@student.uni-lj.si','2'),('14','9a557bffde1523d7755acd93fbfe9ec7710fea07dfa6174a85ef9e7f8431a36fbaf9711fab947280259f1de79b8294849dedaf98f668771c7f3126937f3c6841','1269228366','tz8008@student.uni-lj.si','2'),('15','b0716094e48aa1f90c46522165ba15f499e20a2c8bc11732e811cab484d1576b32769c212801f68c3b39fc7297de42c20efc3af76d6e459bb68b16b3290ae1e3','-1052744078','rb8009@student.uni-lj.si','2'),('16','21cbf967a155b76cfdb39d23b64e27ff71eff7f93949ef370145264f312da0712902e874862bfd77370bdb27011cb71805e0a673c0a989b36ce8bdb02a732124','-926210828','nk8010@student.uni-lj.si','2'),('17','893343307543f0e85121c3c829c65933b3a3609cb3ce5905648b340c78336b79eeacae265003cf132f59d6fce3098754ef6db0d14eebac25fed681ca11ba74e3','-1620454342','cl8011@student.uni-lj.si','2'),('18','9fa490fa5b35733d201ed3ac531520bfb40798594f21492a64280cf1bd5011c0c7cee66742c31298b8b37b6373d84860219ee47eba854b62d822f917d9241aee','-774544758','ip8012@student.uni-lj.si','2'),('19','ce61c160ca6ff7365a1b5cac899fc010bae3028ad3a62ddbb9a56be2f43eb122fa68ca1843bd6ed52911a3372b686bd61359792993c5eb72c6c104c8b4fd47c0','1459725057','jj8013@student.uni-lj.si','2'),('20','539629e6eafa4e6c4eb053ac746ae09a58da832d18895d18e5f8e4e69f24312afea4319ff5fdd2fa11ab3ff19e316bfc74b1a90f29e80d0472ca3978d60ae478','1762170085','al8015@student.uni-lj.si','2'),('21','48607a2b5adfae87cc6637c28b52ff3c6faeb1a59f01180e03b9bfa4680483c53567798caf4979ccdbe688c9e9df28e04e4ba86721a8262cb5e48083577f3957','591462123','bn8016@student.uni-lj.si','2'),('22','82c44001e961916d50fe68cf87286d5c64dc8b748b2401ee0c78ba5c8e865e0d768b2c3ce0d593e8dcf8196a3418a75c9c42bca1b3caab04d65375263b4737bf','801979501','cc8017@student.uni-lj.si','2'),('23','33a0ee60bc8ffbf75bda03af379814d127047a0e33593a24407ca0e22c269c219f9374fcc771096addc0fbd71f7f0c75c4c1356e0d2fc7dae2477f9804d9a109','1248989678','kt8018@student.uni-lj.si','2'),('24','8ba242cccc15d3076ccac0fd750b386c962caac7d2c1f670bf521cb06561b6496721d085a6aa302e05fa7bee84c6bfa1b551163a2d3805ba39f83b8453e56dc8','1762006755','žč8019@student.uni-lj.si','2'),('25','da7acbc7585cdb29fabd8a860ac6b3069b62bc61d501e8058deb25d416238a2339e759031b85fe08ce998fde45886a9223a7e92d94e684e48170fc6d877474b2','1280921840','bl8020@student.uni-lj.si','2'),('26','5f1d878402c3e2ce055c23051161eaa168208bd2e7e79c3950c3ca7ac2d3be8e6fd53baebea37a32182ebe28298e20431e6b172f0c4ef7d172e4f23e21cc06f9','-1842328100','af8021@student.uni-lj.si','2'),('27','6fa038f197e0c8d4276cf603a3e6a4ed9a1acbd5440670d05d4cece391c80ab692bdd2531828b4531eec8c76234a8d6529435538cd0893244bafe3faab2ab50f','786457214','ak8022@student.uni-lj.si','2'),('28','5e537caf1e37cdd3215a66cfad17e397744d7c5b0f519533fa9fb28bd190c289e39f55e4a4a1983c27b57f53da2ae506a7e21af4ba7febc4bfc2e38a0659f6c7','-1332612294','ab8023@student.uni-lj.si','2'),('29','5d1318107f8de8ff2d530aa4da475d78b4225b3becea6b183865b0c12bd2d3f54ae134c1795432dd8e695c18f85a848afd10210185f89385991dd45d3330c5f6','-1939680857','ap8024@student.uni-lj.si','2'),('30','70408c95b2d37ddc43aa287298ebc2f1b73f163a69caf93991ef9a7a706b59fcbb8767689ad645a2003d4c67a79448f21ab8e7ba48fe1ffdbc32c0d419cc918f','-126727492','ai8025@student.uni-lj.si','2'),('31','c30d62fe482e85710fb5f1087c342f85f1c64dd8ee2f18d5041d8e1fd340153ff66ab8f18d57c86ec657fd53df9836cca92c87829bb41b29f27cf0f06920cd14','1362502211','ak8026@student.uni-lj.si','2'),('32','25f3580992a0a918de3cc99a12e492520bb0fbfe152491c43e6a57c24035463a520785b737c49e1bd1e0390571f25c358897c73ab8b8d313793e3c131dcfc891','492803364','aj8027@student.uni-lj.si','2'),('33','19c49a99341077a372e9bfb6d639726f2c90160f44e088e167057dff1a975e245d5700afccc2d8ba86061888fda9a65ab74132b81c16852697744e1ff3f12e44','-1678916774','aa8028@student.uni-lj.si','2'),('34','3c87475cdcb8e8abc9bab88409a76903aa5760a8be49b4e35a41b1a7c8fb14a3aaf422de534a00a3275fbe80e2a93cb1f1d4f10ed48b52c4b78c92d4e7d04305','23317863','ad8029@student.uni-lj.si','2'),('35','7af5fd3da556536cbd17dd88e9b7852ffdd913acad404c9ff5f0ed041d78ead3a6dd1d966bfcccdd12ecf9663914a66a4f684de6ea60c7631f29bdebb7205cfd','1817173366','ab8030@student.uni-lj.si','2'),('36','9ef4e1d423fb2972f1d253c948573f865d3db7e7b5ab7875758d85341627bf93b78b4e5577288c1e9891b54f26cd08ce3d763ad911cdcc1aaa9e001eb0011fa6','-193263088','ak8031@student.uni-lj.si','2'),('37','dcfb7703839b393df8b592e95734617850599900f08ee1174540596fc125365ce7c6f3d93f92dac0e9aef1bff821659377aa713c5eb5489fe5729617f075d889','1876302851','aj8032@student.uni-lj.si','2'),('38','fa3882990f1129e52786659b5e1b29850b1e3223f315c2990ab97ef10e2afb9d48c96f91103c4314f644e6f0d2337e062ccdaa45dea92aab23d7d4debe2c3aae','-429761954','ad8033@student.uni-lj.si','2'),('39','7d4666055a4ec73fe8e551567b88a9f482b891f7a101f25701d341e469ae20a6af498bab6c1bda6eff162aac7c945b18fca70df0f14d78ef8995367223348ee5','-1774587958','aj8034@student.uni-lj.si','2'),('40','d47be7e88e542fc47630733620f595d176a92735710f018ad121fed37677114f50596574e8967cd37f80693b781654e96fc07ccef559b4b75227c96560eb4203','1364414249','ab8035@student.uni-lj.si','2'),('41','d1f0d0a23424a3c641e2dec8b21706c47f751a56d95ba86b5d6f30dde7a21f1280833601796c70963e3b3c4fb95c08ea687e5a84ced9fcab5aea0111e422f113','2140008150','aa8036@student.uni-lj.si','2'),('42','a35e3f574f1cb38418f8b158f215f4574aa893240618c12b38d3cb4b6fd812bf53b40d2e62915062402a4179e38d7b442fd69db8b69ecbe19ad6a5409dc1797c','311331097','aa8037@student.uni-lj.si','2'),('43','9cb3d0d60ae33a0b73c7f9e6762a88f19276c0e29a5df12c9958e44e500bda071e435fbc8fca988d202035d712697757ca45e2c9433bc5f5479fc901b9709813','-1821163579','aj8038@student.uni-lj.si','2'),('44','ee0f7fe4c9d7e6b999a5e37adc53fddcff026347a8fb1fccdc60f50629b195439f795a8db0b1c065334a137e480711cee1bd94757e3d3a399691aec04ae76775','1412729203','ad8039@student.uni-lj.si','2'),('45','e347036da632d0c7316bae9e09637cf6df607a5aa7d7d0c704228205e81e575ed1dbd8454c64065a8225460899754b42c1a4c5b06ddd35d2a699563a7efef5ea','1536827617','ak8040@student.uni-lj.si','2'),('46','8b6d012c67f5dc9c5c39c3c2bbeedaba052cb1b16de706ee0908bf717f8b9435bb3a18e58990ab49f102adcd7654966da07b457d18a536cb62a36e7421902b28','-812927211','ed8041@student.uni-lj.si','2'),('47','16690377b96959f9b045f3453daac8c6c3466024d31e4e22e8a1ed213a30a16e4773e062bdfc823e99b7daab51edc9eea52e7d05075a782ff0bc6d0d39913e8d','-402492022','ef8042@student.uni-lj.si','2'),('48','8bd64f1d51c97e8b08a9e3395572d5808fedb7ee94ab7148cba81797539ff17e3b4bc6d0a4311e298db8f6c4e4fe933ec5f14532c3d3023211a43b5744b3b5f0','672974976','ep8043@student.uni-lj.si','2'),('49','33dff4884294ab161e1abc18c70bdc4f20d00b66a57de05c77aaf7b85e054cb4651a3db6f736b2049968cff3bf0a300c08b690b095b614cf88bfe87c47dc6b69','24545107','ei8044@student.uni-lj.si','2'),('50','f8544b7c694750620c3d12893399dc602e721de096710712d4a436f81cf4e6fdad1667abaa19990a1477df392c71b569a4058464896f2f1ad19a47bfaea0783b','2076254850','id8045@student.uni-lj.si','2'),('51','da730b585297a84e274ad545aaafd643c3eb4792fa0fc2055af222f723260c27460adec447efaab406eb2962f78f9702acabe8570dedfdd883c8b0ae6257c174','1169452118','ib8046@student.uni-lj.si','2'),('52','816cf40b8cb4f4f35baf89c131efac40bf1250d819b166f05ea7daffb2dcea6e2764b58542ce6297cb8165662fe255843571442a9a9f31d880e2bd98241091fc','12864880','ij8047@student.uni-lj.si','2'),('53','c3067c49941b61dca8eaccc7aab90789308b1cd7142fbb57725a70613265fa827d0e41d3ee40b7e8e0c4191e57579f959155d2229165d9768dbc763f79609235','-92481774','if8048@student.uni-lj.si','2'),('54','1ee3dbde5c84d291b9aea949c523073bbd0fc874d6d4b4bd7c657db3227f39cd4954cb4ebd52c37c288d5c068e259eebaf1cb47532f2ab60b7146baca4cb5e1f','789326609','eb8049@student.uni-lj.si','2'),('55','62e89d6d17e352c47c42ed92bc1940a87d67c8562d848d2d6644ec8fc021e643d69c06ced0d7db939f935a76a963309e5df3a69ffc5244f57f4e190fb6bc1fda','963090394','ea8050@student.uni-lj.si','2'),('56','26d7fb479ef48a828ed132a1b30ea39ddc0f4710e5eb2a32add5bdfb255f99096da12dc0b9387e9405d6b4431d6c2b66cda6ccc51e90ccb98c5a418c977cfe68','-1451521480','ed8051@student.uni-lj.si','2'),('57','0de989e4424c21283ab1b8f93e7c32fc43fbd537a4d2fa45aa6f29e8a7c3ac11ce1e383afb8b50a3cb0ee744fff11a5be5541a37f397f9170233ca55831b45fc','974111803','ej8052@student.uni-lj.si','2'),('58','ec011e0110267c17af2b40cf46a9018312a199f36745842728129265858971f1ad0c2c2b8eef1d1778d1b0aa384a234e2ae5bf73a4a272cff57513d4f7bbe6be','560789158','id8053@student.uni-lj.si','2'),('59','1029272822eb6215b4ca7fe0e79572f92499292f001566368139de3f109498886beb4280cbcf75b583eb25584275343c147b5e1409786d4c7130fb9214ff9182','1161284690','ij8054@student.uni-lj.si','2'),('60','b8c6c04a37e6ea89568894134047b7207fb6f38a4fdffa6e7bf151e6208975f0572ac117983f393592b7301d13097696ef54b635a933213b5585a1ea1b548ec1','1656450663','ip8055@student.uni-lj.si','2'),('61','e1373b0abc525a7dcffa36c2e0563f8999e56dc37f3ae66e56ceed4c9ae77236c1fac7615cb2e2c2e2d093d223049634a88353b522fc9e15aa123f047e7d9719','-907411187','if8056@student.uni-lj.si','2'),('62','0db4395209fbeda3c5c68695550de03c2b7c2a3d747a8fbbc3e990be85555d85e47e5324e166a150310a400d85b94d1ab5a108312477efd773d5a22660956790','-1188934186','ik8057@student.uni-lj.si','2'),('63','bb8d3fcfbd97009aea4b0136194fe2246c8277ad0bae39f7eb27e70a5823afea5f45d831f40461bc1b375d16508083f6e2a9b11f3f1d3419d79481c44e6550fc','834029243','ik8058@student.uni-lj.si','2'),('64','a5c4a6cba50d6087af343c9e6c07c7a249b83641387f869ae45870bcee37a5d4ca677e731b595ef6f58d93d25afc80aaf7ed7445e10ae33fa22f064eb4c184b7','-27682986','if8059@student.uni-lj.si','2'),('65','6919441697b5ac63ea544f0e69274defc48a8100edfb49aeffdf003765e104694c0061b7b7885a69e49df6309038bee8c50520ec25d1d71628f6654856ed8e60','2005543802','ip8060@student.uni-lj.si','2'),('66','c962a97e1f3a9cf93c2dc66844883e1fddd841167a35a0bea4641dbe3c0cb48884ff61380e5d410ee2d8442dad87b7cf35d90245fee1a4ba6bb75e5664d6a572','-2134121574','ja8061@student.uni-lj.si','2'),('67','704835238e223f6fde6dc6d63ca23bd074d84b184244c6bdf13b87ee8881d15bfab123e3bae639cf39cbbb41db55c7f25c644d2027a7ba527c25acd3cb452b15','980367779','jb8062@student.uni-lj.si','2'),('68','a3d16dea1c26ab843f8dc9dfbedcf101227664b257066d141853afb125896e05a70c04a3d8fba205b4e1d443c29b20f00e2f07b6c7d2403a2010ac2e31a55baf','-530485327','jb8063@student.uni-lj.si','2'),('69','1f26a58eb775be820de5050069e7226ee3c4a4e38772e3b33f161149af996858f0b71917fae0dfb8078aa0458bdb6bd55f649ba37bf6ba72c246854907609bfd','390693149','jp8064@student.uni-lj.si','2'),('70','20952041f23b4c729ea3fce0fc9edf9b5f053ac430545fd6736e8ab2553ad11e34b4f2b97ce56de5da329f61896ffb83c7c52a59f485f2b3e99973f405823964','1600763463','jb8065@student.uni-lj.si','2'),('71','06039f41fdc0ace56878ff5e12142ac50c17c6edb461ee22949616113371e15413dd37687d7d40538baa874256a2bfffe95e4cda36d7e7ed4d53e9775c90d7cf','-1700737538','jp8066@student.uni-lj.si','2'),('72','f249da4f9db586c38b2aa08d11106ec784be33a1a16ec7a23e2062248dbc78b488961e00a65860cef18173206a5cc3832796ecf63c70f690711380500d516daf','-2018185113','jf8067@student.uni-lj.si','2'),('73','a000325d282d78224eb1ee539c7d989924a755e7ce943e0fc6d5c3b39ee4b95327e764acb1cd8486acb196ecfafdc68f31513fe481a6da38585ee38db9d8ef76','1386094666','jf8068@student.uni-lj.si','2'),('74','9ac62dc2af03c2fa84ff56b33996e0f69f79dc9f51ff3f6bfa315b6c1f6c7fce307cb0628d198638c5029b3e0d5fe9bb8b3dfd16f6b372c15bcda8d170494962','-2115403830','lb8069@student.uni-lj.si','2'),('75','0cdcc9247110faf52ce2bc9f1c08e5b9ce4a77e00472c9e248a0dfd049a2f2628e6fc38b227c488914f314ab7097b9cabd51b2535830f09639ee6286104485e7','712973064','lk8070@student.uni-lj.si','2'),('76','3cf226f4ebd03169ddbf2d161fd978165b6f17495f24ba318a769527919b5fe23e24e3e66e6dd9cee12d2626520e1b45f4189cd2de48003a1e5de2c5dfaac1f7','-470174002','lp8071@student.uni-lj.si','2'),('77','889ef28fd81bd7bd1c834a1c14b936aae9c2526f4bf1fb99eab41a300e66dd275c657510762da2d041cca4ac70531712e853f8aa1c0289f2760a83619f8c8405','1093578313','lb8072@student.uni-lj.si','2'),('78','012ae8cfe5b3ac4865c51ed738f0acfd65532e16dbb5a49c0bacb906ed0318794b1159d39cab36da3ee494ec6bb43e5497ebbc55e163aecd6f525d5e53d0f59d','-32824204','nb8073@student.uni-lj.si','2'),('79','e3111b2126190e1ffdeafd67566d43d0bd6d444df01bcd6f5ce2d4c573d575becd7212fa3b4b988cc13cd06141a1390c895e8777c36fdeb1562ce5f1676565e9','-1751908114','nb8074@student.uni-lj.si','2'),('80','795c991122dc839aec0cd771799959c0a942d9243772cc9fe2ecbdfe5be35a0580071e6d2530159d122c8595207c2c30143e7e6639e5c73b835177b68de0a81d','-191375050','ni8075@student.uni-lj.si','2'),('81','3a8e401fea345f724c95fdbaa5f209b15c73654a0967928886c7b7b9b243eac9689f42524858ef61d2320042fc41241637635edadb8b49a02c951ce12e963aa8','1180041368','na8076@student.uni-lj.si','2'),('82','218d01bff3bf760d6a307c52280f97ec9bd051800d416d0705fca3af8a792e34ee58a21a5492415b1da821612af572738682da0408b8d33d3a4007092185abc7','1863928869','md8077@student.uni-lj.si','2'),('83','ab1c8ff101e19fedba7a51f176140706e445203ca1f6dccde94fbf39c1df67cef3df0d2f2770ec9dc3238a10ee1036488ce87cb08ac343c91e7c673b81f5da38','-61148517','mk8078@student.uni-lj.si','2'),('84','7a8972e72823c95d400d597d756357cca4e18c9c936d36335b8181018fded6c665e7807ae0f40526eafc88d09e4193148f160e9b3e84a703324f5f9bbcaa7398','1499494106','mf8079@student.uni-lj.si','2'),('85','1ff67cf0cb2fa002c20ddf4e1c5a162eac680aab2f88c72eb8965d6e71490aa7e8778ff545f7b8603ad74ca58595fce14ad79c8ae8fdc93317b782cd054b7916','1350259302','mb8080@student.uni-lj.si','2'),('86','3d4a3c01a32a6f431f17eacbe12f013a2b62d72add937a3b72cf140fcd84c25d4fd3522a76b30904cb66c79ba4d42861147d77557782e6319cf7281e8a84cbf4','424577443','np8081@student.uni-lj.si','2'),('87','d1df2dc3426f5a9328204b5acf6477ae1c033aba5918cdb1f3eb345496c9aac0dea3f5839b91764bfab177a35c89a8a77b0636694a336e46b394c9843e1db4a6','915756108','na8082@student.uni-lj.si','2'),('88','6c5b2994d0492ad4b7bc4cee61756be5708c740d9ef4407fd73f0e82ede78cab1dd03f617ef78d151d9173c1a5e79c459dd5133ba00f37fedde216bf15e25e92','1999518790','na8083@student.uni-lj.si','2'),('89','0eeab0ec7df44f0c56be4b49806d8398aa9a2bcecc1bd8be723c63b2776f022a6b80062e1075db9aa3eb6296b84a312a3b0aa0f47571fd97dc1592b3ebb60a68','-1795038586','na8084@student.uni-lj.si','2'),('90','e93433a8a80b3414f235739bd6ae5d30c534c2e47eabfd5277329509a430df717beaf0ef7e0f0f74db988bca20b42c9f5614893fa00ac2d8868edbbe852077c0','-1141383679','nb8085@student.uni-lj.si','2'),('91','a74bf9ac24236d3554b447d99e69ae3c06e2f4927554255f39c1e6af049b72a30ba32ec5742f0899df8f6d1a53ae2a1cb770118036b17aa44204d52042b5e6c2','859370711','nd8086@student.uni-lj.si','2'),('92','986e06dc0583416044f55105c3057ed4f667245b453e0f39c90a4d1eb21a45fdebd5c958970f7b8f97cdcaaa57509b932b0f37aba85453cb61a7663d66e23c72','1753580349','nj8087@student.uni-lj.si','2'),('93','ddbc3345650e376ac4c10acb4ff9ab1cffa4115ce3edfba5ae7cca01f3ee5cdfa0e40d29977ea76ad59d21919c5ea11e9fced2c7d17abb0a18cd7f6f45dde602','-424885321','np8088@student.uni-lj.si','2'),('94','17699f7c81166681f5613c7685245ab66aef9064283d0b8ce973d10f36e2d49bae116a6ac88fb7f5a36c674096e195f94fc7ff07dc391300927defa32267953b','-1357984345','tk8089@student.uni-lj.si','2'),('95','421916879dabfaf3f8429c15975d78e75eec6b40bf12ca0d669f0677f75f9f130adffea14e8aa7d4dd1d0af40f41183797fa16a1d44510c3259903e538278eae','199444735','tj8090@student.uni-lj.si','2'),('96','f75f8d23507bb9412ab62a02f3847f2ae841575e21fbc6a96434590e62e4abf4a12cceb0acfb6716ec66f762fd8ba77e50a3b3eec4e34530b7455d9fd917b7b9','-700534609','tf8091@student.uni-lj.si','2'),('97','c41b95acd52ac3aa8440ff9763a0bc266ed5f9388668cf968ae4d57cdf13cf61d96ddedb58523d49ec7ffa879a84576281ab211070ed37abf7139136ac90f9cd','-865755318','td8092@student.uni-lj.si','2'),('98','6a081552ebfc06da057d4800d36b90bced2737d72713ac42eacee9e6d2c9f6b0f787ebf3ff4029a1a0d190cbb0d3adcffa5425d815526da183736c1c36415dca','-573819978','bostjan.slivnik@budget-studis.si','3'),('99','8b4a7665131a9304129bfed48aadd415d7af3c6cde37c03a3983101d85e26e087732ec94863181857f432a1f79f80ecda401bb397c9793621ba09596a6d836fc','1789813946','neza.mramor-kosta@budget-studis.si','3'),('100','df7220efed8d89be8764954f3a9a304d167fec0c6714f3d2311a6f4272ab8015689f171637f6ec4999d709c14add9c9c302abe1d9bec7183f094e24f1c7367fe','-1430321298','miha.mraz@budget-studis.si','3'),('101','3d18dcc59160587206981954ae47263250ce493306009d280016d79b44e83960c89ce5df301a7224c4d0afc50924024facb4cf47285d7c1d04cd084b2356818b','-213737234','nikolaj.zimic@budget-studis.si','3'),('102','6deb6d01bc7d461a23ecee7ee812fbb6b89782dbda64cbffe1441b6bd92f6c02c66d41d8c266280e591163f2f47791fe51ffd12df489eb8e0fcf7bb262eb6580','-1855476339','aleksandar.jurisic@budget-studis.si','3'),('103','8f8083c2b06b9e623a5cfa6221f6a86d13ce6859ce2e49006815e331148c9ebf9c00331b4873fcd1f3c0be335653577a59d85b2ff4c4f5c20ff8e391412077b7','-1225120344','blaz.zupan@budget-studis.si','3'),('104','fcad8dda8ac15985edf6560a386cf66d5234dfefc41fae2bdc170c3e79b9e49514453ec37480f9082a22eae3c66bc9576cc7fb52a1972c05786619a653ce3196','626171990','gasper.fijavz@budget-studis.si','3'),('105','c698786ffc20fbb18807292a5c6e54a73550f2315ce9f802b1cbd703c290ab00dacb7c1a2bb4645f596a5cc2329044e67ee988b7d78e1069f20501e0f7d66e20','-190466344','sb8100@student.uni-lj.si','2'),('106','0c23b2b149bfe39f7d752da4a641d194aee020ae35562855296f659b064a84d8b8dbca9712c43841a549186ee7dc0d29900f6055e6cbfb75207910153bf65c97','2040419912','rb8101@student.uni-lj.si','2'),('107','44601d5eb6ce2646a31397dacfe1ac1e72a97df4facb3c9f0578652deb29d98e40e1129ebcd13e896d102f707337eb0d7e951382403c8e7cf76b7ac97d4050f0','-53614243','tg8102@student.uni-lj.si','2'),('108','46fd286e4cbdb01acad7e701862ab2e34a35161d4efdf1e294ec6f9228dd038370311054d2f82c882d090b03c18ed05bd67ce12823f989deb4a29727d3d355ce','1354564300','dk8103@student.uni-lj.si','2'),('109','ff58fa42dd149a1c95561fde1f5a095311a7c093a1ac2621d793d33e61a820012db4135baf8224bbfc8ba83625b09b55b7d626ebdc5b6bfebcc963a723a816a8','-1551934395','zr8104@student.uni-lj.si','2'),('110','16905b1f9feab2dd4807b07bf8c186ef337570c9de5d1e04c931401c10b8940c61efd4757b19ec697496cd1a1e9e6f69cdc0abec3678ce0682d745a97dca34ad','-1851980474','nz8105@student.uni-lj.si','2'),('111','01438acae3b035ffd3d160b1596a2bdfa9c6d5b5d24e622a07676404c15a8c37016e5b844d39cccc3116baf8e955863b44c216939196d93a63f24d9da462e5c8','-1208855714','ja8119@student.uni-lj.si','2'),('112','d0456d04b3a973b0d719e3247ac117d14b6cd2dc3a1edf94b1d8943d6180443269358e239332fbbac6e8b97f98e382d8956a8585e530d685f7c210d5c01483ae','100487019','rc8120@student.uni-lj.si','2'),('113','319d18215a1709dd9607595502d3c9890ea98c1ef9e305ad6fcd3f30405bb71ea8bfc249d0a48a34f10b220179ba7de8ef4abc9270a6ab77d2ef1f63896c7aef','535252688','ld8121@student.uni-lj.si','2'),('114','53fc03dc9cba117d9462b47236092f809cadd1597ab4a5650020612d98848444ed9a7f7f52f8e8fe274de956f21c955499974c7ee5a3c159bac33f4d6785dbd4','-327913392','if8122@student.uni-lj.si','2'),('115','a7208da47d62953c1d96b1f2c5c6e8149abfe4f78fa23c3429780875fafdabc7c4c86d4e96b35f234482dd7f510a26860e8ed0e9dbc5b697fa1534a80cabed0d','-604083924','lf8123@student.uni-lj.si','2'),('116','6a4bbd69c49179d77b047757458ddfbdb50f8437c3b667c8fc7444d4dc842213c0710d1626e6ed2de58c0e558237b33589457cb25f04a8de141b60bb90f2ca10','1254319575','zh8124@student.uni-lj.si','2'),('117','8c9b7b057e489ba1c6d508b6e9fe6e020570968ed6c4891fe415f37ba8dd57da6de2cc1172eccd6a528c8482eecfc8fa01a694bcace8b4157b7b389c731b7a29','-2034074568','nj8125@student.uni-lj.si','2'),('118','cd522a88bd5d89915b1a13e8e2b1bfc62ddb5260dc0e2e8da2c3e49bbf1456feb4e4c797758badd247b99d5f672831901d0108cbf914c65739e87404a362b4f9','-367144394','zj8126@student.uni-lj.si','2'),('119','59a187a7bb08e4b1df29d3a13c121027a09431e6ca125e54e68b9bfea18fc4c20483f6b1c1da39d0745f6bc0840e43306adc5eef336ae720b571f0b28b4df74f','1541050244','jr8148@student.uni-lj.si','2'),('120','2c9ab9784170827ea7aa433d08eb06a914bc455a103eb4ebc677f2e81f9251e3bdb77c3623d973575916c10084b23676826f207d4a93c6c9e42f77f5fbbbe74d','-531101072','nb8149@student.uni-lj.si','2'),('121','2273e2e5279e8e81d2d8d511aa113aef6e8786e5cf1358ecb2534381409ec4f945c71e4ec1ba30354f1c64e40d6247810d8c0d5d5eda3d410548f38c4e2a9309','-1115374987','mb8150@student.uni-lj.si','2');
INSERT INTO address (id,line1,line2,id_country,id_post_address) VALUES ('1','Generični kraj 9',NULL,'705','1234'),('2','Ulica zlatih jam 14',NULL,'705','8000'),('3','Pod orodjem 6b',NULL,'705','8220'),('4','Pod streho 45',NULL,'705','5243'),('5','Cesta poštenih padcev 11',NULL,'705','1231'),('6','Blejska cesta 123',NULL,'705','4260'),('7','lala',NULL,'705','6280'),('8','Cankarjeva ulica 9',NULL,'705','1000'),('9','Trubarjeva ulica 1',NULL,'705','1000'),('10','Vilharjeva ulica 1',NULL,'705','1000');
INSERT INTO student (id,date_of_birth,email,emso,gender,name,phone_number,place_of_birth,register_number,sending_address,surname,tax_number,id_address1,id_address2,id_citizenship,id_country_of_birth,id_municipality_of_birth,id_study_program,id_login) VALUES ('1','1996-01-01','janez@nov.ak','0101996500005','M','Janez','+386 666 666','Ljubljana','63130001','1','Novak','12345678','1',NULL,'705','705','61',NULL,'5'),('2','1994-12-31','peter@kopljem.net','3112994500019','M','Peter','+386 123 123','Novo mesto','63180002','2','Kramp','12345679','2','3','705','705','85',NULL,'6'),('3','1996-05-12','marta@pod.streho','1205996505019','Ž','Marta',NULL,NULL,'63130002','1','Strešnik','12345670','4',NULL,'643','643',NULL,NULL,'7'),('4','1991-02-02','steff@stef.anio','0202991500008','M','Štefan','005318008','Ljubljana','63130003','1','Čolnar','12345667','5','5','705','705','61',NULL,'8'),('5',NULL,'blazkablatnik@gmail.com',NULL,'','Blažka',NULL,NULL,'63180001',NULL,'Blatnik',NULL,NULL,NULL,NULL,NULL,NULL,NULL,NULL),('6',NULL,'szore.fake@gmail.com',NULL,'-','Simon',NULL,NULL,'63180003','1','Zore',NULL,NULL,NULL,NULL,NULL,NULL,'1000468','9'),('7',NULL,'jdoe.fake@gmail.com',NULL,'-','John',NULL,NULL,'63180004','1','Doe',NULL,NULL,NULL,NULL,NULL,NULL,'1000468','10'),('8',NULL,'mjelenc.fake@gmail.com',NULL,'-','Marko',NULL,NULL,'63180005','1','Jelenc',NULL,NULL,NULL,NULL,NULL,NULL,'1000468','11'),('9',NULL,'lhribar.fake@gmail.com',NULL,'-','Luka',NULL,NULL,'63180006','1','Hribar',NULL,NULL,NULL,NULL,NULL,NULL,'1000468','12'),('10',NULL,'zrink.fake@gmail.com',NULL,'-','Žan',NULL,NULL,'63180007','1','Rink',NULL,NULL,NULL,NULL,NULL,NULL,'1000468','13'),('11','1996-02-10','tzupanc.fake@gmail.com','1002996505169','Ž','Teja','+386 12 123 123','Ljubljana','63180008','1','Zupanc','12345678','1',NULL,'705','705','61','1000468','14'),('13',NULL,'nkos.fake@gmail.com',NULL,'-','Nik',NULL,NULL,'63180010','1','Kos',NULL,NULL,NULL,NULL,NULL,NULL,'1000468','16'),('14',NULL,'clukavcic.fake@gmail.com',NULL,'-','Cene',NULL,NULL,'63180011','1','Lukavčič',NULL,NULL,NULL,NULL,NULL,NULL,'1000468','17'),('15',NULL,'ipri.fake@gmail.com',NULL,'-','Imenko',NULL,NULL,'63180012','1','Priimkovič',NULL,NULL,NULL,NULL,NULL,NULL,'1000468','18'),('16',NULL,'jjakomin.fake@gmail.com',NULL,'-','Jaka',NULL,NULL,'63180013','1','Jakomin',NULL,NULL,NULL,NULL,NULL,NULL,'1000468','19'),('17',NULL,'ana.luza@gmail.com',NULL,'-','Ana',NULL,NULL,'63180015','1','Lužnik',NULL,NULL,NULL,NULL,NULL,NULL,'1000468','20'),('18',NULL,'bojciNovci@msn.com',NULL,'-','Bojan',NULL,NULL,'63180016','1','Novak',NULL,NULL,NULL,NULL,NULL,NULL,'1000470','21'),('19',NULL,'cenko@gmail.com',NULL,'-','Cene',NULL,NULL,'63180017','1','Cepec',NULL,NULL,NULL,NULL,NULL,NULL,'1000470','22'),('20',NULL,'kajA@gmail.si',NULL,'-','Kaja',NULL,NULL,'63180018','1','Tutaja',NULL,NULL,NULL,NULL,NULL,NULL,'1000470','23'),('21',NULL,'zeljko.csdc@gmail.com',NULL,'-','Željko',NULL,NULL,'63180019','1','Češneđović',NULL,NULL,NULL,NULL,NULL,NULL,'1000470','24'),('22',NULL,'blazka.csdc@gmail.com',NULL,'-','Blazka',NULL,NULL,'63180020','1','llalalalal',NULL,NULL,NULL,NULL,NULL,NULL,'1000470','25'),('23',NULL,'alenka.ferk127915_fake@gmail.com',NULL,'-','Alenka',NULL,NULL,'63180021','1','Ferk',NULL,NULL,NULL,NULL,NULL,NULL,'1000468','26'),('24',NULL,'alenka.kacjan995121_fake@gmail.com',NULL,'-','Alenka',NULL,NULL,'63180022','1','Kacjan',NULL,NULL,NULL,NULL,NULL,NULL,'1000468','27'),('25',NULL,'alenka.bojc57009_fake@gmail.com',NULL,'-','Alenka',NULL,NULL,'63180023','1','Bojc',NULL,NULL,NULL,NULL,NULL,NULL,'1000468','28'),('26',NULL,'alenka.peternel693325_fake@gmail.com',NULL,'-','Alenka',NULL,NULL,'63180024','1','Peternel',NULL,NULL,NULL,NULL,NULL,NULL,'1000468','29'),('27',NULL,'ana.ivanc790816_fake@gmail.com',NULL,'-','Ana',NULL,NULL,'63180025','1','Ivanc',NULL,NULL,NULL,NULL,NULL,NULL,'1000468','30'),('28',NULL,'ana.kacjan91721_fake@gmail.com',NULL,'-','Ana',NULL,NULL,'63180026','1','Kacjan',NULL,NULL,NULL,NULL,NULL,NULL,'1000468','31'),('29',NULL,'ana.jelinkar196019_fake@gmail.com',NULL,'-','Ana',NULL,NULL,'63180027','1','Jelinkar',NULL,NULL,NULL,NULL,NULL,NULL,'1000468','32'),('30',NULL,'ana.ankel75491_fake@gmail.com',NULL,'-','Ana',NULL,NULL,'63180028','1','Ankel',NULL,NULL,NULL,NULL,NULL,NULL,'1000468','33'),('31',NULL,'alen.destovnik132811_fake@gmail.com',NULL,'-','Alen',NULL,NULL,'63180029','1','Destovnik',NULL,NULL,NULL,NULL,NULL,NULL,'1000468','34'),('32',NULL,'alen.baraga45582_fake@gmail.com',NULL,'-','Alen',NULL,NULL,'63180030','1','Baraga',NULL,NULL,NULL,NULL,NULL,NULL,'1000468','35'),('33',NULL,'alen.kacjan960921_fake@gmail.com',NULL,'-','Alen',NULL,NULL,'63180031','1','Kacjan',NULL,NULL,NULL,NULL,NULL,NULL,'1000468','36'),('34',NULL,'alen.jeras32920_fake@gmail.com',NULL,'-','Alen',NULL,NULL,'63180032','1','Jeras',NULL,NULL,NULL,NULL,NULL,NULL,'1000468','37'),('35',NULL,'andrej.destovnik173611_fake@gmail.com',NULL,'-','Andrej',NULL,NULL,'63180033','1','Destovnik',NULL,NULL,NULL,NULL,NULL,NULL,'1000468','38'),('36',NULL,'andrej.jelinkar672119_fake@gmail.com',NULL,'-','Andrej',NULL,NULL,'63180034','1','Jelinkar',NULL,NULL,NULL,NULL,NULL,NULL,'1000468','39'),('37',NULL,'andrej.bizjak30414_fake@gmail.com',NULL,'-','Andrej',NULL,NULL,'63180035','1','Bizjak',NULL,NULL,NULL,NULL,NULL,NULL,'1000468','40'),('38',NULL,'andrej.arh7617_fake@gmail.com',NULL,'-','Andrej',NULL,NULL,'63180036','1','Arh',NULL,NULL,NULL,NULL,NULL,NULL,'1000468','41'),('39',NULL,'anton.ankel55801_fake@gmail.com',NULL,'-','Anton',NULL,NULL,'63180037','1','Ankel',NULL,NULL,NULL,NULL,NULL,NULL,'1000468','42'),('40',NULL,'anton.jelinkar739219_fake@gmail.com',NULL,'-','Anton',NULL,NULL,'63180038','1','Jelinkar',NULL,NULL,NULL,NULL,NULL,NULL,'1000468','43'),('41',NULL,'anton.dekleva671510_fake@gmail.com',NULL,'-','Anton',NULL,NULL,'63180039','1','Dekleva',NULL,NULL,NULL,NULL,NULL,NULL,'1000468','44'),('42',NULL,'anton.kacjan227121_fake@gmail.com',NULL,'-','Anton',NULL,NULL,'63180040','1','Kacjan',NULL,NULL,NULL,NULL,NULL,NULL,'1000468','45'),('43',NULL,'eva.dekleva415810_fake@gmail.com',NULL,'-','Eva',NULL,NULL,'63180041','1','Dekleva',NULL,NULL,NULL,NULL,NULL,NULL,'1000468','46'),('44',NULL,'eva.ferk209415_fake@gmail.com',NULL,'-','Eva',NULL,NULL,'63180042','1','Ferk',NULL,NULL,NULL,NULL,NULL,NULL,'1000468','47'),('45',NULL,'eva.polec249626_fake@gmail.com',NULL,'-','Eva',NULL,NULL,'63180043','1','Polec',NULL,NULL,NULL,NULL,NULL,NULL,'1000468','48'),('46',NULL,'eva.ivanc403516_fake@gmail.com',NULL,'-','Eva',NULL,NULL,'63180044','1','Ivanc',NULL,NULL,NULL,NULL,NULL,NULL,'1000468','49'),('47',NULL,'ivo.destovnik160511_fake@gmail.com',NULL,'-','Ivo',NULL,NULL,'63180045','1','Destovnik',NULL,NULL,NULL,NULL,NULL,NULL,'1000468','50'),('48',NULL,'ivo.bizjak4934_fake@gmail.com',NULL,'-','Ivo',NULL,NULL,'63180046','1','Bizjak',NULL,NULL,NULL,NULL,NULL,NULL,'1000468','51'),('49',NULL,'ivo.jager798517_fake@gmail.com',NULL,'-','Ivo',NULL,NULL,'63180047','1','Jager',NULL,NULL,NULL,NULL,NULL,NULL,'1000468','52'),('50',NULL,'ivo.ferk378715_fake@gmail.com',NULL,'-','Ivo',NULL,NULL,'63180048','1','Ferk',NULL,NULL,NULL,NULL,NULL,NULL,'1000468','53'),('51',NULL,'emil.baraga51942_fake@gmail.com',NULL,'-','Emil',NULL,NULL,'63180049','1','Baraga',NULL,NULL,NULL,NULL,NULL,NULL,'1000468','54'),('52',NULL,'emil.abram41770_fake@gmail.com',NULL,'-','Emil',NULL,NULL,'63180050','1','Abram',NULL,NULL,NULL,NULL,NULL,NULL,'1000468','55'),('53',NULL,'emil.destovnik656611_fake@gmail.com',NULL,'-','Emil',NULL,NULL,'63180051','1','Destovnik',NULL,NULL,NULL,NULL,NULL,NULL,'1000468','56'),('54',NULL,'emil.jakac86418_fake@gmail.com',NULL,'-','Emil',NULL,NULL,'63180052','1','Jakac',NULL,NULL,NULL,NULL,NULL,NULL,'1000468','57'),('55',NULL,'ida.dekleva333910_fake@gmail.com',NULL,'-','Ida',NULL,NULL,'63180053','1','Dekleva',NULL,NULL,NULL,NULL,NULL,NULL,'1000468','58'),('56',NULL,'ida.jager972017_fake@gmail.com',NULL,'-','Ida',NULL,NULL,'63180054','1','Jager',NULL,NULL,NULL,NULL,NULL,NULL,'1000468','59'),('57',NULL,'ida.polec758026_fake@gmail.com',NULL,'-','Ida',NULL,NULL,'63180055','1','Polec',NULL,NULL,NULL,NULL,NULL,NULL,'1000468','60'),('58',NULL,'ida.fernc824313_fake@gmail.com',NULL,'-','Ida',NULL,NULL,'63180056','1','Fernc',NULL,NULL,NULL,NULL,NULL,NULL,'1000468','61'),('59',NULL,'iza.kacjan894421_fake@gmail.com',NULL,'-','Iza',NULL,NULL,'63180057','1','Kacjan',NULL,NULL,NULL,NULL,NULL,NULL,'1000468','62'),('60',NULL,'iza.kacjan151521_fake@gmail.com',NULL,'-','Iza',NULL,NULL,'63180058','1','Kacjan',NULL,NULL,NULL,NULL,NULL,NULL,'1000468','63'),('61',NULL,'iza.fabinc361414_fake@gmail.com',NULL,'-','Iza',NULL,NULL,'63180059','1','Fabinc',NULL,NULL,NULL,NULL,NULL,NULL,'1000468','64'),('62',NULL,'iza.peternel585625_fake@gmail.com',NULL,'-','Iza',NULL,NULL,'63180060','1','Peternel',NULL,NULL,NULL,NULL,NULL,NULL,'1000468','65'),('63',NULL,'julijan.abram70930_fake@gmail.com',NULL,'-','Julijan',NULL,NULL,'63180061','1','Abram',NULL,NULL,NULL,NULL,NULL,NULL,'1000468','66'),('64',NULL,'julijan.bavec64485_fake@gmail.com',NULL,'-','Julijan',NULL,NULL,'63180062','1','Bavec',NULL,NULL,NULL,NULL,NULL,NULL,'1000468','67'),('65',NULL,'julijan.baraga32912_fake@gmail.com',NULL,'-','Julijan',NULL,NULL,'63180063','1','Baraga',NULL,NULL,NULL,NULL,NULL,NULL,'1000468','68'),('66',NULL,'julijan.peternel151025_fake@gmail.com',NULL,'-','Julijan',NULL,NULL,'63180064','1','Peternel',NULL,NULL,NULL,NULL,NULL,NULL,'1000468','69'),('67',NULL,'jan.baraga7252_fake@gmail.com',NULL,'-','Jan',NULL,NULL,'63180065','1','Baraga',NULL,NULL,NULL,NULL,NULL,NULL,'1000468','70'),('68',NULL,'jan.pavlin112224_fake@gmail.com',NULL,'-','Jan',NULL,NULL,'63180066','1','Pavlin',NULL,NULL,NULL,NULL,NULL,NULL,'1000468','71'),('69',NULL,'jan.ferk692615_fake@gmail.com',NULL,'-','Jan',NULL,NULL,'63180067','1','Ferk',NULL,NULL,NULL,NULL,NULL,NULL,'1000468','72'),('70',NULL,'jan.fabinc120214_fake@gmail.com',NULL,'-','Jan',NULL,NULL,'63180068','1','Fabinc',NULL,NULL,NULL,NULL,NULL,NULL,'1000468','73'),('71',NULL,'luka.bizjak99474_fake@gmail.com',NULL,'-','Luka',NULL,NULL,'63180069','1','Bizjak',NULL,NULL,NULL,NULL,NULL,NULL,'1000468','74'),('72',NULL,'luka.kacjan765321_fake@gmail.com',NULL,'-','Luka',NULL,NULL,'63180070','1','Kacjan',NULL,NULL,NULL,NULL,NULL,NULL,'1000468','75'),('73',NULL,'luka.polec582226_fake@gmail.com',NULL,'-','Luka',NULL,NULL,'63180071','1','Polec',NULL,NULL,NULL,NULL,NULL,NULL,'1000468','76'),('74',NULL,'luka.bojc22339_fake@gmail.com',NULL,'-','Luka',NULL,NULL,'63180072','1','Bojc',NULL,NULL,NULL,NULL,NULL,NULL,'1000468','77'),('75',NULL,'nejc.bavec255_fake@gmail.com',NULL,'-','Nejc',NULL,NULL,'63180073','1','Bavec',NULL,NULL,NULL,NULL,NULL,NULL,'1000468','78'),('76',NULL,'nejc.baraga42342_fake@gmail.com',NULL,'-','Nejc',NULL,NULL,'63180074','1','Baraga',NULL,NULL,NULL,NULL,NULL,NULL,'1000468','79'),('77',NULL,'nejc.ivanc792216_fake@gmail.com',NULL,'-','Nejc',NULL,NULL,'63180075','1','Ivanc',NULL,NULL,NULL,NULL,NULL,NULL,'1000468','80'),('78',NULL,'nejc.ankel10671_fake@gmail.com',NULL,'-','Nejc',NULL,NULL,'63180076','1','Ankel',NULL,NULL,NULL,NULL,NULL,NULL,'1000468','81'),('79',NULL,'milan.destovnik885011_fake@gmail.com',NULL,'-','Milan',NULL,NULL,'63180077','1','Destovnik',NULL,NULL,NULL,NULL,NULL,NULL,'1000468','82'),('80',NULL,'milan.kacjan626621_fake@gmail.com',NULL,'-','Milan',NULL,NULL,'63180078','1','Kacjan',NULL,NULL,NULL,NULL,NULL,NULL,'1000468','83'),('81',NULL,'milan.fabinc567314_fake@gmail.com',NULL,'-','Milan',NULL,NULL,'63180079','1','Fabinc',NULL,NULL,NULL,NULL,NULL,NULL,'1000468','84'),('82',NULL,'milan.bojc2149_fake@gmail.com',NULL,'-','Milan',NULL,NULL,'63180080','1','Bojc',NULL,NULL,NULL,NULL,NULL,NULL,'1000468','85'),('83',NULL,'nik.peternel108425_fake@gmail.com',NULL,'-','Nik',NULL,NULL,'63180081','1','Peternel',NULL,NULL,NULL,NULL,NULL,NULL,'1000468','86'),('84',NULL,'nik.avbelj37856_fake@gmail.com',NULL,'-','Nik',NULL,NULL,'63180082','1','Avbelj',NULL,NULL,NULL,NULL,NULL,NULL,'1000468','87'),('85',NULL,'nik.abram62190_fake@gmail.com',NULL,'-','Nik',NULL,NULL,'63180083','1','Abram',NULL,NULL,NULL,NULL,NULL,NULL,'1000468','88'),('86',NULL,'nik.abram74760_fake@gmail.com',NULL,'-','Nik',NULL,NULL,'63180084','1','Abram',NULL,NULL,NULL,NULL,NULL,NULL,'1000468','89'),('87',NULL,'nina.bavec29065_fake@gmail.com',NULL,'-','Nina',NULL,NULL,'63180085','1','Bavec',NULL,NULL,NULL,NULL,NULL,NULL,'1000468','90'),('88',NULL,'nina.destovnik183611_fake@gmail.com',NULL,'-','Nina',NULL,NULL,'63180086','1','Destovnik',NULL,NULL,NULL,NULL,NULL,NULL,'1000468','91'),('89',NULL,'nina.jurgec42922_fake@gmail.com',NULL,'-','Nina',NULL,NULL,'63180087','1','Jurgec',NULL,NULL,NULL,NULL,NULL,NULL,'1000468','92'),('90',NULL,'nina.peternel276125_fake@gmail.com',NULL,'-','Nina',NULL,NULL,'63180088','1','Peternel',NULL,NULL,NULL,NULL,NULL,NULL,'1000468','93'),('91',NULL,'tom.kacjan893521_fake@gmail.com',NULL,'-','Tom',NULL,NULL,'63180089','1','Kacjan',NULL,NULL,NULL,NULL,NULL,NULL,'1000468','94'),('92',NULL,'tom.jeras664620_fake@gmail.com',NULL,'-','Tom',NULL,NULL,'63180090','1','Jeras',NULL,NULL,NULL,NULL,NULL,NULL,'1000468','95'),('93',NULL,'tom.fernc1413_fake@gmail.com',NULL,'-','Tom',NULL,NULL,'63180091','1','Fernc',NULL,NULL,NULL,NULL,NULL,NULL,'1000468','96'),('94',NULL,'tom.dekleva880910_fake@gmail.com',NULL,'-','Tom',NULL,NULL,'63180092','1','Dekleva',NULL,NULL,NULL,NULL,NULL,NULL,'1000468','97'),('12','1996-02-10','rberdnik.fake@gmail.com','1002996505169','Ž','Rok','123456789','Nekje daleč stran','63180009','1','Berdnik','12345678','6','7','705','705','1','1000468','15'),('95',NULL,'sara.bavcar.fake@gmail.com',NULL,'-','Sara',NULL,NULL,'63180100','1','Bavčar',NULL,NULL,NULL,NULL,NULL,NULL,'1000468','105'),('96',NULL,'robert.bogataj.fake@gmail.com',NULL,'-','Robert',NULL,NULL,'63180101','1','Bogataj',NULL,NULL,NULL,NULL,NULL,NULL,'1000468','106'),('97',NULL,'tjasa.globokar.fake@gmail.com',NULL,'-','Tjaša',NULL,NULL,'63180102','1','Globokar',NULL,NULL,NULL,NULL,NULL,NULL,'1000468','107'),('98',NULL,'domen.kalan.fake@gmail.com',NULL,'-','Domen',NULL,NULL,'63180103','1','Kalan',NULL,NULL,NULL,NULL,NULL,NULL,'1000468','108'),('99',NULL,'zan.robas.fake@gmail.com',NULL,'-','Žan',NULL,NULL,'63180104','1','Robas',NULL,NULL,NULL,NULL,NULL,NULL,'1000468','109'),('100',NULL,'nejc.zavrsnik.fake@gmail.com',NULL,'-','Nejc',NULL,NULL,'63180105','1','Završnik',NULL,NULL,NULL,NULL,NULL,NULL,'1000468','110'),('101',NULL,'jan.avsenik.fake@gmail.com',NULL,'-','Jan',NULL,NULL,'63180119','1','Avsenik',NULL,NULL,NULL,NULL,NULL,NULL,'1000468','111'),('102',NULL,'rok.cerar.fake@gmail.com',NULL,'-','Rok',NULL,NULL,'63180120','1','Cerar',NULL,NULL,NULL,NULL,NULL,NULL,'1000468','112'),('103',NULL,'lara.demsar.fake@gmail.com',NULL,'-','Lara',NULL,NULL,'63180121','1','Demšar',NULL,NULL,NULL,NULL,NULL,NULL,'1000468','113'),('104',NULL,'iztok.fabiani.fake@gmail.com',NULL,'-','Iztok',NULL,NULL,'63180122','1','Fabiani',NULL,NULL,NULL,NULL,NULL,NULL,'1000468','114'),('105',NULL,'luka.flander.fake@gmail.com',NULL,'-','Luka',NULL,NULL,'63180123','1','Flander',NULL,NULL,NULL,NULL,NULL,NULL,'1000468','115'),('106',NULL,'zoran.hafner.fake@gmail.com',NULL,'-','Zoran',NULL,NULL,'63180124','1','Hafner',NULL,NULL,NULL,NULL,NULL,NULL,'1000468','116'),('107',NULL,'nina.jaklic.fake@gmail.com',NULL,'-','Nina',NULL,NULL,'63180125','1','Jaklič',NULL,NULL,NULL,NULL,NULL,NULL,'1000468','117'),('108',NULL,'ziva.jarc.fake@gmail.com',NULL,'-','Živa',NULL,NULL,'63180126','1','Jarc',NULL,NULL,NULL,NULL,NULL,NULL,'1000468','118'),('109','2000-01-14','joze.rop.fake@gmail.com','1401000500125','-','Jože','0777717653','Ljubljana','63180148','1','Rop','23456789','8',NULL,'705','705','61','1000468','119'),('110','2000-01-14','nika.bartol.fake@gmail.com','1401000505011','-','Nika','0277317653','Ljubljana','63180149','1','Bartol','12345678','9',NULL,'705','705','61','1000468','120'),('111','2000-01-14','marko.birsa.fake@gmail.com','1401000501121','-','Marko','0275517699','Ljubljana','63180150','1','Birsa','98765432','10',NULL,'705','705','61','1000468','121');
INSERT INTO enrolment (id,confirmed,year,id_study_form,id_study_kind,id_klasius_srv,id_student,id_study_program,id_study_year,id_study_type) VALUES ('1','true','1','1','1','16204','1','1000468','5','1'),('2','true','1','1','1','16204','3','1000468','2','1'),('3','true','2','1','1','16204','4','1000468','2','1'),('4','true','2','1','1','16204','3','1000468','5','2'),('5','true','1','1','1','16204','4','1000468','4','1'),('6','true','2','1','1','16204','4','1000468','5','1'),('7','true','1','1','1','16204','6','1000468','3','1'),('8','true','2','1','1','16204','6','1000468','4','1'),('9','true','3','1','1','16204','6','1000468','5','1'),('10','true','1','1','1','16204','7','1000468','3','1'),('11','true','1','1','1','16204','7','1000468','4','2'),('13','true','1','1','1','16204','8','1000468','4','1'),('14','true','2','1','1','16204','8','1000468','5','1'),('15','true','1','1','1','16204','9','1000468','4','1'),('16','true','2','1','1','16204','9','1000468','5','1'),('17','true','1','1','1','16204','10','1000468','3','1'),('18','true','2','1','1','16204','10','1000468','4','1'),('19','true','2','1','1','16204','10','1000468','5','2'),('20','true','1','1','1','16204','11','1000468','2','1'),('21','true','2','1','1','16204','11','1000468','3','1'),('22','true','3','1','1','16204','11','1000468','4','1'),('23','true','3','1','1','16204','11','1000468','5','1'),('24','true','1','1','1','16204','12','1000468','4','1'),('25','true','1','1','1','16204','13','1000468','3','1'),('26','true','1','1','1','16204','13','1000468','4','2'),('27','true','2','1','1','16204','13','1000468','5','1'),('28','true','1','1','1','16204','14','1000468','4','1'),('29','true','1','1','1','16204','14','1000468','5','2'),('30','true','1','1','1','16204','15','1000468','2','1'),('31','true','2','1','1','16204','15','1000468','3','1'),('32','true','2','1','1','16204','15','1000468','4','2'),('33','true','3','1','1','16204','15','1000468','5','1'),('35','true','1','1','1','16204','16','1000468','3','1'),('36','true','2','1','1','16204','16','1000468','4','1'),('37','true','3','1','1','16204','16','1000468','5','1'),('38','true','1','1','1','16204','17','1000468','3','1'),('39','true','2','1','1','16204','17','1000468','4','1'),('40','true','3','1','1','16204','17','1000468','5','1'),('41','true','1','1','1','16204','18','1000468','3','1'),('42','true','2','1','1','16204','18','1000468','4','1'),('43','true','3','1','1','16204','18','1000468','5','1'),('44','true','1','1','1','16204','19','1000468','3','1'),('45','true','2','1','1','16204','19','1000468','4','1'),('46','true','3','1','1','16204','19','1000468','5','1'),('47','true','1','1','1','16204','20','1000468','3','1'),('48','true','2','1','1','16204','20','1000468','4','1'),('49','true','3','1','1','16204','20','1000468','5','1'),('50','true','1','1','1','16204','21','1000468','3','1'),('51','true','2','1','1','16204','21','1000468','4','1'),('52','true','3','1','1','16204','21','1000468','5','1'),('53','true','1','1','1','16204','22','1000468','3','1'),('54','true','2','1','1','16204','22','1000468','4','1'),('55','true','3','1','1','16204','22','1000468','5','1'),('56','true','1','1','1','16204','23','1000468','3','1'),('57','true','2','1','1','16204','23','1000468','4','1'),('58','true','3','1','1','16204','23','1000468','5','1'),('59','true','1','1','1','16204','24','1000468','3','1'),('60','true','2','1','1','16204','24','1000468','4','1'),('61','true','3','1','1','16204','24','1000468','5','1'),('62','true','1','1','1','16204','25','1000468','3','1'),('63','true','2','1','1','16204','25','1000468','4','1'),('64','true','3','1','1','16204','25','1000468','5','1'),('65','true','1','1','1','16204','26','1000468','2','1'),('300','true','2','1','1','16204','26','1000468','3','1'),('66','true','2','1','1','16204','26','1000468','4','1'),('67','true','3','1','1','16204','26','1000468','5','1'),('68','true','1','1','1','16204','27','1000468','3','1'),('69','true','2','1','1','16204','27','1000468','4','1'),('70','true','3','1','1','16204','27','1000468','5','1'),('71','true','1','1','1','16204','28','1000468','3','1'),('72','true','2','1','1','16204','28','1000468','4','1'),('73','true','3','1','1','16204','28','1000468','5','1'),('74','true','1','1','1','16204','29','1000468','3','1'),('75','true','2','1','1','16204','29','1000468','4','1'),('76','true','3','1','1','16204','29','1000468','5','1'),('77','true','1','1','1','16204','30','1000468','3','1'),('78','true','2','1','1','16204','30','1000468','4','1'),('79','true','3','1','1','16204','30','1000468','5','1'),('80','true','1','1','1','16204','31','1000468','3','1'),('81','true','2','1','1','16204','31','1000468','4','1'),('82','true','3','1','1','16204','31','1000468','5','1'),('83','true','1','1','1','16204','32','1000468','3','1'),('84','true','2','1','1','16204','32','1000468','4','1'),('85','true','3','1','1','16204','32','1000468','5','1'),('86','true','1','1','1','16204','33','1000468','3','1'),('87','true','2','1','1','16204','33','1000468','4','1'),('88','true','3','1','1','16204','33','1000468','5','1'),('89','true','1','1','1','16204','34','1000468','3','1'),('90','true','2','1','1','16204','34','1000468','4','1'),('91','true','3','1','1','16204','34','1000468','5','1'),('92','true','1','1','1','16204','35','1000468','3','1'),('93','true','2','1','1','16204','35','1000468','4','1'),('94','true','3','1','1','16204','35','1000468','5','1'),('95','true','1','1','1','16204','36','1000468','3','1'),('96','true','2','1','1','16204','36','1000468','4','1'),('97','true','3','1','1','16204','36','1000468','5','1'),('98','true','1','1','1','16204','37','1000468','3','1'),('99','true','2','1','1','16204','37','1000468','4','1'),('100','true','3','1','1','16204','37','1000468','5','1'),('101','true','1','1','1','16204','38','1000468','3','1'),('102','true','2','1','1','16204','38','1000468','4','1'),('103','true','3','1','1','16204','38','1000468','5','1'),('104','true','1','1','1','16204','39','1000468','3','1'),('105','true','2','1','1','16204','39','1000468','4','1'),('106','true','3','1','1','16204','39','1000468','5','1'),('107','true','1','1','1','16204','40','1000468','3','1'),('108','true','2','1','1','16204','40','1000468','4','1'),('109','true','3','1','1','16204','40','1000468','5','1'),('110','true','1','1','1','16204','41','1000468','3','1'),('111','true','2','1','1','16204','41','1000468','4','1'),('112','true','3','1','1','16204','41','1000468','5','1'),('113','true','1','1','1','16204','42','1000468','3','1'),('114','true','2','1','1','16204','42','1000468','4','1'),('115','true','3','1','1','16204','42','1000468','5','1'),('116','true','1','1','1','16204','43','1000468','3','1'),('117','true','2','1','1','16204','43','1000468','4','1'),('118','true','3','1','1','16204','43','1000468','5','1'),('119','true','1','1','1','16204','44','1000468','3','1'),('120','true','2','1','1','16204','44','1000468','4','1'),('121','true','3','1','1','16204','44','1000468','5','1'),('122','true','1','1','1','16204','45','1000468','3','1'),('123','true','2','1','1','16204','45','1000468','4','1'),('124','true','3','1','1','16204','45','1000468','5','1'),('125','true','1','1','1','16204','46','1000468','3','1'),('126','true','2','1','1','16204','46','1000468','4','1'),('127','true','3','1','1','16204','46','1000468','5','1'),('128','true','1','1','1','16204','47','1000468','3','1'),('129','true','2','1','1','16204','47','1000468','4','1'),('130','true','3','1','1','16204','47','1000468','5','1'),('131','true','1','1','1','16204','48','1000468','3','1'),('132','true','2','1','1','16204','48','1000468','4','1'),('133','true','3','1','1','16204','48','1000468','5','1'),('134','true','1','1','1','16204','49','1000468','3','1'),('135','true','2','1','1','16204','49','1000468','4','1'),('136','true','3','1','1','16204','49','1000468','5','1'),('137','true','1','1','1','16204','50','1000468','3','1'),('138','true','2','1','1','16204','50','1000468','4','1'),('139','true','3','1','1','16204','50','1000468','5','1'),('140','true','1','1','1','16204','51','1000468','3','1'),('141','true','2','1','1','16204','51','1000468','4','1'),('142','true','3','1','1','16204','51','1000468','5','1'),('143','true','1','1','1','16204','52','1000468','3','1'),('144','true','2','1','1','16204','52','1000468','4','1'),('145','true','3','1','1','16204','52','1000468','5','1'),('146','true','1','1','1','16204','53','1000468','3','1'),('147','true','2','1','1','16204','53','1000468','4','1'),('148','true','3','1','1','16204','53','1000468','5','1'),('149','true','1','1','1','16204','54','1000468','3','1'),('150','true','2','1','1','16204','54','1000468','4','1'),('151','true','3','1','1','16204','54','1000468','5','1'),('152','true','1','1','1','16204','55','1000468','3','1'),('153','true','2','1','1','16204','55','1000468','4','1'),('154','true','3','1','1','16204','55','1000468','5','1'),('155','true','1','1','1','16204','56','1000468','3','1'),('156','true','2','1','1','16204','56','1000468','4','1'),('157','true','3','1','1','16204','56','1000468','5','1'),('158','true','1','1','1','16204','57','1000468','3','1'),('159','true','2','1','1','16204','57','1000468','4','1'),('160','true','3','1','1','16204','57','1000468','5','1'),('161','true','1','1','1','16204','58','1000468','3','1'),('162','true','2','1','1','16204','58','1000468','4','1'),('163','true','3','1','1','16204','58','1000468','5','1'),('164','true','1','1','1','16204','59','1000468','3','1'),('165','true','2','1','1','16204','59','1000468','4','1'),('166','true','3','1','1','16204','59','1000468','5','1'),('167','true','1','1','1','16204','60','1000468','3','1'),('168','true','2','1','1','16204','60','1000468','4','1'),('169','true','3','1','1','16204','60','1000468','5','1'),('170','true','1','1','1','16204','61','1000468','3','1'),('171','true','2','1','1','16204','61','1000468','4','1'),('172','true','3','1','1','16204','61','1000468','5','1'),('173','true','1','1','1','16204','62','1000468','3','1'),('174','true','2','1','1','16204','62','1000468','4','1'),('175','true','3','1','1','16204','62','1000468','5','1'),('176','true','1','1','1','16204','63','1000468','3','1'),('177','true','2','1','1','16204','63','1000468','4','1'),('178','true','3','1','1','16204','63','1000468','5','1'),('179','true','1','1','1','16204','64','1000468','3','1'),('180','true','2','1','1','16204','64','1000468','4','1'),('181','true','3','1','1','16204','64','1000468','5','1'),('182','true','1','1','1','16204','65','1000468','3','1'),('183','true','2','1','1','16204','65','1000468','4','1'),('184','true','3','1','1','16204','65','1000468','5','1'),('185','true','1','1','1','16204','66','1000468','3','1'),('186','true','2','1','1','16204','66','1000468','4','1'),('187','true','3','1','1','16204','66','1000468','5','1'),('188','true','1','1','1','16204','67','1000468','3','1'),('189','true','2','1','1','16204','67','1000468','4','1'),('190','true','3','1','1','16204','67','1000468','5','1'),('191','true','1','1','1','16204','68','1000468','3','1'),('192','true','2','1','1','16204','68','1000468','4','1'),('193','true','3','1','1','16204','68','1000468','5','1'),('194','true','1','1','1','16204','69','1000468','3','1'),('195','true','2','1','1','16204','69','1000468','4','1'),('196','true','3','1','1','16204','69','1000468','5','1'),('197','true','1','1','1','16204','70','1000468','3','1'),('198','true','2','1','1','16204','70','1000468','4','1'),('199','true','3','1','1','16204','70','1000468','5','1'),('200','true','1','1','1','16204','71','1000468','3','1'),('201','true','2','1','1','16204','71','1000468','4','1'),('202','true','3','1','1','16204','71','1000468','5','1'),('203','true','1','1','1','16204','72','1000468','3','1'),('204','true','2','1','1','16204','72','1000468','4','1'),('205','true','3','1','1','16204','72','1000468','5','1'),('206','true','1','1','1','16204','73','1000468','3','1'),('207','true','2','1','1','16204','73','1000468','4','1'),('208','true','3','1','1','16204','73','1000468','5','1'),('209','true','1','1','1','16204','74','1000468','3','1'),('210','true','2','1','1','16204','74','1000468','4','1'),('211','true','3','1','1','16204','74','1000468','5','1'),('212','true','1','1','1','16204','75','1000468','3','1'),('213','true','2','1','1','16204','75','1000468','4','1'),('214','true','3','1','1','16204','75','1000468','5','1'),('215','true','1','1','1','16204','76','1000468','3','1'),('216','true','2','1','1','16204','76','1000468','4','1'),('217','true','3','1','1','16204','76','1000468','5','1'),('218','true','1','1','1','16204','77','1000468','3','1'),('219','true','2','1','1','16204','77','1000468','4','1'),('220','true','3','1','1','16204','77','1000468','5','1'),('221','true','1','1','1','16204','78','1000468','3','1'),('222','true','2','1','1','16204','78','1000468','4','1'),('223','true','3','1','1','16204','78','1000468','5','1'),('224','true','1','1','1','16204','79','1000468','3','1'),('225','true','2','1','1','16204','79','1000468','4','1'),('226','true','3','1','1','16204','79','1000468','5','1'),('227','true','1','1','1','16204','80','1000468','3','1'),('228','true','2','1','1','16204','80','1000468','4','1'),('229','true','3','1','1','16204','80','1000468','5','1'),('230','true','1','1','1','16204','81','1000468','3','1'),('231','true','2','1','1','16204','81','1000468','4','1'),('232','true','3','1','1','16204','81','1000468','5','1'),('233','true','1','1','1','16204','82','1000468','3','1'),('234','true','2','1','1','16204','82','1000468','4','1'),('235','true','3','1','1','16204','82','1000468','5','1'),('236','true','1','1','1','16204','83','1000468','3','1'),('237','true','2','1','1','16204','83','1000468','4','1'),('238','true','3','1','1','16204','83','1000468','5','1'),('239','true','1','1','1','16204','84','1000468','3','1'),('240','true','2','1','1','16204','84','1000468','4','1'),('241','true','3','1','1','16204','84','1000468','5','1'),('242','true','1','1','1','16204','85','1000468','3','1'),('243','true','2','1','1','16204','85','1000468','4','1'),('244','true','3','1','1','16204','85','1000468','5','1'),('245','true','1','1','1','16204','86','1000468','3','1'),('246','true','2','1','1','16204','86','1000468','4','1'),('247','true','3','1','1','16204','86','1000468','5','1'),('248','true','1','1','1','16204','87','1000468','3','1'),('249','true','2','1','1','16204','87','1000468','4','1'),('250','true','3','1','1','16204','87','1000468','5','1'),('251','true','1','1','1','16204','88','1000468','3','1'),('252','true','2','1','1','16204','88','1000468','4','1'),('253','true','3','1','1','16204','88','1000468','5','1'),('254','true','1','1','1','16204','89','1000468','3','1'),('255','true','2','1','1','16204','89','1000468','4','1'),('256','true','3','1','1','16204','89','1000468','5','1'),('257','true','1','1','1','16204','90','1000468','3','1'),('258','true','2','1','1','16204','90','1000468','4','1'),('259','true','3','1','1','16204','90','1000468','5','1'),('260','true','1','1','1','16204','91','1000468','3','1'),('261','true','2','1','1','16204','91','1000468','4','1'),('262','true','3','1','1','16204','91','1000468','5','1'),('263','true','1','1','1','16204','92','1000468','3','1'),('264','true','2','1','1','16204','92','1000468','4','1'),('265','true','3','1','1','16204','92','1000468','5','1'),('266','true','1','1','1','16204','93','1000468','3','1'),('267','true','2','1','1','16204','93','1000468','4','1'),('268','true','3','1','1','16204','93','1000468','5','1'),('269','true','1','1','1','16204','94','1000468','3','1'),('270','true','2','1','1','16204','94','1000468','4','1'),('271','true','3','1','1','16204','94','1000468','5','1'),('272','true','1','1','1','16203','12','1000470','5','1'),('400','true','1','1','1','16204','95','1000468','4','1'),('401','true','2','1','1','16204','95','1000468','5','1'),('402','true','1','1','1','16204','96','1000468','4','1'),('403','true','2','1','1','16204','96','1000468','5','1'),('404','true','1','1','1','16204','97','1000468','4','1'),('405','true','2','1','1','16204','97','1000468','5','1'),('406','true','1','1','1','16204','98','1000468','4','1'),('407','true','2','1','1','16204','98','1000468','5','1'),('408','true','1','1','1','16204','99','1000468','4','1'),('409','true','2','1','1','16204','99','1000468','5','1'),('410','true','1','1','1','16204','100','1000468','4','1'),('411','true','2','1','1','16204','100','1000468','5','1'),('412','true','1','1','1','16204','101','1000468','4','1'),('413','true','2','1','1','16204','101','1000468','5','1'),('414','true','1','1','1','16204','102','1000468','4','1'),('415','true','2','1','1','16204','102','1000468','5','1'),('416','true','1','1','1','16204','103','1000468','5','1'),('417','true','1','1','1','16204','104','1000468','5','1'),('418','true','1','1','1','16204','105','1000468','5','1'),('419','true','1','1','1','16204','106','1000468','5','1'),('420','true','1','1','1','16204','107','1000468','5','1'),('421','true','1','1','1','16204','108','1000468','5','1'),('450','true','1','1','1','16204','109','1000468','4','1'),('451','true','1','1','1','16204','110','1000468','3','1'),('452','true','2','1','1','16204','110','1000468','4','1'),('453','true','1','1','1','16204','111','1000468','3','1'),('454','true','2','1','1','16204','111','1000468','4','1');
INSERT INTO student_courses (id_student_courses,grade,id_course,id_enrolment) VALUES ('1',NULL,'63212','1'),('2','6','63205','1'),('3',NULL,'63203','1'),('4','8','63204','1'),('5',NULL,'63209','1'),('6',NULL,'63207','1'),('7','5','63277','1'),('8',NULL,'63278','1'),('9',NULL,'63215','1'),('10','5','63202','1'),('11',NULL,'63212','2'),('12',NULL,'63205','2'),('13',NULL,'63203','2'),('14',NULL,'63204','2'),('15',NULL,'63209','2'),('16',NULL,'63207','2'),('17',NULL,'63277','2'),('18',NULL,'63278','2'),('19',NULL,'63215','2'),('20',NULL,'63202','2'),('21',NULL,'63213','3'),('22',NULL,'63279','3'),('23',NULL,'63280','3'),('24',NULL,'63208','3'),('25',NULL,'63217','3'),('26',NULL,'63517','3'),('27',NULL,'63216','3'),('28',NULL,'63218','3'),('29',NULL,'63220','3'),('30',NULL,'63219','3'),('31',NULL,'63213','4'),('32',NULL,'63517','4'),('33',NULL,'63280','4'),('34',NULL,'63212','5'),('35',NULL,'63205','5'),('36',NULL,'63203','5'),('37',NULL,'63204','5'),('38',NULL,'63209','5'),('39',NULL,'63207','5'),('40',NULL,'63277','5'),('41',NULL,'63278','5'),('42',NULL,'63215','5'),('43',NULL,'63213','6'),('44',NULL,'63279','6'),('45',NULL,'63280','6'),('46',NULL,'63208','6'),('47',NULL,'63217','6'),('48',NULL,'63517','6'),('49',NULL,'63216','6'),('50',NULL,'63218','6'),('51',NULL,'63220','6'),('52',NULL,'63219','6'),('53','8','63212','7'),('54','7','63205','7'),('55','7','63203','7'),('56','10','63204','7'),('57','6','63209','7'),('58','9','63207','7'),('59','9','63277','7'),('60','8','63278','7'),('61','10','63215','7'),('62','8','63202','7'),('63','6','63213','8'),('64','10','63279','8'),('65','9','63280','8'),('66','9','63208','8'),('67','9','63217','8'),('68','7','63517','8'),('69','10','63216','8'),('70','10','63218','8'),('71','10','63220','8'),('72','8','63219','8'),('73',NULL,'63214','9'),('74',NULL,'63281','9'),('75',NULL,'63248','9'),('76',NULL,'63268','9'),('77',NULL,'63266','9'),('78',NULL,'63267','9'),('79',NULL,'63255','9'),('80','10','63254','9'),('81',NULL,'63256','9'),('82',NULL,'63251','9'),('83','6','63212','10'),('84','5','63205','10'),('85','5','63203','10'),('86','6','63204','10'),('87','5','63209','10'),('88','6','63207','10'),('89','6','63277','10'),('90','7','63278','10'),('91','6','63215','10'),('92','5','63202','10'),('93','5','63205','11'),('94','6','63203','11'),('95','6','63202','11'),('96','6','63209','11'),('99','10','63212','13'),('100','5','63205','13'),('101','8','63203','13'),('102','6','63204','13'),('103','10','63209','13'),('104','7','63207','13'),('105','8','63277','13'),('106','9','63278','13'),('107','6','63215','13'),('108','7','63202','13'),('109',NULL,'63213','14'),('110',NULL,'63279','14'),('111','8','63280','14'),('112',NULL,'63208','14'),('113',NULL,'63217','14'),('114',NULL,'63517','14'),('115',NULL,'63216','14'),('116',NULL,'63218','14'),('117',NULL,'63220','14'),('118',NULL,'63219','14'),('119','10','63212','15'),('120','9','63205','15'),('121','10','63203','15'),('122','10','63204','15'),('123','10','63209','15'),('124','10','63207','15'),('125','10','63277','15'),('126','10','63278','15'),('127','9','63215','15'),('128','10','63202','15'),('129','5','63213','16'),('130','10','63279','16'),('131',NULL,'63280','16'),('132',NULL,'63208','16'),('133',NULL,'63217','16'),('134',NULL,'63517','16'),('135',NULL,'63216','16'),('136',NULL,'63218','16'),('137',NULL,'63220','16'),('138',NULL,'63219','16'),('139','8','63212','17'),('140','6','63205','17'),('141','7','63203','17'),('142','6','63204','17'),('143','8','63209','17'),('144','7','63207','17'),('145','8','63277','17'),('146','6','63278','17'),('147','8','63215','17'),('148','7','63202','17'),('149','5','63213','18'),('150','5','63279','18'),('151','5','63280','18'),('152','9','63208','18'),('153','8','63217','18'),('154','5','63517','18'),('155','10','63216','18'),('156','8','63218','18'),('157','6','63220','18'),('158','6','63219','18'),('159',NULL,'63517','19'),('160',NULL,'63279','19'),('161',NULL,'63280','19'),('162',NULL,'63213','19'),('163',NULL,'63214','19'),('164',NULL,'63212','20'),('165',NULL,'63205','20'),('166',NULL,'63203','20'),('167',NULL,'63204','20'),('168',NULL,'63209','20'),('169',NULL,'63207','20'),('170',NULL,'63277','20'),('171',NULL,'63278','20'),('172',NULL,'63215','20'),('173',NULL,'63202','20'),('174','8','63213','21'),('175','8','63279','21'),('176','10','63280','21'),('177','9','63208','21'),('178','10','63217','21'),('179','9','63517','21'),('180','10','63216','21'),('181','9','63218','21'),('182','9','63220','21'),('183','9','63219','21'),('184',NULL,'63214','22'),('185',NULL,'63281','22'),('186',NULL,'63248','22'),('187',NULL,'63268','22'),('188',NULL,'63266','22'),('189',NULL,'63267','22'),('190',NULL,'63255','22'),('191',NULL,'63254','22'),('192',NULL,'63256','22'),('193',NULL,'63251','22'),('194',NULL,'63707','272'),('195',NULL,'63701','272'),('196',NULL,'63705','272'),('197','6','63212','24'),('198','6','63205','24'),('199','7','63203','24'),('200','6','63204','24'),('201','5','63209','24'),('202','5','63207','24'),('203','5','63277','24'),('204','5','63278','24'),('205','5','63215','24'),('206','5','63202','24'),('207',NULL,'63212','25'),('208',NULL,'63205','25'),('209',NULL,'63203','25'),('210',NULL,'63204','25'),('211',NULL,'63209','25'),('212',NULL,'63207','25'),('213',NULL,'63277','25'),('214',NULL,'63278','25'),('215',NULL,'63215','25'),('216',NULL,'63202','25'),('217',NULL,'63205','26'),('218',NULL,'63203','26'),('219',NULL,'63202','26'),('220',NULL,'63209','26'),('221',NULL,'63218','26'),('222',NULL,'63213','27'),('223',NULL,'63279','27'),('224',NULL,'63280','27'),('225',NULL,'63208','27'),('226',NULL,'63217','27'),('227',NULL,'63517','27'),('228',NULL,'63216','27'),('229',NULL,'63218','27'),('230',NULL,'63220','27'),('231',NULL,'63219','27'),('232',NULL,'63212','28'),('233',NULL,'63205','28'),('234',NULL,'63203','28'),('235',NULL,'63204','28'),('236',NULL,'63209','28'),('237',NULL,'63207','28'),('238',NULL,'63277','28'),('239',NULL,'63278','28'),('240',NULL,'63215','28'),('241',NULL,'63202','28'),('247','8','63212','30'),('248','7','63205','30'),('249','8','63203','30'),('250','7','63204','30'),('251','7','63209','30'),('252','8','63207','30'),('253','7','63277','30'),('254','6','63278','30'),('255','6','63215','30'),('256','6','63202','30'),('257','5','63213','31'),('258','5','63279','31'),('259','5','63280','31'),('260','9','63208','31'),('261','10','63217','31'),('262','5','63517','31'),('263','10','63216','31'),('264','9','63218','31'),('265','9','63220','31'),('266','9','63219','31'),('267','6','63517','32'),('268','6','63279','32'),('269','7','63280','32'),('270','5','63213','32'),('271','7','63214','32'),('272',NULL,'63213','33'),('273',NULL,'63205','14'),('274','6','63209','35'),('275','6','63207','35'),('276','8','63212','35'),('277','9','63204','35'),('278','6','63277','35'),('279','6','63215','35'),('280','6','63205','35'),('281','8','63278','35'),('282','7','63203','35'),('283','8','63202','35'),('284','8','63217','36'),('285','9','63216','36'),('286','7','63280','36'),('287','9','63208','36'),('288','7','63218','36'),('289','7','63517','36'),('290','6','63221','36'),('291','6','63213','36'),('292','7','63279','36'),('293','7','63220','36'),('294',NULL,'63281','37'),('295',NULL,'63263','37'),('296',NULL,'63214','37'),('297',NULL,'63251','37'),('298',NULL,'63269','37'),('299',NULL,'63264','37'),('300',NULL,'63265','37'),('301',NULL,'63271','37'),('302',NULL,'63248','37'),('303',NULL,'63270','37'),('304','6','63215','38'),('305','6','63277','38'),('306','8','63212','38'),('307','9','63278','38'),('308','7','63202','38'),('309','6','63203','38'),('310','7','63204','38'),('311','6','63207','38'),('312','7','63205','38'),('313','9','63209','38'),('314','6','63280','39'),('315','9','63219','39'),('316','8','63213','39'),('317','8','63216','39'),('318','9','63279','39'),('319','7','63517','39'),('320','8','63217','39'),('321','8','63220','39'),('322','6','63208','39'),('323','8','63218','39'),('324',NULL,'63248','40'),('325',NULL,'63268','40'),('326',NULL,'63266','40'),('327',NULL,'63262','40'),('328',NULL,'63267','40'),('329',NULL,'63214','40'),('330',NULL,'63260','40'),('331',NULL,'63281','40'),('332',NULL,'63261','40'),('333',NULL,'63249','40'),('334','7','63278','41'),('335','7','63204','41'),('336','9','63277','41'),('337','8','63205','41'),('338','9','63209','41'),('339','8','63212','41'),('340','8','63207','41'),('341','6','63203','41'),('342','6','63202','41'),('343','6','63215','41'),('344','6','63279','42'),('345','7','63517','42'),('346','9','63218','42'),('347','7','63213','42'),('348','7','63220','42'),('349','6','63280','42'),('350','9','63216','42'),('351','6','63217','42'),('352','7','63208','42'),('353','7','63219','42'),('354',NULL,'63267','43'),('355',NULL,'63264','43'),('356',NULL,'63258','43'),('357',NULL,'63268','43'),('358',NULL,'63266','43'),('359',NULL,'63263','43'),('360',NULL,'63265','43'),('361',NULL,'63281','43'),('362',NULL,'63214','43'),('363',NULL,'63248','43'),('364','7','63212','44'),('365','7','63202','44'),('366','8','63278','44'),('367','8','63277','44'),('368','7','63203','44'),('369','7','63209','44'),('370','7','63205','44'),('371','7','63207','44'),('372','6','63215','44'),('373','9','63204','44'),('374','9','63279','45'),('375','6','63213','45'),('376','9','63217','45'),('377','8','63208','45'),('378','6','63220','45'),('379','7','63517','45'),('380','7','63219','45'),('381','7','63216','45'),('382','6','63218','45'),('383','9','63280','45'),('384',NULL,'63248','46'),('385',NULL,'63269','46'),('386',NULL,'63257','46'),('387',NULL,'63281','46'),('388',NULL,'63250','46'),('389',NULL,'63258','46'),('390',NULL,'63249','46'),('391',NULL,'63251','46'),('392',NULL,'63259','46'),('393',NULL,'63214','46'),('394','6','63203','47'),('395','6','63207','47'),('396','9','63212','47'),('397','8','63209','47'),('398','9','63205','47'),('399','6','63278','47'),('400','7','63202','47'),('401','9','63204','47'),('402','8','63215','47'),('403','7','63277','47'),('404','7','63216','48'),('405','8','63217','48'),('406','7','63279','48'),('407','8','63517','48'),('408','9','63280','48'),('409','6','63221','48'),('410','8','63208','48'),('411','7','63219','48'),('412','7','63218','48'),('413','6','63213','48'),('414',NULL,'63268','49'),('415',NULL,'63266','49'),('416',NULL,'63262','49'),('417',NULL,'63267','49'),('418',NULL,'63258','49'),('419',NULL,'63259','49'),('420',NULL,'63214','49'),('421',NULL,'63257','49'),('422',NULL,'63281','49'),('423',NULL,'63248','49'),('424','9','63207','50'),('425','7','63202','50'),('426','9','63215','50'),('427','6','63277','50'),('428','6','63212','50'),('429','8','63204','50'),('430','8','63209','50'),('431','6','63278','50'),('432','6','63203','50'),('433','8','63205','50'),('434','9','63517','51'),('435','9','63218','51'),('436','8','63213','51'),('437','6','63280','51'),('438','9','63217','51'),('439','8','63220','51'),('440','6','63216','51'),('441','9','63208','51'),('442','8','63279','51'),('443','8','63219','51'),('444',NULL,'63261','52'),('445',NULL,'63248','52'),('446',NULL,'63251','52'),('447',NULL,'63255','52'),('448',NULL,'63260','52'),('449',NULL,'63256','52'),('450',NULL,'63262','52'),('451',NULL,'63254','52'),('452',NULL,'63281','52'),('453',NULL,'63214','52'),('454','8','63203','53'),('455','6','63215','53'),('456','9','63209','53'),('457','6','63207','53'),('458','9','63202','53'),('459','9','63205','53'),('460','7','63212','53'),('461','8','63278','53'),('462','7','63204','53'),('463','6','63277','53'),('464','8','63280','54'),('465','8','63213','54'),('466','8','63219','54'),('467','9','63208','54'),('468','7','63217','54'),('469','9','63218','54'),('470','8','63517','54'),('471','8','63216','54'),('472','7','63279','54'),('473','9','63220','54'),('474',NULL,'63266','55'),('475',NULL,'63251','55'),('476',NULL,'63260','55'),('477',NULL,'63267','55'),('478',NULL,'63214','55'),('479',NULL,'63281','55'),('480',NULL,'63262','55'),('481',NULL,'63248','55'),('482',NULL,'63268','55'),('483',NULL,'63261','55'),('484','8','63207','56'),('485','9','63202','56'),('486','7','63278','56'),('487','7','63215','56'),('488','8','63212','56'),('489','9','63277','56'),('490','8','63209','56'),('491','6','63204','56'),('492','8','63205','56'),('493','6','63203','56'),('494','6','63279','57'),('495','7','63280','57'),('496','7','63220','57'),('497','6','63517','57'),('498','7','63217','57'),('499','9','63218','57'),('500','6','63208','57'),('501','8','63221','57'),('502','7','63216','57'),('503','9','63213','57'),('504',NULL,'63281','58'),('505',NULL,'63249','58'),('506',NULL,'63262','58'),('507',NULL,'63251','58'),('508',NULL,'63250','58'),('509',NULL,'63248','58'),('510',NULL,'63214','58'),('511',NULL,'63269','58'),('512',NULL,'63261','58'),('513',NULL,'63260','58'),('514','8','63215','59'),('515','6','63205','59'),('516','6','63278','59'),('517','6','63204','59'),('518','8','63202','59'),('519','8','63212','59'),('520','7','63207','59'),('521','8','63203','59'),('522','8','63209','59'),('523','9','63277','59'),('524','7','63517','60'),('525','6','63280','60'),('526','8','63216','60'),('527','8','63218','60'),('528','7','63208','60'),('529','7','63217','60'),('530','9','63279','60'),('531','7','63221','60'),('532','9','63220','60'),('533','9','63213','60'),('534',NULL,'63258','61'),('535',NULL,'63253','61'),('536',NULL,'63226','61'),('537',NULL,'63268','61'),('538',NULL,'63248','61'),('539',NULL,'63257','61'),('540',NULL,'63259','61'),('541',NULL,'63725','61'),('542',NULL,'63281','61'),('543',NULL,'63214','61'),('544','9','63215','62'),('545','8','63277','62'),('546','9','63203','62'),('547','9','63204','62'),('548','6','63212','62'),('549','7','63205','62'),('550','7','63207','62'),('551','9','63278','62'),('552','8','63202','62'),('553','9','63209','62'),('554','8','63219','63'),('555','8','63213','63'),('556','8','63517','63'),('557','7','63221','63'),('558','8','63218','63'),('559','9','63208','63'),('560','6','63280','63'),('561','8','63279','63'),('562','9','63217','63'),('563','9','63216','63'),('564',NULL,'63262','64'),('565',NULL,'63725','64'),('566',NULL,'63253','64'),('567',NULL,'63281','64'),('568',NULL,'63269','64'),('569',NULL,'63226','64'),('570',NULL,'63248','64'),('571',NULL,'63270','64'),('572',NULL,'63271','64'),('573',NULL,'63214','64'),('574','8','63209','65'),('575','6','63215','65'),('576','6','63278','65'),('577','8','63202','65'),('578','7','63212','65'),('579','9','63205','65'),('580','8','63207','65'),('581','8','63204','65'),('582','8','63277','65'),('583','9','63203','65'),('584','8','63280','66'),('585','8','63517','66'),('586','6','63218','66'),('587','8','63217','66'),('588','7','63208','66'),('589','7','63220','66'),('590','7','63213','66'),('591','7','63279','66'),('592','8','63219','66'),('593','9','63216','66'),('594',NULL,'63267','67'),('595',NULL,'63260','67'),('596',NULL,'63281','67'),('597',NULL,'63262','67'),('598',NULL,'63248','67'),('599',NULL,'63250','67'),('600',NULL,'63249','67'),('601',NULL,'63251','67'),('602',NULL,'63261','67'),('603',NULL,'63214','67'),('604','6','63278','68'),('605','7','63215','68'),('606','8','63277','68'),('607','8','63204','68'),('608','6','63202','68'),('609','7','63203','68'),('610','6','63205','68'),('611','8','63209','68'),('612','7','63212','68'),('613','7','63207','68'),('614','9','63280','69'),('615','9','63213','69'),('616','6','63218','69'),('617','6','63221','69'),('618','7','63208','69'),('619','7','63517','69'),('620','6','63216','69'),('621','6','63279','69'),('622','8','63219','69'),('623','9','63217','69'),('624',NULL,'63251','70'),('625',NULL,'63281','70'),('626',NULL,'63271','70'),('627',NULL,'63249','70'),('628',NULL,'63269','70'),('629',NULL,'63263','70'),('630',NULL,'63248','70'),('631',NULL,'63214','70'),('632',NULL,'63250','70'),('633',NULL,'63270','70'),('634','6','63204','71'),('635','7','63209','71'),('636','8','63212','71'),('637','7','63207','71'),('638','8','63205','71'),('639','9','63203','71'),('640','9','63277','71'),('641','6','63215','71'),('642','6','63278','71'),('643','8','63202','71'),('644','9','63216','72'),('645','9','63279','72'),('646','6','63218','72'),('647','9','63217','72'),('648','8','63208','72'),('649','6','63517','72'),('650','6','63213','72'),('651','7','63219','72'),('652','8','63280','72'),('653','9','63221','72'),('654',NULL,'63261','73'),('655',NULL,'63271','73'),('656',NULL,'63281','73'),('657',NULL,'63214','73'),('658',NULL,'63269','73'),('659',NULL,'63248','73'),('660',NULL,'63270','73'),('661',NULL,'63262','73'),('662',NULL,'63260','73'),('663',NULL,'63268','73'),('664','9','63209','74'),('665','6','63204','74'),('666','6','63277','74'),('667','8','63212','74'),('668','7','63203','74'),('669','7','63207','74'),('670','6','63205','74'),('671','9','63278','74'),('672','8','63202','74'),('673','6','63215','74'),('674','7','63213','75'),('675','9','63218','75'),('676','6','63216','75'),('677','9','63279','75'),('678','8','63280','75'),('679','6','63221','75'),('680','7','63208','75'),('681','6','63220','75'),('682','6','63217','75'),('683','7','63517','75'),('684',NULL,'63248','76'),('685',NULL,'63281','76'),('686',NULL,'63250','76'),('687',NULL,'63264','76'),('688',NULL,'63262','76'),('689',NULL,'63249','76'),('690',NULL,'63260','76'),('691',NULL,'63261','76'),('692',NULL,'63214','76'),('693',NULL,'63251','76'),('694','9','63278','77'),('695','9','63203','77'),('696','9','63209','77'),('697','9','63202','77'),('698','9','63204','77'),('699','6','63212','77'),('700','7','63277','77'),('701','9','63215','77'),('702','7','63207','77'),('703','8','63205','77'),('704','8','63220','78'),('705','8','63279','78'),('706','6','63280','78'),('707','7','63221','78'),('708','8','63517','78'),('709','9','63216','78'),('710','9','63213','78'),('711','9','63217','78'),('712','8','63218','78'),('713','8','63208','78'),('714',NULL,'63250','79'),('715',NULL,'63270','79'),('716',NULL,'63281','79'),('717',NULL,'63251','79'),('718',NULL,'63266','79'),('719',NULL,'63214','79'),('720',NULL,'63267','79'),('721',NULL,'63249','79'),('722',NULL,'63268','79'),('723',NULL,'63248','79'),('724','9','63205','80'),('725','9','63203','80'),('726','9','63207','80'),('727','9','63278','80'),('728','9','63209','80'),('729','9','63277','80'),('730','9','63204','80'),('731','9','63212','80'),('732','9','63215','80'),('733','9','63202','80'),('734','9','63219','81'),('735','9','63280','81'),('736','9','63218','81'),('737','9','63279','81'),('738','9','63517','81'),('739','9','63208','81'),('740','9','63220','81'),('741','9','63217','81'),('742','9','63213','81'),('743','9','63216','81'),('744',NULL,'63261','82'),('745',NULL,'63254','82'),('746',NULL,'63264','82'),('747',NULL,'63256','82'),('748',NULL,'63248','82'),('749',NULL,'63260','82'),('750',NULL,'63266','82'),('751',NULL,'63281','82'),('752',NULL,'63267','82'),('753',NULL,'63214','82'),('754','6','63202','83'),('755','7','63215','83'),('756','7','63204','83'),('757','8','63205','83'),('758','8','63278','83'),('759','8','63207','83'),('760','6','63203','83'),('761','6','63209','83'),('762','6','63277','83'),('763','9','63212','83'),('764','7','63217','84'),('765','9','63218','84'),('766','8','63517','84'),('767','9','63216','84'),('768','7','63219','84'),('769','8','63220','84'),('770','8','63279','84'),('771','7','63280','84'),('772','7','63208','84'),('773','7','63213','84'),('774',NULL,'63254','85'),('775',NULL,'63281','85'),('776',NULL,'63265','85'),('777',NULL,'63264','85'),('778',NULL,'63248','85'),('779',NULL,'63214','85'),('780',NULL,'63263','85'),('781',NULL,'63271','85'),('782',NULL,'63256','85'),('783',NULL,'63255','85'),('784','6','63207','86'),('785','7','63203','86'),('786','9','63205','86'),('787','8','63278','86'),('788','6','63202','86'),('789','7','63212','86'),('790','7','63209','86'),('791','9','63204','86'),('792','7','63277','86'),('793','8','63215','86'),('794','9','63217','87'),('795','9','63208','87'),('796','9','63221','87'),('797','6','63216','87'),('798','9','63213','87'),('799','8','63220','87'),('800','6','63279','87'),('801','9','63280','87'),('802','8','63218','87'),('803','9','63517','87'),('804',NULL,'63271','88'),('805',NULL,'63214','88'),('806',NULL,'63281','88'),('807',NULL,'63270','88'),('808',NULL,'63269','88'),('809',NULL,'63259','88'),('810',NULL,'63255','88'),('811',NULL,'63248','88'),('812',NULL,'63254','88'),('813',NULL,'63256','88'),('814','9','63277','89'),('815','9','63278','89'),('816','6','63207','89'),('817','7','63209','89'),('818','9','63204','89'),('819','8','63212','89'),('820','8','63202','89'),('821','8','63203','89'),('822','9','63205','89'),('823','7','63215','89'),('824','9','63218','90'),('825','6','63216','90'),('826','6','63221','90'),('827','6','63220','90'),('828','6','63217','90'),('829','7','63279','90'),('830','8','63208','90'),('831','9','63517','90'),('832','8','63280','90'),('833','9','63213','90'),('834',NULL,'63214','91'),('835',NULL,'63268','91'),('836',NULL,'63266','91'),('837',NULL,'63265','91'),('838',NULL,'63269','91'),('839',NULL,'63248','91'),('840',NULL,'63271','91'),('841',NULL,'63270','91'),('842',NULL,'63267','91'),('843',NULL,'63281','91'),('844','7','63277','92'),('845','7','63203','92'),('846','7','63212','92'),('847','8','63207','92'),('848','9','63215','92'),('849','8','63202','92'),('850','7','63209','92'),('851','9','63204','92'),('852','6','63278','92'),('853','8','63205','92'),('854','9','63218','93'),('855','7','63217','93'),('856','9','63280','93'),('857','8','63208','93'),('858','9','63517','93'),('859','7','63220','93'),('860','6','63221','93'),('861','6','63216','93'),('862','6','63279','93'),('863','7','63213','93'),('864',NULL,'63248','94'),('865',NULL,'63266','94'),('866',NULL,'63268','94'),('867',NULL,'63281','94'),('868',NULL,'63253','94'),('869',NULL,'63265','94'),('870',NULL,'63725','94'),('871',NULL,'63267','94'),('872',NULL,'63214','94'),('873',NULL,'63226','94'),('874','7','63204','95'),('875','8','63215','95'),('876','8','63202','95'),('877','9','63205','95'),('878','9','63278','95'),('879','8','63212','95'),('880','8','63207','95'),('881','8','63203','95'),('882','9','63209','95'),('883','9','63277','95'),('884','7','63217','96'),('885','8','63216','96'),('886','6','63220','96'),('887','8','63517','96'),('888','8','63208','96'),('889','9','63221','96'),('890','8','63218','96'),('891','8','63279','96'),('892','8','63280','96'),('893','6','63213','96'),('894',NULL,'63269','97'),('895',NULL,'63214','97'),('896',NULL,'63248','97'),('897',NULL,'63251','97'),('898',NULL,'63725','97'),('899',NULL,'63253','97'),('900',NULL,'63281','97'),('901',NULL,'63249','97'),('902',NULL,'63250','97'),('903',NULL,'63226','97'),('904','7','63277','98'),('905','7','63215','98'),('906','9','63202','98'),('907','8','63209','98'),('908','8','63212','98'),('909','6','63205','98'),('910','9','63278','98'),('911','9','63207','98'),('912','6','63204','98'),('913','9','63203','98'),('914','9','63221','99'),('915','8','63280','99'),('916','8','63517','99'),('917','6','63218','99'),('918','8','63208','99'),('919','9','63217','99'),('920','7','63220','99'),('921','7','63213','99'),('922','9','63279','99'),('923','7','63216','99'),('924',NULL,'63214','100'),('925',NULL,'63267','100'),('926',NULL,'63248','100'),('927',NULL,'63259','100'),('928',NULL,'63257','100'),('929',NULL,'63268','100'),('930',NULL,'63266','100'),('931',NULL,'63281','100'),('932',NULL,'63258','100'),('933',NULL,'63249','100'),('934','8','63278','101'),('935','8','63205','101'),('936','8','63203','101'),('937','7','63202','101'),('938','8','63209','101'),('939','7','63277','101'),('940','9','63215','101'),('941','6','63212','101'),('942','8','63207','101'),('943','8','63204','101'),('944','6','63221','102'),('945','7','63218','102'),('946','7','63280','102'),('947','6','63279','102'),('948','7','63217','102'),('949','8','63216','102'),('950','8','63219','102'),('951','6','63213','102'),('952','9','63517','102'),('953','7','63208','102'),('954',NULL,'63270','103'),('955',NULL,'63260','103'),('956',NULL,'63214','103'),('957',NULL,'63268','103'),('958',NULL,'63281','103'),('959',NULL,'63271','103'),('960',NULL,'63261','103'),('961',NULL,'63269','103'),('962',NULL,'63262','103'),('963',NULL,'63248','103'),('964','8','63207','104'),('965','8','63209','104'),('966','6','63277','104'),('967','6','63278','104'),('968','9','63205','104'),('969','7','63212','104'),('970','7','63202','104'),('971','9','63204','104'),('972','9','63215','104'),('973','7','63203','104'),('974','6','63217','105'),('975','6','63517','105'),('976','8','63280','105'),('977','8','63219','105'),('978','6','63216','105'),('979','8','63279','105'),('980','9','63213','105'),('981','6','63208','105'),('982','8','63218','105'),('983','9','63220','105'),('984',NULL,'63725','106'),('985',NULL,'63257','106'),('986',NULL,'63258','106'),('987',NULL,'63248','106'),('988',NULL,'63259','106'),('989',NULL,'63261','106'),('990',NULL,'63262','106'),('991',NULL,'63260','106'),('992',NULL,'63214','106'),('993',NULL,'63281','106'),('994','7','63212','107'),('995','8','63277','107'),('996','7','63278','107'),('997','9','63209','107'),('998','7','63207','107'),('999','8','63204','107'),('1000','7','63215','107'),('1001','6','63202','107'),('1002','9','63203','107'),('1003','9','63205','107'),('1004','8','63213','108'),('1005','6','63218','108'),('1006','9','63279','108'),('1007','8','63208','108'),('1008','7','63517','108'),('1009','9','63216','108'),('1010','9','63221','108'),('1011','7','63217','108'),('1012','7','63280','108'),('1013','8','63219','108'),('1014',NULL,'63214','109'),('1015',NULL,'63248','109'),('1016',NULL,'63269','109'),('1017',NULL,'63265','109'),('1018',NULL,'63263','109'),('1019',NULL,'63271','109'),('1020',NULL,'63251','109'),('1021',NULL,'63281','109'),('1022',NULL,'63264','109'),('1023',NULL,'63270','109'),('1024','7','63278','110'),('1025','9','63202','110'),('1026','7','63205','110'),('1027','7','63204','110'),('1028','8','63212','110'),('1029','8','63207','110'),('1030','7','63215','110'),('1031','7','63203','110'),('1032','9','63277','110'),('1033','8','63209','110'),('1034','8','63218','111'),('1035','9','63517','111'),('1036','9','63217','111'),('1037','8','63216','111'),('1038','9','63221','111'),('1039','7','63280','111'),('1040','7','63208','111'),('1041','7','63279','111'),('1042','8','63213','111'),('1043','7','63220','111'),('1044',NULL,'63226','112'),('1045',NULL,'63269','112'),('1046',NULL,'63248','112'),('1047',NULL,'63271','112'),('1048',NULL,'63270','112'),('1049',NULL,'63281','112'),('1050',NULL,'63253','112'),('1051',NULL,'63214','112'),('1052',NULL,'63725','112'),('1053',NULL,'63265','112'),('1054','6','63203','113'),('1055','7','63215','113'),('1056','9','63207','113'),('1057','6','63202','113'),('1058','8','63278','113'),('1059','6','63205','113'),('1060','8','63204','113'),('1061','9','63212','113'),('1062','7','63209','113'),('1063','9','63277','113'),('1064','7','63279','114'),('1065','6','63280','114'),('1066','8','63218','114'),('1067','9','63517','114'),('1068','9','63217','114'),('1069','9','63216','114'),('1070','6','63213','114'),('1071','7','63221','114'),('1072','9','63220','114'),('1073','8','63208','114'),('1074',NULL,'63254','115'),('1075',NULL,'63725','115'),('1076',NULL,'63266','115'),('1077',NULL,'63253','115'),('1078',NULL,'63267','115'),('1079',NULL,'63281','115'),('1080',NULL,'63268','115'),('1081',NULL,'63226','115'),('1082',NULL,'63248','115'),('1083',NULL,'63214','115'),('1084','9','63204','116'),('1085','9','63277','116'),('1086','8','63212','116'),('1087','8','63215','116'),('1088','7','63207','116'),('1089','8','63202','116'),('1090','7','63205','116'),('1091','8','63278','116'),('1092','9','63209','116'),('1093','7','63203','116'),('1094','9','63279','117'),('1095','6','63217','117'),('1096','7','63208','117'),('1097','7','63218','117'),('1098','8','63221','117'),('1099','9','63280','117'),('1100','6','63219','117'),('1101','6','63216','117'),('1102','6','63517','117'),('1103','9','63213','117'),('1104',NULL,'63255','118'),('1105',NULL,'63281','118'),('1106',NULL,'63266','118'),('1107',NULL,'63250','118'),('1108',NULL,'63251','118'),('1109',NULL,'63214','118'),('1110',NULL,'63248','118'),('1111',NULL,'63268','118'),('1112',NULL,'63267','118'),('1113',NULL,'63249','118'),('1114','9','63202','119'),('1115','6','63215','119'),('1116','7','63209','119'),('1117','8','63277','119'),('1118','9','63204','119'),('1119','9','63205','119'),('1120','7','63278','119'),('1121','9','63203','119'),('1122','6','63212','119'),('1123','6','63207','119'),('1124','6','63280','120'),('1125','7','63213','120'),('1126','7','63221','120'),('1127','7','63220','120'),('1128','8','63218','120'),('1129','8','63208','120'),('1130','8','63279','120'),('1131','7','63517','120'),('1132','9','63217','120'),('1133','9','63216','120'),('1134',NULL,'63214','121'),('1135',NULL,'63281','121'),('1136',NULL,'63248','121'),('1137',NULL,'63261','121'),('1138',NULL,'63260','121'),('1139',NULL,'63271','121'),('1140',NULL,'63262','121'),('1141',NULL,'63258','121'),('1142',NULL,'63269','121'),('1143',NULL,'63270','121'),('1144','8','63278','122'),('1145','7','63204','122'),('1146','9','63203','122'),('1147','6','63277','122'),('1148','9','63207','122'),('1149','9','63209','122'),('1150','7','63212','122'),('1151','7','63215','122'),('1152','7','63205','122'),('1153','6','63202','122'),('1154','9','63219','123'),('1155','9','63280','123'),('1156','9','63279','123'),('1157','6','63217','123'),('1158','6','63213','123'),('1159','6','63208','123'),('1160','8','63216','123'),('1161','7','63220','123'),('1162','6','63517','123'),('1163','8','63218','123'),('1164',NULL,'63214','124'),('1165',NULL,'63270','124'),('1166',NULL,'63260','124'),('1167',NULL,'63248','124'),('1168',NULL,'63254','124'),('1169',NULL,'63256','124'),('1170',NULL,'63255','124'),('1171',NULL,'63269','124'),('1172',NULL,'63271','124'),('1173',NULL,'63281','124'),('1174','8','63205','125'),('1175','7','63207','125'),('1176','9','63204','125'),('1177','8','63277','125'),('1178','7','63203','125'),('1179','7','63212','125'),('1180','6','63202','125'),('1181','9','63278','125'),('1182','9','63209','125'),('1183','7','63215','125'),('1184','8','63208','126'),('1185','6','63218','126'),('1186','9','63217','126'),('1187','9','63216','126'),('1188','9','63517','126'),('1189','6','63220','126'),('1190','9','63280','126'),('1191','8','63221','126'),('1192','9','63213','126'),('1193','7','63279','126'),('1194',NULL,'63257','127'),('1195',NULL,'63281','127'),('1196',NULL,'63250','127'),('1197',NULL,'63266','127'),('1198',NULL,'63267','127'),('1199',NULL,'63248','127'),('1200',NULL,'63268','127'),('1201',NULL,'63251','127'),('1202',NULL,'63249','127'),('1203',NULL,'63214','127'),('1204','8','63277','128'),('1205','6','63278','128'),('1206','7','63215','128'),('1207','9','63207','128'),('1208','9','63205','128'),('1209','8','63209','128'),('1210','7','63212','128'),('1211','8','63204','128'),('1212','8','63202','128'),('1213','8','63203','128'),('1214','8','63280','129'),('1215','8','63517','129'),('1216','9','63216','129'),('1217','9','63213','129'),('1218','6','63218','129'),('1219','9','63217','129'),('1220','6','63279','129'),('1221','7','63220','129'),('1222','8','63208','129'),('1223','6','63221','129'),('1224',NULL,'63248','130'),('1225',NULL,'63214','130'),('1226',NULL,'63254','130'),('1227',NULL,'63264','130'),('1228',NULL,'63255','130'),('1229',NULL,'63281','130'),('1230',NULL,'63265','130'),('1231',NULL,'63253','130'),('1232',NULL,'63256','130'),('1233',NULL,'63263','130'),('1234','9','63277','131'),('1235','9','63202','131'),('1236','9','63204','131'),('1237','9','63205','131'),('1238','9','63203','131'),('1239','9','63207','131'),('1240','9','63215','131'),('1241','9','63278','131'),('1242','9','63209','131'),('1243','9','63212','131'),('1244','9','63280','132'),('1245','9','63279','132'),('1246','9','63208','132'),('1247','9','63221','132'),('1248','9','63517','132'),('1249','9','63218','132'),('1250','9','63213','132'),('1251','9','63220','132'),('1252','9','63217','132'),('1253','9','63216','132'),('1254',NULL,'63226','133'),('1255',NULL,'63260','133'),('1256',NULL,'63256','133'),('1257',NULL,'63259','133'),('1258',NULL,'63269','133'),('1259',NULL,'63268','133'),('1260',NULL,'63248','133'),('1261',NULL,'63214','133'),('1262',NULL,'63271','133'),('1263',NULL,'63281','133'),('1264','8','63278','134'),('1265','8','63207','134'),('1266','6','63215','134'),('1267','6','63202','134'),('1268','6','63203','134'),('1269','6','63205','134'),('1270','6','63212','134'),('1271','6','63204','134'),('1272','9','63277','134'),('1273','6','63209','134'),('1274','6','63218','135'),('1275','9','63208','135'),('1276','8','63216','135'),('1277','7','63220','135'),('1278','8','63221','135'),('1279','6','63279','135'),('1280','6','63280','135'),('1281','6','63213','135'),('1282','9','63517','135'),('1283','7','63217','135'),('1284',NULL,'63269','136'),('1285',NULL,'63251','136'),('1286',NULL,'63281','136'),('1287',NULL,'63249','136'),('1288',NULL,'63270','136'),('1289',NULL,'63250','136'),('1290',NULL,'63271','136'),('1291',NULL,'63214','136'),('1292',NULL,'63260','136'),('1293',NULL,'63248','136'),('1294','8','63277','137'),('1295','9','63205','137'),('1296','7','63204','137'),('1297','6','63278','137'),('1298','8','63209','137'),('1299','6','63202','137'),('1300','6','63207','137'),('1301','9','63215','137'),('1302','6','63212','137'),('1303','8','63203','137'),('1304','6','63280','138'),('1305','9','63213','138'),('1306','7','63218','138'),('1307','8','63221','138'),('1308','9','63219','138'),('1309','6','63216','138'),('1310','6','63517','138'),('1311','9','63279','138'),('1312','8','63208','138'),('1313','6','63217','138'),('1314',NULL,'63248','139'),('1315',NULL,'63255','139'),('1316',NULL,'63281','139'),('1317',NULL,'63254','139'),('1318',NULL,'63260','139'),('1319',NULL,'63256','139'),('1320',NULL,'63250','139'),('1321',NULL,'63262','139'),('1322',NULL,'63214','139'),('1323',NULL,'63261','139'),('1324','6','63202','140'),('1325','8','63203','140'),('1326','6','63204','140'),('1327','8','63205','140'),('1328','7','63277','140'),('1329','6','63209','140'),('1330','8','63278','140'),('1331','7','63212','140'),('1332','6','63207','140'),('1333','9','63215','140'),('1334','9','63208','141'),('1335','9','63217','141'),('1336','8','63280','141'),('1337','6','63279','141'),('1338','9','63218','141'),('1339','8','63517','141'),('1340','8','63213','141'),('1341','8','63220','141'),('1342','9','63219','141'),('1343','7','63216','141'),('1344',NULL,'63248','142'),('1345',NULL,'63254','142'),('1346',NULL,'63264','142'),('1347',NULL,'63214','142'),('1348',NULL,'63256','142'),('1349',NULL,'63271','142'),('1350',NULL,'63270','142'),('1351',NULL,'63281','142'),('1352',NULL,'63269','142'),('1353',NULL,'63255','142'),('1354','8','63209','143'),('1355','6','63203','143'),('1356','6','63215','143'),('1357','8','63278','143'),('1358','8','63207','143'),('1359','6','63204','143'),('1360','6','63202','143'),('1361','7','63205','143'),('1362','9','63277','143'),('1363','9','63212','143'),('1364','9','63217','144'),('1365','7','63213','144'),('1366','6','63216','144'),('1367','7','63218','144'),('1368','9','63220','144'),('1369','7','63221','144'),('1370','9','63517','144'),('1371','8','63279','144'),('1372','9','63280','144'),('1373','8','63208','144'),('1374',NULL,'63259','145'),('1375',NULL,'63255','145'),('1376',NULL,'63254','145'),('1377',NULL,'63256','145'),('1378',NULL,'63248','145'),('1379',NULL,'63281','145'),('1380',NULL,'63214','145'),('1381',NULL,'63258','145'),('1382',NULL,'63263','145'),('1383',NULL,'63257','145'),('1384','7','63212','146'),('1385','8','63203','146'),('1386','7','63202','146'),('1387','6','63277','146'),('1388','7','63205','146'),('1389','8','63278','146'),('1390','8','63215','146'),('1391','7','63209','146'),('1392','8','63204','146'),('1393','7','63207','146'),('1394','9','63221','147'),('1395','8','63217','147'),('1396','8','63208','147'),('1397','7','63279','147'),('1398','6','63220','147'),('1399','6','63280','147'),('1400','9','63218','147'),('1401','6','63213','147'),('1402','8','63216','147'),('1403','6','63517','147'),('1404',NULL,'63262','148'),('1405',NULL,'63248','148'),('1406',NULL,'63255','148'),('1407',NULL,'63259','148'),('1408',NULL,'63214','148'),('1409',NULL,'63258','148'),('1410',NULL,'63257','148'),('1411',NULL,'63260','148'),('1412',NULL,'63261','148'),('1413',NULL,'63281','148'),('1414','8','63215','149'),('1415','8','63204','149'),('1416','7','63205','149'),('1417','9','63202','149'),('1418','7','63212','149'),('1419','6','63207','149'),('1420','6','63278','149'),('1421','8','63203','149'),('1422','9','63209','149'),('1423','9','63277','149'),('1424','7','63280','150'),('1425','8','63217','150'),('1426','6','63220','150'),('1427','7','63218','150'),('1428','9','63208','150'),('1429','7','63219','150'),('1430','9','63213','150'),('1431','6','63279','150'),('1432','7','63216','150'),('1433','9','63517','150'),('1434',NULL,'63264','151'),('1435',NULL,'63248','151'),('1436',NULL,'63281','151'),('1437',NULL,'63261','151'),('1438',NULL,'63265','151'),('1439',NULL,'63267','151'),('1440',NULL,'63263','151'),('1441',NULL,'63214','151'),('1442',NULL,'63268','151'),('1443',NULL,'63266','151'),('1444','6','63278','152'),('1445','6','63203','152'),('1446','6','63205','152'),('1447','7','63277','152'),('1448','8','63207','152'),('1449','9','63209','152'),('1450','8','63202','152'),('1451','9','63212','152'),('1452','6','63215','152'),('1453','7','63204','152'),('1454','7','63218','153'),('1455','7','63208','153'),('1456','8','63216','153'),('1457','8','63280','153'),('1458','8','63517','153'),('1459','7','63217','153'),('1460','6','63221','153'),('1461','8','63213','153'),('1462','9','63219','153'),('1463','6','63279','153'),('1464',NULL,'63267','154'),('1465',NULL,'63268','154'),('1466',NULL,'63265','154'),('1467',NULL,'63281','154'),('1468',NULL,'63214','154'),('1469',NULL,'63248','154'),('1470',NULL,'63266','154'),('1471',NULL,'63264','154'),('1472',NULL,'63263','154'),('1473',NULL,'63253','154'),('1474','9','63209','155'),('1475','9','63204','155'),('1476','9','63202','155'),('1477','9','63215','155'),('1478','9','63212','155'),('1479','9','63207','155'),('1480','9','63205','155'),('1481','9','63277','155'),('1482','9','63203','155'),('1483','9','63278','155'),('1484','9','63280','156'),('1485','9','63279','156'),('1486','9','63219','156'),('1487','9','63218','156'),('1488','9','63217','156'),('1489','9','63208','156'),('1490','9','63517','156'),('1491','9','63216','156'),('1492','9','63221','156'),('1493','9','63213','156'),('1494',NULL,'63255','157'),('1495',NULL,'63258','157'),('1496',NULL,'63271','157'),('1497',NULL,'63259','157'),('1498',NULL,'63226','157'),('1499',NULL,'63254','157'),('1500',NULL,'63249','157'),('1501',NULL,'63281','157'),('1502',NULL,'63214','157'),('1503',NULL,'63248','157'),('1504','7','63277','158'),('1505','8','63204','158'),('1506','8','63207','158'),('1507','7','63203','158'),('1508','7','63205','158'),('1509','7','63202','158'),('1510','6','63278','158'),('1511','6','63215','158'),('1512','6','63209','158'),('1513','7','63212','158'),('1514','9','63218','159'),('1515','8','63517','159'),('1516','7','63216','159'),('1517','6','63213','159'),('1518','9','63219','159'),('1519','6','63280','159'),('1520','8','63217','159'),('1521','6','63279','159'),('1522','8','63208','159'),('1523','6','63221','159'),('1524',NULL,'63270','160'),('1525',NULL,'63269','160'),('1526',NULL,'63271','160'),('1527',NULL,'63257','160'),('1528',NULL,'63214','160'),('1529',NULL,'63259','160'),('1530',NULL,'63281','160'),('1531',NULL,'63248','160'),('1532',NULL,'63254','160'),('1533',NULL,'63258','160'),('1534','8','63215','161'),('1535','7','63278','161'),('1536','6','63207','161'),('1537','7','63205','161'),('1538','8','63209','161'),('1539','7','63277','161'),('1540','7','63204','161'),('1541','9','63202','161'),('1542','8','63212','161'),('1543','7','63203','161'),('1544','6','63280','162'),('1545','9','63213','162'),('1546','9','63517','162'),('1547','6','63279','162'),('1548','8','63220','162'),('1549','9','63221','162'),('1550','7','63218','162'),('1551','6','63216','162'),('1552','7','63208','162'),('1553','8','63217','162'),('1554',NULL,'63214','163'),('1555',NULL,'63270','163'),('1556',NULL,'63264','163'),('1557',NULL,'63263','163'),('1558',NULL,'63265','163'),('1559',NULL,'63262','163'),('1560',NULL,'63269','163'),('1561',NULL,'63281','163'),('1562',NULL,'63248','163'),('1563',NULL,'63271','163'),('1564','9','63215','164'),('1565','8','63278','164'),('1566','7','63204','164'),('1567','8','63205','164'),('1568','7','63203','164'),('1569','8','63209','164'),('1570','6','63212','164'),('1571','7','63202','164'),('1572','6','63277','164'),('1573','7','63207','164'),('1574','7','63220','165'),('1575','8','63280','165'),('1576','8','63217','165'),('1577','8','63216','165'),('1578','9','63219','165'),('1579','8','63218','165'),('1580','7','63208','165'),('1581','9','63213','165'),('1582','7','63279','165'),('1583','7','63517','165'),('1584',NULL,'63249','166'),('1585',NULL,'63248','166'),('1586',NULL,'63261','166'),('1587',NULL,'63250','166'),('1588',NULL,'63214','166'),('1589',NULL,'63262','166'),('1590',NULL,'63260','166'),('1591',NULL,'63281','166'),('1592',NULL,'63259','166'),('1593',NULL,'63251','166'),('1594','7','63209','167'),('1595','7','63203','167'),('1596','6','63205','167'),('1597','6','63202','167'),('1598','9','63204','167'),('1599','9','63215','167'),('1600','9','63207','167'),('1601','6','63277','167'),('1602','8','63278','167'),('1603','8','63212','167'),('1604','6','63220','168'),('1605','8','63218','168'),('1606','8','63217','168'),('1607','7','63208','168'),('1608','6','63216','168'),('1609','8','63279','168'),('1610','7','63221','168'),('1611','9','63280','168'),('1612','9','63213','168'),('1613','8','63517','168'),('1614',NULL,'63257','169'),('1615',NULL,'63251','169'),('1616',NULL,'63214','169'),('1617',NULL,'63266','169'),('1618',NULL,'63268','169'),('1619',NULL,'63267','169'),('1620',NULL,'63281','169'),('1621',NULL,'63258','169'),('1622',NULL,'63259','169'),('1623',NULL,'63248','169'),('1624','7','63207','170'),('1625','8','63209','170'),('1626','9','63277','170'),('1627','9','63203','170'),('1628','8','63204','170'),('1629','7','63202','170'),('1630','9','63278','170'),('1631','6','63212','170'),('1632','8','63215','170'),('1633','8','63205','170'),('1634','9','63217','171'),('1635','9','63279','171'),('1636','8','63213','171'),('1637','8','63280','171'),('1638','9','63517','171'),('1639','7','63221','171'),('1640','8','63218','171'),('1641','9','63216','171'),('1642','7','63220','171'),('1643','8','63208','171'),('1644',NULL,'63255','172'),('1645',NULL,'63256','172'),('1646',NULL,'63251','172'),('1647',NULL,'63214','172'),('1648',NULL,'63265','172'),('1649',NULL,'63264','172'),('1650',NULL,'63248','172'),('1651',NULL,'63263','172'),('1652',NULL,'63281','172'),('1653',NULL,'63254','172'),('1654','6','63277','173'),('1655','9','63207','173'),('1656','6','63212','173'),('1657','6','63205','173'),('1658','8','63215','173'),('1659','7','63209','173'),('1660','7','63202','173'),('1661','7','63203','173'),('1662','9','63278','173'),('1663','7','63204','173'),('1664','9','63217','174'),('1665','9','63280','174'),('1666','8','63517','174'),('1667','6','63279','174'),('1668','6','63219','174'),('1669','9','63218','174'),('1670','7','63220','174'),('1671','9','63213','174'),('1672','7','63216','174'),('1673','6','63208','174'),('1674',NULL,'63253','175'),('1675',NULL,'63264','175'),('1676',NULL,'63725','175'),('1677',NULL,'63267','175'),('1678',NULL,'63268','175'),('1679',NULL,'63248','175'),('1680',NULL,'63214','175'),('1681',NULL,'63226','175'),('1682',NULL,'63266','175'),('1683',NULL,'63281','175'),('1684','6','63204','176'),('1685','9','63203','176'),('1686','8','63207','176'),('1687','9','63205','176'),('1688','9','63209','176'),('1689','8','63278','176'),('1690','7','63215','176'),('1691','9','63202','176'),('1692','9','63277','176'),('1693','7','63212','176'),('1694','9','63216','177'),('1695','6','63219','177'),('1696','7','63217','177'),('1697','7','63279','177'),('1698','6','63517','177'),('1699','9','63208','177'),('1700','8','63220','177'),('1701','6','63213','177'),('1702','8','63280','177'),('1703','7','63218','177'),('1704',NULL,'63249','178'),('1705',NULL,'63258','178'),('1706',NULL,'63281','178'),('1707',NULL,'63214','178'),('1708',NULL,'63250','178'),('1709',NULL,'63255','178'),('1710',NULL,'63248','178'),('1711',NULL,'63251','178'),('1712',NULL,'63254','178'),('1713',NULL,'63256','178'),('1714','9','63203','179'),('1715','9','63207','179'),('1716','9','63212','179'),('1717','9','63209','179'),('1718','9','63215','179'),('1719','9','63202','179'),('1720','9','63278','179'),('1721','9','63205','179'),('1722','9','63204','179'),('1723','9','63277','179'),('1724','9','63217','180'),('1725','9','63219','180'),('1726','9','63213','180'),('1727','9','63208','180'),('1728','9','63280','180'),('1729','9','63216','180'),('1730','9','63517','180'),('1731','9','63218','180'),('1732','9','63279','180'),('1733','9','63221','180'),('1734',NULL,'63725','181'),('1735',NULL,'63267','181'),('1736',NULL,'63266','181'),('1737',NULL,'63253','181'),('1738',NULL,'63281','181'),('1739',NULL,'63214','181'),('1740',NULL,'63254','181'),('1741',NULL,'63248','181'),('1742',NULL,'63249','181'),('1743',NULL,'63262','181'),('1744','6','63212','182'),('1745','9','63278','182'),('1746','9','63215','182'),('1747','7','63203','182'),('1748','8','63277','182'),('1749','9','63205','182'),('1750','7','63209','182'),('1751','7','63202','182'),('1752','7','63207','182'),('1753','7','63204','182'),('1754','9','63517','183'),('1755','6','63220','183'),('1756','8','63213','183'),('1757','9','63279','183'),('1758','9','63218','183'),('1759','7','63216','183'),('1760','8','63208','183'),('1761','7','63221','183'),('1762','9','63217','183'),('1763','6','63280','183'),('1764',NULL,'63248','184'),('1765',NULL,'63725','184'),('1766',NULL,'63226','184'),('1767',NULL,'63262','184'),('1768',NULL,'63281','184'),('1769',NULL,'63263','184'),('1770',NULL,'63264','184'),('1771',NULL,'63265','184'),('1772',NULL,'63214','184'),('1773',NULL,'63253','184'),('1774','8','63212','185'),('1775','7','63215','185'),('1776','7','63203','185'),('1777','7','63209','185'),('1778','6','63202','185'),('1779','9','63207','185'),('1780','7','63277','185'),('1781','6','63204','185'),('1782','7','63278','185'),('1783','6','63205','185'),('1784','7','63217','186'),('1785','6','63213','186'),('1786','8','63279','186'),('1787','9','63221','186'),('1788','6','63280','186'),('1789','7','63517','186'),('1790','7','63208','186'),('1791','9','63218','186'),('1792','6','63220','186'),('1793','7','63216','186'),('1794',NULL,'63214','187'),('1795',NULL,'63248','187'),('1796',NULL,'63266','187'),('1797',NULL,'63725','187'),('1798',NULL,'63281','187'),('1799',NULL,'63263','187'),('1800',NULL,'63253','187'),('1801',NULL,'63268','187'),('1802',NULL,'63226','187'),('1803',NULL,'63267','187'),('1804','7','63202','188'),('1805','7','63209','188'),('1806','9','63207','188'),('1807','6','63205','188'),('1808','7','63277','188'),('1809','7','63278','188'),('1810','9','63203','188'),('1811','9','63204','188'),('1812','7','63212','188'),('1813','9','63215','188'),('1814','7','63213','189'),('1815','7','63517','189'),('1816','9','63217','189'),('1817','7','63216','189'),('1818','8','63219','189'),('1819','6','63208','189'),('1820','8','63279','189'),('1821','8','63280','189'),('1822','8','63220','189'),('1823','7','63218','189'),('1824',NULL,'63214','190'),('1825',NULL,'63266','190'),('1826',NULL,'63259','190'),('1827',NULL,'63281','190'),('1828',NULL,'63270','190'),('1829',NULL,'63268','190'),('1830',NULL,'63267','190'),('1831',NULL,'63258','190'),('1832',NULL,'63257','190'),('1833',NULL,'63248','190'),('1834','6','63204','191'),('1835','8','63203','191'),('1836','6','63215','191'),('1837','9','63205','191'),('1838','9','63202','191'),('1839','7','63212','191'),('1840','8','63278','191'),('1841','7','63209','191'),('1842','8','63207','191'),('1843','6','63277','191'),('1844','6','63279','192'),('1845','9','63217','192'),('1846','9','63220','192'),('1847','9','63216','192'),('1848','7','63213','192'),('1849','6','63280','192'),('1850','8','63208','192'),('1851','9','63517','192'),('1852','8','63218','192'),('1853','9','63221','192'),('1854',NULL,'63248','193'),('1855',NULL,'63214','193'),('1856',NULL,'63281','193'),('1857',NULL,'63264','193'),('1858',NULL,'63268','193'),('1859',NULL,'63263','193'),('1860',NULL,'63265','193'),('1861',NULL,'63266','193'),('1862',NULL,'63267','193'),('1863',NULL,'63260','193'),('1864','9','63215','194'),('1865','9','63209','194'),('1866','8','63212','194'),('1867','9','63203','194'),('1868','8','63204','194'),('1869','6','63202','194'),('1870','8','63277','194'),('1871','8','63278','194'),('1872','7','63207','194'),('1873','9','63205','194'),('1874','8','63219','195'),('1875','7','63216','195'),('1876','9','63280','195'),('1877','9','63213','195'),('1878','7','63208','195'),('1879','7','63218','195'),('1880','9','63217','195'),('1881','6','63220','195'),('1882','9','63279','195'),('1883','9','63517','195'),('1884',NULL,'63214','196'),('1885',NULL,'63250','196'),('1886',NULL,'63261','196'),('1887',NULL,'63260','196'),('1888',NULL,'63249','196'),('1889',NULL,'63262','196'),('1890',NULL,'63248','196'),('1891',NULL,'63251','196'),('1892',NULL,'63281','196'),('1893',NULL,'63263','196'),('1894','7','63212','197'),('1895','7','63203','197'),('1896','7','63202','197'),('1897','6','63277','197'),('1898','6','63207','197'),('1899','9','63209','197'),('1900','8','63204','197'),('1901','6','63278','197'),('1902','8','63205','197'),('1903','7','63215','197'),('1904','6','63218','198'),('1905','8','63208','198'),('1906','8','63216','198'),('1907','9','63217','198'),('1908','7','63221','198'),('1909','6','63280','198'),('1910','8','63517','198'),('1911','7','63279','198'),('1912','8','63213','198'),('1913','6','63220','198'),('1914',NULL,'63248','199'),('1915',NULL,'63264','199'),('1916',NULL,'63214','199'),('1917',NULL,'63265','199'),('1918',NULL,'63266','199'),('1919',NULL,'63281','199'),('1920',NULL,'63271','199'),('1921',NULL,'63268','199'),('1922',NULL,'63267','199'),('1923',NULL,'63263','199'),('1924','8','63207','200'),('1925','6','63209','200'),('1926','6','63203','200'),('1927','6','63277','200'),('1928','9','63215','200'),('1929','7','63278','200'),('1930','8','63204','200'),('1931','7','63205','200'),('1932','6','63202','200'),('1933','9','63212','200'),('1934','6','63279','201'),('1935','8','63221','201'),('1936','8','63220','201'),('1937','7','63280','201'),('1938','8','63217','201'),('1939','7','63216','201'),('1940','7','63517','201'),('1941','8','63208','201'),('1942','6','63218','201'),('1943','8','63213','201'),('1944',NULL,'63258','202'),('1945',NULL,'63248','202'),('1946',NULL,'63266','202'),('1947',NULL,'63281','202'),('1948',NULL,'63257','202'),('1949',NULL,'63265','202'),('1950',NULL,'63263','202'),('1951',NULL,'63264','202'),('1952',NULL,'63214','202'),('1953',NULL,'63259','202'),('1954','9','63207','203'),('1955','6','63202','203'),('1956','8','63205','203'),('1957','6','63212','203'),('1958','6','63277','203'),('1959','7','63215','203'),('1960','9','63209','203'),('1961','6','63204','203'),('1962','7','63203','203'),('1963','8','63278','203'),('1964','7','63219','204'),('1965','9','63216','204'),('1966','7','63221','204'),('1967','8','63213','204'),('1968','6','63280','204'),('1969','8','63517','204'),('1970','9','63217','204'),('1971','7','63208','204'),('1972','8','63279','204'),('1973','8','63218','204'),('1974',NULL,'63264','205'),('1975',NULL,'63259','205'),('1976',NULL,'63257','205'),('1977',NULL,'63214','205'),('1978',NULL,'63249','205'),('1979',NULL,'63248','205'),('1980',NULL,'63265','205'),('1981',NULL,'63263','205'),('1982',NULL,'63281','205'),('1983',NULL,'63258','205'),('1984','7','63215','206'),('1985','9','63205','206'),('1986','9','63204','206'),('1987','8','63277','206'),('1988','9','63207','206'),('1989','9','63202','206'),('1990','8','63278','206'),('1991','8','63203','206'),('1992','9','63209','206'),('1993','8','63212','206'),('1994','9','63279','207'),('1995','6','63213','207'),('1996','8','63220','207'),('1997','9','63517','207'),('1998','8','63208','207'),('1999','7','63218','207'),('2000','6','63221','207'),('2001','9','63216','207'),('2002','8','63217','207'),('2003','6','63280','207'),('2004',NULL,'63254','208'),('2005',NULL,'63250','208'),('2006',NULL,'63249','208'),('2007',NULL,'63281','208'),('2008',NULL,'63248','208'),('2009',NULL,'63255','208'),('2010',NULL,'63256','208'),('2011',NULL,'63214','208'),('2012',NULL,'63251','208'),('2013',NULL,'63271','208'),('2014','9','63207','209'),('2015','6','63212','209'),('2016','8','63202','209'),('2017','6','63204','209'),('2018','6','63278','209'),('2019','8','63203','209'),('2020','9','63215','209'),('2021','6','63277','209'),('2022','7','63209','209'),('2023','6','63205','209'),('2024','7','63221','210'),('2025','8','63213','210'),('2026','8','63279','210'),('2027','6','63280','210'),('2028','6','63208','210'),('2029','6','63219','210'),('2030','8','63216','210'),('2031','9','63218','210'),('2032','9','63217','210'),('2033','8','63517','210'),('2034',NULL,'63262','211'),('2035',NULL,'63253','211'),('2036',NULL,'63248','211'),('2037',NULL,'63281','211'),('2038',NULL,'63214','211'),('2039',NULL,'63226','211'),('2040',NULL,'63725','211'),('2041',NULL,'63261','211'),('2042',NULL,'63255','211'),('2043',NULL,'63260','211'),('2044','7','63209','212'),('2045','9','63202','212'),('2046','7','63204','212'),('2047','6','63277','212'),('2048','9','63205','212'),('2049','9','63278','212'),('2050','7','63212','212'),('2051','6','63203','212'),('2052','8','63215','212'),('2053','9','63207','212'),('2054','8','63216','213'),('2055','8','63279','213'),('2056','7','63208','213'),('2057','9','63213','213'),('2058','6','63219','213'),('2059','9','63280','213'),('2060','6','63517','213'),('2061','6','63217','213'),('2062','7','63221','213'),('2063','8','63218','213'),('2064',NULL,'63270','214'),('2065',NULL,'63248','214'),('2066',NULL,'63281','214'),('2067',NULL,'63214','214'),('2068',NULL,'63251','214'),('2069',NULL,'63271','214'),('2070',NULL,'63253','214'),('2071',NULL,'63226','214'),('2072',NULL,'63269','214'),('2073',NULL,'63725','214'),('2074','9','63212','215'),('2075','9','63209','215'),('2076','9','63205','215'),('2077','9','63203','215'),('2078','9','63207','215'),('2079','9','63277','215'),('2080','9','63278','215'),('2081','9','63204','215'),('2082','9','63215','215'),('2083','9','63202','215'),('2084','9','63279','216'),('2085','9','63216','216'),('2086','9','63217','216'),('2087','9','63219','216'),('2088','9','63213','216'),('2089','9','63208','216'),('2090','9','63280','216'),('2091','9','63218','216'),('2092','9','63517','216'),('2093','9','63220','216'),('2094',NULL,'63262','217'),('2095',NULL,'63257','217'),('2096',NULL,'63258','217'),('2097',NULL,'63266','217'),('2098',NULL,'63270','217'),('2099',NULL,'63214','217'),('2100',NULL,'63248','217'),('2101',NULL,'63281','217'),('2102',NULL,'63265','217'),('2103',NULL,'63264','217'),('2104','9','63215','218'),('2105','6','63277','218'),('2106','8','63202','218'),('2107','7','63207','218'),('2108','8','63209','218'),('2109','6','63278','218'),('2110','8','63212','218'),('2111','9','63204','218'),('2112','8','63203','218'),('2113','6','63205','218'),('2114','7','63208','219'),('2115','8','63213','219'),('2116','9','63517','219'),('2117','7','63280','219'),('2118','9','63279','219'),('2119','7','63216','219'),('2120','9','63221','219'),('2121','8','63219','219'),('2122','7','63218','219'),('2123','9','63217','219'),('2124',NULL,'63281','220'),('2125',NULL,'63266','220'),('2126',NULL,'63253','220'),('2127',NULL,'63725','220'),('2128',NULL,'63226','220'),('2129',NULL,'63214','220'),('2130',NULL,'63267','220'),('2131',NULL,'63268','220'),('2132',NULL,'63248','220'),('2133',NULL,'63262','220'),('2134','7','63212','221'),('2135','8','63278','221'),('2136','7','63215','221'),('2137','9','63277','221'),('2138','8','63209','221'),('2139','7','63203','221'),('2140','6','63202','221'),('2141','7','63205','221'),('2142','9','63204','221'),('2143','7','63207','221'),('2144','6','63213','222'),('2145','9','63217','222'),('2146','6','63279','222'),('2147','6','63216','222'),('2148','6','63219','222'),('2149','6','63218','222'),('2150','9','63517','222'),('2151','9','63280','222'),('2152','7','63208','222'),('2153','8','63220','222'),('2154',NULL,'63262','223'),('2155',NULL,'63214','223'),('2156',NULL,'63281','223'),('2157',NULL,'63266','223'),('2158',NULL,'63268','223'),('2159',NULL,'63264','223'),('2160',NULL,'63261','223'),('2161',NULL,'63267','223'),('2162',NULL,'63248','223'),('2163',NULL,'63260','223'),('2164','8','63203','224'),('2165','6','63277','224'),('2166','7','63204','224'),('2167','7','63202','224'),('2168','6','63205','224'),('2169','7','63209','224'),('2170','7','63215','224'),('2171','9','63212','224'),('2172','7','63278','224'),('2173','7','63207','224'),('2174','6','63280','225'),('2175','7','63279','225'),('2176','7','63217','225'),('2177','8','63208','225'),('2178','9','63220','225'),('2179','7','63216','225'),('2180','8','63517','225'),('2181','7','63218','225'),('2182','9','63213','225'),('2183','8','63221','225'),('2184',NULL,'63258','226'),('2185',NULL,'63257','226'),('2186',NULL,'63281','226'),('2187',NULL,'63248','226'),('2188',NULL,'63250','226'),('2189',NULL,'63262','226'),('2190',NULL,'63251','226'),('2191',NULL,'63249','226'),('2192',NULL,'63259','226'),('2193',NULL,'63214','226'),('2194','6','63202','227'),('2195','8','63203','227'),('2196','9','63278','227'),('2197','9','63205','227'),('2198','9','63277','227'),('2199','6','63207','227'),('2200','7','63204','227'),('2201','6','63212','227'),('2202','6','63209','227'),('2203','8','63215','227'),('2204','8','63517','228'),('2205','7','63208','228'),('2206','7','63219','228'),('2207','9','63217','228'),('2208','6','63220','228'),('2209','9','63218','228'),('2210','9','63279','228'),('2211','6','63216','228'),('2212','7','63280','228'),('2213','6','63213','228'),('2214',NULL,'63255','229'),('2215',NULL,'63257','229'),('2216',NULL,'63256','229'),('2217',NULL,'63281','229'),('2218',NULL,'63258','229'),('2219',NULL,'63248','229'),('2220',NULL,'63254','229'),('2221',NULL,'63259','229'),('2222',NULL,'63267','229'),('2223',NULL,'63214','229'),('2224','6','63215','230'),('2225','8','63207','230'),('2226','9','63204','230'),('2227','7','63212','230'),('2228','8','63203','230'),('2229','8','63277','230'),('2230','6','63205','230'),('2231','7','63278','230'),('2232','7','63202','230'),('2233','6','63209','230'),('2234','7','63279','231'),('2235','9','63218','231'),('2236','9','63219','231'),('2237','6','63221','231'),('2238','7','63216','231'),('2239','7','63208','231'),('2240','6','63280','231'),('2241','7','63213','231'),('2242','8','63217','231'),('2243','6','63517','231'),('2244',NULL,'63248','232'),('2245',NULL,'63214','232'),('2246',NULL,'63258','232'),('2247',NULL,'63271','232'),('2248',NULL,'63269','232'),('2249',NULL,'63281','232'),('2250',NULL,'63261','232'),('2251',NULL,'63270','232'),('2252',NULL,'63257','232'),('2253',NULL,'63259','232'),('2254','8','63277','233'),('2255','8','63215','233'),('2256','9','63202','233'),('2257','8','63207','233'),('2258','7','63204','233'),('2259','6','63203','233'),('2260','9','63212','233'),('2261','7','63205','233'),('2262','9','63209','233'),('2263','9','63278','233'),('2264','9','63216','234'),('2265','7','63220','234'),('2266','6','63517','234'),('2267','8','63279','234'),('2268','6','63221','234'),('2269','6','63208','234'),('2270','7','63217','234'),('2271','7','63213','234'),('2272','9','63218','234'),('2273','9','63280','234'),('2274',NULL,'63257','235'),('2275',NULL,'63258','235'),('2276',NULL,'63259','235'),('2277',NULL,'63268','235'),('2278',NULL,'63281','235'),('2279',NULL,'63226','235'),('2280',NULL,'63214','235'),('2281',NULL,'63266','235'),('2282',NULL,'63267','235'),('2283',NULL,'63248','235'),('2284','9','63205','236'),('2285','9','63277','236'),('2286','9','63202','236'),('2287','9','63207','236'),('2288','7','63203','236'),('2289','6','63215','236'),('2290','6','63278','236'),('2291','6','63204','236'),('2292','9','63212','236'),('2293','8','63209','236'),('2294','8','63218','237'),('2295','6','63280','237'),('2296','7','63213','237'),('2297','9','63220','237'),('2298','6','63219','237'),('2299','7','63517','237'),('2300','7','63279','237'),('2301','6','63208','237'),('2302','7','63217','237'),('2303','8','63216','237'),('2304',NULL,'63255','238'),('2305',NULL,'63248','238'),('2306',NULL,'63265','238'),('2307',NULL,'63263','238'),('2308',NULL,'63256','238'),('2309',NULL,'63281','238'),('2310',NULL,'63266','238'),('2311',NULL,'63214','238'),('2312',NULL,'63264','238'),('2313',NULL,'63254','238'),('2314','7','63202','239'),('2315','6','63278','239'),('2316','8','63215','239'),('2317','7','63205','239'),('2318','8','63212','239'),('2319','7','63209','239'),('2320','9','63207','239'),('2321','7','63203','239'),('2322','8','63204','239'),('2323','9','63277','239'),('2324','6','63517','240'),('2325','7','63213','240'),('2326','6','63279','240'),('2327','9','63218','240'),('2328','7','63216','240'),('2329','9','63217','240'),('2330','8','63221','240'),('2331','6','63280','240'),('2332','6','63219','240'),('2333','9','63208','240'),('2334',NULL,'63261','241'),('2335',NULL,'63281','241'),('2336',NULL,'63260','241'),('2337',NULL,'63271','241'),('2338',NULL,'63248','241'),('2339',NULL,'63262','241'),('2340',NULL,'63269','241'),('2341',NULL,'63214','241'),('2342',NULL,'63270','241'),('2343',NULL,'63226','241'),('2344','9','63205','242'),('2345','9','63212','242'),('2346','9','63215','242'),('2347','9','63209','242'),('2348','9','63203','242'),('2349','9','63207','242'),('2350','9','63278','242'),('2351','9','63202','242'),('2352','9','63204','242'),('2353','9','63277','242'),('2354','9','63213','243'),('2355','9','63219','243'),('2356','9','63217','243'),('2357','9','63279','243'),('2358','9','63218','243'),('2359','9','63280','243'),('2360','9','63216','243'),('2361','9','63221','243'),('2362','9','63208','243'),('2363','9','63517','243'),('2364',NULL,'63262','244'),('2365',NULL,'63214','244'),('2366',NULL,'63269','244'),('2367',NULL,'63268','244'),('2368',NULL,'63256','244'),('2369',NULL,'63267','244'),('2370',NULL,'63281','244'),('2371',NULL,'63226','244'),('2372',NULL,'63248','244'),('2373',NULL,'63249','244'),('2374','9','63278','245'),('2375','9','63209','245'),('2376','9','63204','245'),('2377','9','63202','245'),('2378','9','63207','245'),('2379','9','63205','245'),('2380','9','63277','245'),('2381','9','63212','245'),('2382','9','63215','245'),('2383','9','63203','245'),('2384','9','63221','246'),('2385','9','63218','246'),('2386','9','63220','246'),('2387','9','63280','246'),('2388','9','63517','246'),('2389','9','63217','246'),('2390','9','63213','246'),('2391','9','63208','246'),('2392','9','63216','246'),('2393','9','63279','246'),('2394',NULL,'63262','247'),('2395',NULL,'63725','247'),('2396',NULL,'63261','247'),('2397',NULL,'63248','247'),('2398',NULL,'63253','247'),('2399',NULL,'63264','247'),('2400',NULL,'63281','247'),('2401',NULL,'63214','247'),('2402',NULL,'63268','247'),('2403',NULL,'63271','247'),('2404','6','63215','248'),('2405','8','63205','248'),('2406','8','63203','248'),('2407','8','63202','248'),('2408','9','63277','248'),('2409','9','63212','248'),('2410','8','63209','248'),('2411','8','63207','248'),('2412','8','63278','248'),('2413','8','63204','248'),('2414','6','63216','249'),('2415','8','63279','249'),('2416','8','63280','249'),('2417','8','63208','249'),('2418','8','63218','249'),('2419','6','63220','249'),('2420','8','63517','249'),('2421','6','63213','249'),('2422','8','63219','249'),('2423','9','63217','249'),('2424',NULL,'63214','250'),('2425',NULL,'63268','250'),('2426',NULL,'63281','250'),('2427',NULL,'63260','250'),('2428',NULL,'63262','250'),('2429',NULL,'63248','250'),('2430',NULL,'63251','250'),('2431',NULL,'63267','250'),('2432',NULL,'63266','250'),('2433',NULL,'63261','250'),('2434','7','63203','251'),('2435','9','63278','251'),('2436','8','63202','251'),('2437','8','63215','251'),('2438','8','63207','251'),('2439','8','63212','251'),('2440','6','63209','251'),('2441','7','63205','251'),('2442','7','63277','251'),('2443','7','63204','251'),('2444','9','63220','252'),('2445','7','63279','252'),('2446','8','63208','252'),('2447','8','63517','252'),('2448','8','63280','252'),('2449','6','63216','252'),('2450','9','63213','252'),('2451','7','63221','252'),('2452','7','63217','252'),('2453','7','63218','252'),('2454',NULL,'63214','253'),('2455',NULL,'63266','253'),('2456',NULL,'63258','253'),('2457',NULL,'63271','253'),('2458',NULL,'63281','253'),('2459',NULL,'63259','253'),('2460',NULL,'63248','253'),('2461',NULL,'63268','253'),('2462',NULL,'63257','253'),('2463',NULL,'63267','253'),('2464','9','63277','254'),('2465','7','63209','254'),('2466','9','63278','254'),('2467','7','63205','254'),('2468','7','63202','254'),('2469','8','63203','254'),('2470','9','63215','254'),('2471','9','63207','254'),('2472','6','63204','254'),('2473','6','63212','254'),('2474','9','63217','255'),('2475','9','63216','255'),('2476','9','63213','255'),('2477','6','63517','255'),('2478','9','63279','255'),('2479','9','63208','255'),('2480','8','63219','255'),('2481','7','63218','255'),('2482','9','63280','255'),('2483','6','63221','255'),('2484',NULL,'63255','256'),('2485',NULL,'63254','256'),('2486',NULL,'63256','256'),('2487',NULL,'63248','256'),('2488',NULL,'63214','256'),('2489',NULL,'63261','256'),('2490',NULL,'63725','256'),('2491',NULL,'63260','256'),('2492',NULL,'63262','256'),('2493',NULL,'63281','256'),('2494','9','63209','257'),('2495','8','63215','257'),('2496','9','63207','257'),('2497','7','63203','257'),('2498','9','63212','257'),('2499','8','63277','257'),('2500','6','63204','257'),('2501','9','63202','257'),('2502','6','63205','257'),('2503','9','63278','257'),('2504','7','63216','258'),('2505','7','63213','258'),('2506','9','63517','258'),('2507','7','63218','258'),('2508','8','63217','258'),('2509','7','63219','258'),('2510','7','63280','258'),('2511','6','63279','258'),('2512','6','63208','258'),('2513','6','63220','258'),('2514',NULL,'63257','259'),('2515',NULL,'63214','259'),('2516',NULL,'63281','259'),('2517',NULL,'63262','259'),('2518',NULL,'63261','259'),('2519',NULL,'63258','259'),('2520',NULL,'63266','259'),('2521',NULL,'63248','259'),('2522',NULL,'63260','259'),('2523',NULL,'63259','259'),('2524','7','63215','260'),('2525','7','63205','260'),('2526','7','63203','260'),('2527','9','63207','260'),('2528','8','63212','260'),('2529','9','63209','260'),('2530','9','63204','260'),('2531','9','63277','260'),('2532','7','63278','260'),('2533','6','63202','260'),('2534','7','63220','261'),('2535','9','63217','261'),('2536','8','63280','261'),('2537','7','63517','261'),('2538','9','63218','261'),('2539','8','63219','261'),('2540','7','63279','261'),('2541','7','63213','261'),('2542','7','63216','261'),('2543','6','63208','261'),('2544',NULL,'63725','262'),('2545',NULL,'63250','262'),('2546',NULL,'63281','262'),('2547',NULL,'63264','262'),('2548',NULL,'63214','262'),('2549',NULL,'63253','262'),('2550',NULL,'63248','262'),('2551',NULL,'63265','262'),('2552',NULL,'63226','262'),('2553',NULL,'63263','262'),('2554','7','63209','263'),('2555','8','63215','263'),('2556','6','63212','263'),('2557','6','63202','263'),('2558','8','63205','263'),('2559','9','63278','263'),('2560','6','63204','263'),('2561','8','63277','263'),('2562','6','63203','263'),('2563','9','63207','263'),('2564','7','63221','264'),('2565','7','63517','264'),('2566','8','63218','264'),('2567','8','63280','264'),('2568','8','63220','264'),('2569','6','63216','264'),('2570','6','63213','264'),('2571','6','63279','264'),('2572','7','63217','264'),('2573','6','63208','264'),('2574',NULL,'63270','265'),('2575',NULL,'63271','265'),('2576',NULL,'63263','265'),('2577',NULL,'63269','265'),('2578',NULL,'63265','265'),('2579',NULL,'63248','265'),('2580',NULL,'63214','265'),('2581',NULL,'63249','265'),('2582',NULL,'63264','265'),('2583',NULL,'63281','265'),('2584','9','63205','266'),('2585','7','63203','266'),('2586','8','63215','266'),('2587','6','63204','266'),('2588','9','63212','266'),('2589','8','63207','266'),('2590','9','63277','266'),('2591','6','63209','266'),('2592','6','63202','266'),('2593','9','63278','266'),('2594','8','63217','267'),('2595','7','63219','267'),('2596','9','63213','267'),('2597','8','63216','267'),('2598','8','63218','267'),('2599','8','63280','267'),('2600','6','63220','267'),('2601','7','63279','267'),('2602','8','63517','267'),('2603','6','63208','267'),('2604',NULL,'63281','268'),('2605',NULL,'63255','268'),('2606',NULL,'63248','268'),('2607',NULL,'63226','268'),('2608',NULL,'63261','268'),('2609',NULL,'63214','268'),('2610',NULL,'63254','268'),('2611',NULL,'63256','268'),('2612',NULL,'63253','268'),('2613',NULL,'63725','268'),('2614','8','63207','269'),('2615','9','63205','269'),('2616','6','63209','269'),('2617','7','63278','269'),('2618','8','63204','269'),('2619','8','63277','269'),('2620','8','63203','269'),('2621','7','63202','269'),('2622','8','63215','269'),('2623','9','63212','269'),('2624','7','63218','270'),('2625','9','63279','270'),('2626','8','63517','270'),('2627','8','63217','270'),('2628','8','63213','270'),('2629','9','63220','270'),('2630','8','63280','270'),('2631','9','63208','270'),('2632','7','63219','270'),('2633','6','63216','270'),('2634',NULL,'63264','271'),('2635',NULL,'63265','271'),('2636',NULL,'63248','271'),('2637',NULL,'63262','271'),('2638',NULL,'63263','271'),('2639',NULL,'63281','271'),('2640',NULL,'63214','271'),('2641',NULL,'63256','271'),('2642',NULL,'63255','271'),('2643',NULL,'63254','271'),('2644','7','63709','272'),('2645','9','63703','272'),('2646','8','63704','272'),('2647','6','63706','272'),('2648','6','63702','272'),('2649','10','63710','272'),('2650',NULL,'63708','272'),('2651','8','63280','300'),('2652','8','63517','300'),('2653','6','63218','300'),('2654','8','63217','300'),('2656','7','63208','300'),('2657','7','63220','300'),('2658','7','63213','300'),('2659','7','63279','300'),('2660','8','63219','300'),('2661','9','63216','300'),('2662',NULL,'63212','29'),('2663',NULL,'63205','29'),('2664',NULL,'63203','29'),('2665',NULL,'63204','29'),('2666',NULL,'63209','29'),('2667',NULL,'63207','29'),('2668',NULL,'63277','29'),('2669',NULL,'63278','29'),('2670',NULL,'63215','29'),('2671',NULL,'63202','29'),('3000','7','63203','400'),('3001','8','63207','400'),('3002','6','63278','400'),('3003','7','63204','400'),('3004','8','63202','400'),('3005','8','63205','400'),('3006','8','63215','400'),('3007','7','63212','400'),('3008','7','63277','400'),('3009','9','63209','400'),('3010',NULL,'63208','401'),('3011',NULL,'63218','401'),('3012',NULL,'63213','401'),('3013',NULL,'63221','401'),('3014',NULL,'63279','401'),('3015',NULL,'63220','401'),('3016',NULL,'63216','401'),('3017',NULL,'63517','401'),('3018',NULL,'63280','401'),('3019',NULL,'63217','401'),('3020','6','63212','402'),('3021','8','63205','402'),('3022','9','63215','402'),('3023','6','63202','402'),('3024','9','63277','402'),('3025','6','63278','402'),('3026','7','63209','402'),('3027','9','63207','402'),('3028','6','63203','402'),('3029','8','63204','402'),('3030',NULL,'63221','403'),('3031',NULL,'63517','403'),('3032',NULL,'63218','403'),('3033',NULL,'63217','403'),('3034',NULL,'63279','403'),('3035',NULL,'63208','403'),('3036',NULL,'63220','403'),('3037',NULL,'63280','403'),('3038',NULL,'63216','403'),('3039',NULL,'63213','403'),('3040','9','63207','404'),('3041','9','63202','404'),('3042','9','63278','404'),('3043','7','63205','404'),('3044','8','63209','404'),('3045','6','63215','404'),('3046','7','63212','404'),('3047','6','63204','404'),('3048','6','63203','404'),('3049','6','63277','404'),('3050',NULL,'63208','405'),('3051',NULL,'63216','405'),('3052',NULL,'63279','405'),('3053',NULL,'63218','405'),('3054',NULL,'63280','405'),('3055',NULL,'63220','405'),('3056',NULL,'63213','405'),('3057',NULL,'63217','405'),('3058',NULL,'63517','405'),('3059',NULL,'63219','405'),('3060','9','63277','406'),('3061','9','63278','406'),('3062','9','63215','406'),('3063','9','63212','406'),('3064','9','63205','406'),('3065','9','63209','406'),('3066','9','63204','406'),('3067','9','63202','406'),('3068','9','63203','406'),('3069','9','63207','406'),('3070',NULL,'63218','407'),('3071',NULL,'63280','407'),('3072',NULL,'63216','407'),('3073',NULL,'63221','407'),('3074',NULL,'63217','407'),('3075',NULL,'63517','407'),('3076',NULL,'63208','407'),('3077',NULL,'63279','407'),('3078',NULL,'63213','407'),('3079',NULL,'63219','407'),('3080','9','63212','408'),('3081','8','63204','408'),('3082','6','63207','408'),('3083','7','63215','408'),('3084','8','63278','408'),('3085','8','63277','408'),('3086','8','63205','408'),('3087','6','63209','408'),('3088','7','63203','408'),('3089','8','63202','408'),('3090',NULL,'63213','409'),('3091',NULL,'63219','409'),('3092',NULL,'63208','409'),('3093',NULL,'63217','409'),('3094',NULL,'63517','409'),('3095',NULL,'63279','409'),('3096',NULL,'63216','409'),('3097',NULL,'63280','409'),('3098',NULL,'63221','409'),('3099',NULL,'63218','409'),('3100','9','63209','410'),('3101','9','63202','410'),('3103','9','63212','410'),('3104','9','63278','410'),('3105','9','63203','410'),('3106','9','63204','410'),('3102','9','63277','410'),('3107','9','63205','410'),('3108','9','63215','410'),('3109','9','63207','410'),('3110',NULL,'63217','411'),('3111',NULL,'63517','411'),('3112',NULL,'63208','411'),('3113',NULL,'63219','411'),('3114',NULL,'63218','411'),('3115',NULL,'63220','411'),('3116',NULL,'63280','411'),('3117',NULL,'63279','411'),('3118',NULL,'63216','411'),('3119',NULL,'63213','411'),('3120','8','63278','412'),('3121','6','63207','412'),('3122','8','63202','412'),('3123','6','63205','412'),('3124','7','63209','412'),('3125','8','63277','412'),('3126','6','63212','412'),('3127','8','63215','412'),('3128','7','63203','412'),('3129','8','63204','412'),('3130',NULL,'63208','413'),('3131',NULL,'63217','413'),('3132',NULL,'63279','413'),('3133',NULL,'63213','413'),('3134',NULL,'63219','413'),('3135',NULL,'63280','413'),('3136',NULL,'63218','413'),('3137',NULL,'63216','413'),('3138',NULL,'63220','413'),('3139',NULL,'63517','413'),('3140','9','63278','414'),('3141','6','63215','414'),('3142','8','63212','414'),('3143','9','63277','414'),('3144','6','63204','414'),('3145','7','63205','414'),('3146','8','63203','414'),('3147','9','63202','414'),('3148','8','63207','414'),('3149','9','63209','414'),('3150',NULL,'63213','415'),('3151',NULL,'63217','415'),('3152',NULL,'63219','415'),('3153',NULL,'63208','415'),('3154',NULL,'63279','415'),('3155',NULL,'63216','415'),('3156',NULL,'63220','415'),('3157',NULL,'63280','415'),('3158',NULL,'63517','415'),('3159',NULL,'63218','415'),('3160',NULL,'63204','416'),('3161',NULL,'63212','416'),('3162',NULL,'63202','416'),('3163',NULL,'63209','416'),('3164',NULL,'63278','416'),('3165',NULL,'63205','416'),('3166',NULL,'63203','416'),('3167',NULL,'63215','416'),('3168',NULL,'63277','416'),('3169',NULL,'63207','416'),('3170',NULL,'63212','417'),('3171',NULL,'63278','417'),('3172',NULL,'63277','417'),('3173',NULL,'63205','417'),('3174',NULL,'63202','417'),('3175',NULL,'63204','417'),('3176',NULL,'63215','417'),('3177',NULL,'63207','417'),('3178',NULL,'63203','417'),('3179',NULL,'63209','417'),('3180',NULL,'63203','418'),('3181',NULL,'63277','418'),('3182',NULL,'63207','418'),('3183',NULL,'63209','418'),('3184',NULL,'63205','418'),('3185',NULL,'63212','418'),('3186',NULL,'63202','418'),('3187',NULL,'63215','418'),('3188',NULL,'63278','418'),('3189',NULL,'63204','418'),('3190',NULL,'63205','419'),('3191',NULL,'63209','419'),('3192',NULL,'63204','419'),('3193',NULL,'63203','419'),('3194',NULL,'63202','419'),('3195',NULL,'63207','419'),('3196',NULL,'63215','419'),('3197',NULL,'63277','419'),('3198',NULL,'63212','419'),('3199',NULL,'63278','419'),('3200',NULL,'63209','420'),('3201',NULL,'63202','420'),('3202',NULL,'63212','420'),('3203',NULL,'63277','420'),('3204',NULL,'63215','420'),('3205',NULL,'63204','420'),('3206',NULL,'63203','420'),('3207',NULL,'63207','420'),('3208',NULL,'63205','420'),('3209',NULL,'63278','420'),('3210',NULL,'63205','421'),('3211',NULL,'63204','421'),('3212',NULL,'63207','421'),('3213',NULL,'63202','421'),('3214',NULL,'63277','421'),('3215',NULL,'63212','421'),('3216',NULL,'63203','421'),('3217',NULL,'63278','421'),('3218',NULL,'63209','421'),('3219',NULL,'63215','421'),('3250','9','63202','450'),('3251','9','63207','450'),('3252','9','63204','450'),('3253','9','63203','450'),('3254','9','63278','450'),('3255','9','63215','450'),('3256','9','63209','450'),('3257','9','63212','450'),('3258','9','63205','450'),('3259','9','63277','450'),('3260','9','63204','451'),('3261','8','63277','451'),('3262','9','63212','451'),('3263','7','63207','451'),('3264','7','63278','451'),('3265','8','63205','451'),('3266','9','63202','451'),('3267','8','63203','451'),('3268','6','63209','451'),('3269','7','63215','451'),('3270','8','63213','452'),('3271','8','63221','452'),('3272','7','63219','452'),('3273','8','63218','452'),('3274','6','63217','452'),('3275','7','63279','452'),('3276','7','63216','452'),('3277','6','63280','452'),('3278','9','63517','452'),('3279','8','63208','452'),('3280','9','63212','453'),('3281','9','63277','453'),('3282','6','63205','453'),('3283','9','63215','453'),('3284','6','63204','453'),('3285','9','63203','453'),('3286','8','63207','453'),('3287','7','63209','453'),('3288','8','63202','453'),('3289','6','63278','453'),('3290','8','63216','454'),('3291','7','63517','454'),('3292','7','63280','454'),('3293','7','63221','454'),('3294','7','63208','454'),('3295','7','63217','454'),('3296','7','63213','454'),('3297','6','63219','454'),('3298','6','63218','454'),('3299','8','63279','454');
INSERT INTO enrolment_token (id,freechoice,used,year,id_study_form,id_study_kind,id_klasius_srv,id_student,id_study_program,id_study_year,id_study_type) VALUES ('1','false','true','1','1','1','16204','1','1000468','1','1'),('2','false','true','2','1','1','16204','3','1000468','3','2'),('3','false','true','2','1','1','16204','4','1000468','2','1'),('4','false','true','1','1','1','16204','16','1000468','3','1'),('5','false','true','2','1','1','16204','16','1000468','4','1'),('6','false','true','3','1','1','16204','16','1000468','5','1'),('7','false','true','1','1','1','16204','17','1000468','3','1'),('8','false','true','2','1','1','16204','17','1000468','4','1'),('9','false','true','3','1','1','16204','17','1000468','5','1'),('10','false','true','1','1','1','16204','18','1000468','3','1'),('11','false','true','2','1','1','16204','18','1000468','4','1'),('12','false','true','3','1','1','16204','18','1000468','5','1'),('13','false','true','1','1','1','16204','19','1000468','3','1'),('14','false','true','2','1','1','16204','19','1000468','4','1'),('15','false','true','3','1','1','16204','19','1000468','5','1'),('16','false','true','1','1','1','16204','20','1000468','3','1'),('17','false','true','2','1','1','16204','20','1000468','4','1'),('18','false','true','3','1','1','16204','20','1000468','5','1'),('19','false','true','1','1','1','16204','21','1000468','3','1'),('20','false','true','2','1','1','16204','21','1000468','4','1'),('21','false','true','3','1','1','16204','21','1000468','5','1'),('22','false','true','1','1','1','16204','22','1000468','3','1'),('23','false','true','2','1','1','16204','22','1000468','4','1'),('24','false','true','3','1','1','16204','22','1000468','5','1'),('25','false','true','1','1','1','16204','23','1000468','3','1'),('26','false','true','2','1','1','16204','23','1000468','4','1'),('27','false','true','3','1','1','16204','23','1000468','5','1'),('28','false','true','1','1','1','16204','24','1000468','3','1'),('29','false','true','2','1','1','16204','24','1000468','4','1'),('30','false','true','3','1','1','16204','24','1000468','5','1'),('31','false','true','1','1','1','16204','25','1000468','3','1'),('32','false','true','2','1','1','16204','25','1000468','4','1'),('33','false','true','3','1','1','16204','25','1000468','5','1'),('34','false','true','1','1','1','16204','26','1000468','3','1'),('35','false','true','2','1','1','16204','26','1000468','4','1'),('36','false','true','3','1','1','16204','26','1000468','5','1'),('37','false','true','1','1','1','16204','27','1000468','3','1'),('38','false','true','2','1','1','16204','27','1000468','4','1'),('39','false','true','3','1','1','16204','27','1000468','5','1'),('40','false','true','1','1','1','16204','28','1000468','3','1'),('41','false','true','2','1','1','16204','28','1000468','4','1'),('42','false','true','3','1','1','16204','28','1000468','5','1'),('43','false','true','1','1','1','16204','29','1000468','3','1'),('44','false','true','2','1','1','16204','29','1000468','4','1'),('45','false','true','3','1','1','16204','29','1000468','5','1'),('46','false','true','1','1','1','16204','30','1000468','3','1'),('47','false','true','2','1','1','16204','30','1000468','4','1'),('48','false','true','3','1','1','16204','30','1000468','5','1'),('49','false','true','1','1','1','16204','31','1000468','3','1'),('50','false','true','2','1','1','16204','31','1000468','4','1'),('51','true','true','3','1','1','16204','31','1000468','5','1'),('52','false','true','1','1','1','16204','32','1000468','3','1'),('53','false','true','2','1','1','16204','32','1000468','4','1'),('54','false','true','3','1','1','16204','32','1000468','5','1'),('55','false','true','1','1','1','16204','33','1000468','3','1'),('56','false','true','2','1','1','16204','33','1000468','4','1'),('57','false','true','3','1','1','16204','33','1000468','5','1'),('58','false','true','1','1','1','16204','34','1000468','3','1'),('59','false','true','2','1','1','16204','34','1000468','4','1'),('60','false','true','3','1','1','16204','34','1000468','5','1'),('61','false','true','1','1','1','16204','35','1000468','3','1'),('62','false','true','2','1','1','16204','35','1000468','4','1'),('63','false','true','3','1','1','16204','35','1000468','5','1'),('64','false','true','1','1','1','16204','36','1000468','3','1'),('65','false','true','2','1','1','16204','36','1000468','4','1'),('66','false','true','3','1','1','16204','36','1000468','5','1'),('67','false','true','1','1','1','16204','37','1000468','3','1'),('68','false','true','2','1','1','16204','37','1000468','4','1'),('69','false','true','3','1','1','16204','37','1000468','5','1'),('70','false','true','1','1','1','16204','38','1000468','3','1'),('71','false','true','2','1','1','16204','38','1000468','4','1'),('72','false','true','3','1','1','16204','38','1000468','5','1'),('73','false','true','1','1','1','16204','39','1000468','3','1'),('74','false','true','2','1','1','16204','39','1000468','4','1'),('75','false','true','3','1','1','16204','39','1000468','5','1'),('76','false','true','1','1','1','16204','40','1000468','3','1'),('77','false','true','2','1','1','16204','40','1000468','4','1'),('78','false','true','3','1','1','16204','40','1000468','5','1'),('79','false','true','1','1','1','16204','41','1000468','3','1'),('80','false','true','2','1','1','16204','41','1000468','4','1'),('81','false','true','3','1','1','16204','41','1000468','5','1'),('82','false','true','1','1','1','16204','42','1000468','3','1'),('83','false','true','2','1','1','16204','42','1000468','4','1'),('84','false','true','3','1','1','16204','42','1000468','5','1'),('85','false','true','1','1','1','16204','43','1000468','3','1'),('86','false','true','2','1','1','16204','43','1000468','4','1'),('87','false','true','3','1','1','16204','43','1000468','5','1'),('88','false','true','1','1','1','16204','44','1000468','3','1'),('89','false','true','2','1','1','16204','44','1000468','4','1'),('90','false','true','3','1','1','16204','44','1000468','5','1'),('91','false','true','1','1','1','16204','45','1000468','3','1'),('92','false','true','2','1','1','16204','45','1000468','4','1'),('93','false','true','3','1','1','16204','45','1000468','5','1'),('94','false','true','1','1','1','16204','46','1000468','3','1'),('95','false','true','2','1','1','16204','46','1000468','4','1'),('96','false','true','3','1','1','16204','46','1000468','5','1'),('97','false','true','1','1','1','16204','47','1000468','3','1'),('98','false','true','2','1','1','16204','47','1000468','4','1'),('99','false','true','3','1','1','16204','47','1000468','5','1'),('100','false','true','1','1','1','16204','48','1000468','3','1'),('101','false','true','2','1','1','16204','48','1000468','4','1'),('102','true','true','3','1','1','16204','48','1000468','5','1'),('103','false','true','1','1','1','16204','49','1000468','3','1'),('104','false','true','2','1','1','16204','49','1000468','4','1'),('105','false','true','3','1','1','16204','49','1000468','5','1'),('106','false','true','1','1','1','16204','50','1000468','3','1'),('107','false','true','2','1','1','16204','50','1000468','4','1'),('108','false','true','3','1','1','16204','50','1000468','5','1'),('109','false','true','1','1','1','16204','51','1000468','3','1'),('110','false','true','2','1','1','16204','51','1000468','4','1'),('111','false','true','3','1','1','16204','51','1000468','5','1'),('112','false','true','1','1','1','16204','52','1000468','3','1'),('113','false','true','2','1','1','16204','52','1000468','4','1'),('114','false','true','3','1','1','16204','52','1000468','5','1'),('115','false','true','1','1','1','16204','53','1000468','3','1'),('116','false','true','2','1','1','16204','53','1000468','4','1'),('117','false','true','3','1','1','16204','53','1000468','5','1'),('118','false','true','1','1','1','16204','54','1000468','3','1'),('119','false','true','2','1','1','16204','54','1000468','4','1'),('120','false','true','3','1','1','16204','54','1000468','5','1'),('121','false','true','1','1','1','16204','55','1000468','3','1'),('122','false','true','2','1','1','16204','55','1000468','4','1'),('123','false','true','3','1','1','16204','55','1000468','5','1'),('124','false','true','1','1','1','16204','56','1000468','3','1'),('125','false','true','2','1','1','16204','56','1000468','4','1'),('126','true','true','3','1','1','16204','56','1000468','5','1'),('127','false','true','1','1','1','16204','57','1000468','3','1'),('128','false','true','2','1','1','16204','57','1000468','4','1'),('129','false','true','3','1','1','16204','57','1000468','5','1'),('130','false','true','1','1','1','16204','58','1000468','3','1'),('131','false','true','2','1','1','16204','58','1000468','4','1'),('132','false','true','3','1','1','16204','58','1000468','5','1'),('133','false','true','1','1','1','16204','59','1000468','3','1'),('134','false','true','2','1','1','16204','59','1000468','4','1'),('135','false','true','3','1','1','16204','59','1000468','5','1'),('136','false','true','1','1','1','16204','60','1000468','3','1'),('137','false','true','2','1','1','16204','60','1000468','4','1'),('138','false','true','3','1','1','16204','60','1000468','5','1'),('139','false','true','1','1','1','16204','61','1000468','3','1'),('140','false','true','2','1','1','16204','61','1000468','4','1'),('141','false','true','3','1','1','16204','61','1000468','5','1'),('142','false','true','1','1','1','16204','62','1000468','3','1'),('143','false','true','2','1','1','16204','62','1000468','4','1'),('144','false','true','3','1','1','16204','62','1000468','5','1'),('145','false','true','1','1','1','16204','63','1000468','3','1'),('146','false','true','2','1','1','16204','63','1000468','4','1'),('147','false','true','3','1','1','16204','63','1000468','5','1'),('148','false','true','1','1','1','16204','64','1000468','3','1'),('149','false','true','2','1','1','16204','64','1000468','4','1'),('150','true','true','3','1','1','16204','64','1000468','5','1'),('151','false','true','1','1','1','16204','65','1000468','3','1'),('152','false','true','2','1','1','16204','65','1000468','4','1'),('153','false','true','3','1','1','16204','65','1000468','5','1'),('154','false','true','1','1','1','16204','66','1000468','3','1'),('155','false','true','2','1','1','16204','66','1000468','4','1'),('156','false','true','3','1','1','16204','66','1000468','5','1'),('157','false','true','1','1','1','16204','67','1000468','3','1'),('158','false','true','2','1','1','16204','67','1000468','4','1'),('159','false','true','3','1','1','16204','67','1000468','5','1'),('160','false','true','1','1','1','16204','68','1000468','3','1'),('161','false','true','2','1','1','16204','68','1000468','4','1'),('162','false','true','3','1','1','16204','68','1000468','5','1'),('163','false','true','1','1','1','16204','69','1000468','3','1'),('164','false','true','2','1','1','16204','69','1000468','4','1'),('165','false','true','3','1','1','16204','69','1000468','5','1'),('166','false','true','1','1','1','16204','70','1000468','3','1'),('167','false','true','2','1','1','16204','70','1000468','4','1'),('168','false','true','3','1','1','16204','70','1000468','5','1'),('169','false','true','1','1','1','16204','71','1000468','3','1'),('170','false','true','2','1','1','16204','71','1000468','4','1'),('171','false','true','3','1','1','16204','71','1000468','5','1'),('172','false','true','1','1','1','16204','72','1000468','3','1'),('173','false','true','2','1','1','16204','72','1000468','4','1'),('174','false','true','3','1','1','16204','72','1000468','5','1'),('175','false','true','1','1','1','16204','73','1000468','3','1'),('176','false','true','2','1','1','16204','73','1000468','4','1'),('177','false','true','3','1','1','16204','73','1000468','5','1'),('178','false','true','1','1','1','16204','74','1000468','3','1'),('179','false','true','2','1','1','16204','74','1000468','4','1'),('180','false','true','3','1','1','16204','74','1000468','5','1'),('181','false','true','1','1','1','16204','75','1000468','3','1'),('182','false','true','2','1','1','16204','75','1000468','4','1'),('183','false','true','3','1','1','16204','75','1000468','5','1'),('184','false','true','1','1','1','16204','76','1000468','3','1'),('185','false','true','2','1','1','16204','76','1000468','4','1'),('186','true','true','3','1','1','16204','76','1000468','5','1'),('187','false','true','1','1','1','16204','77','1000468','3','1'),('188','false','true','2','1','1','16204','77','1000468','4','1'),('189','false','true','3','1','1','16204','77','1000468','5','1'),('190','false','true','1','1','1','16204','78','1000468','3','1'),('191','false','true','2','1','1','16204','78','1000468','4','1'),('192','false','true','3','1','1','16204','78','1000468','5','1'),('193','false','true','1','1','1','16204','79','1000468','3','1'),('194','false','true','2','1','1','16204','79','1000468','4','1'),('195','false','true','3','1','1','16204','79','1000468','5','1'),('196','false','true','1','1','1','16204','80','1000468','3','1'),('197','false','true','2','1','1','16204','80','1000468','4','1'),('198','false','true','3','1','1','16204','80','1000468','5','1'),('199','false','true','1','1','1','16204','81','1000468','3','1'),('200','false','true','2','1','1','16204','81','1000468','4','1'),('201','false','true','3','1','1','16204','81','1000468','5','1'),('202','false','true','1','1','1','16204','82','1000468','3','1'),('203','false','true','2','1','1','16204','82','1000468','4','1'),('204','false','true','3','1','1','16204','82','1000468','5','1'),('205','false','true','1','1','1','16204','83','1000468','3','1'),('206','false','true','2','1','1','16204','83','1000468','4','1'),('207','false','true','3','1','1','16204','83','1000468','5','1'),('208','false','true','1','1','1','16204','84','1000468','3','1'),('209','false','true','2','1','1','16204','84','1000468','4','1'),('210','false','true','3','1','1','16204','84','1000468','5','1'),('211','false','true','1','1','1','16204','85','1000468','3','1'),('212','false','true','2','1','1','16204','85','1000468','4','1'),('213','true','true','3','1','1','16204','85','1000468','5','1'),('214','false','true','1','1','1','16204','86','1000468','3','1'),('215','false','true','2','1','1','16204','86','1000468','4','1'),('216','true','true','3','1','1','16204','86','1000468','5','1'),('217','false','true','1','1','1','16204','87','1000468','3','1'),('218','false','true','2','1','1','16204','87','1000468','4','1'),('219','false','true','3','1','1','16204','87','1000468','5','1'),('220','false','true','1','1','1','16204','88','1000468','3','1'),('221','false','true','2','1','1','16204','88','1000468','4','1'),('222','false','true','3','1','1','16204','88','1000468','5','1'),('223','false','true','1','1','1','16204','89','1000468','3','1'),('224','false','true','2','1','1','16204','89','1000468','4','1'),('225','false','true','3','1','1','16204','89','1000468','5','1'),('226','false','true','1','1','1','16204','90','1000468','3','1'),('227','false','true','2','1','1','16204','90','1000468','4','1'),('228','false','true','3','1','1','16204','90','1000468','5','1'),('229','false','true','1','1','1','16204','91','1000468','3','1'),('230','false','true','2','1','1','16204','91','1000468','4','1'),('231','false','true','3','1','1','16204','91','1000468','5','1'),('232','false','true','1','1','1','16204','92','1000468','3','1'),('233','false','true','2','1','1','16204','92','1000468','4','1'),('234','false','true','3','1','1','16204','92','1000468','5','1'),('235','false','true','1','1','1','16204','93','1000468','3','1'),('236','false','true','2','1','1','16204','93','1000468','4','1'),('237','false','true','3','1','1','16204','93','1000468','5','1'),('238','false','true','1','1','1','16204','94','1000468','3','1'),('239','false','true','2','1','1','16204','94','1000468','4','1'),('240','false','true','3','1','1','16204','94','1000468','5','1'),('241','false','true','1','1','1','16203','12','1000470','5','1'),('400','false','true','1','1','1','16204','95','1000468','4','1'),('401','false','true','2','1','1','16204','95','1000468','5','1'),('402','false','true','1','1','1','16204','96','1000468','4','1'),('403','false','true','2','1','1','16204','96','1000468','5','1'),('404','false','true','1','1','1','16204','97','1000468','4','1'),('405','false','true','2','1','1','16204','97','1000468','5','1'),('406','false','true','1','1','1','16204','98','1000468','4','1'),('407','false','true','2','1','1','16204','98','1000468','5','1'),('408','false','true','1','1','1','16204','99','1000468','4','1'),('409','false','true','2','1','1','16204','99','1000468','5','1'),('410','false','true','1','1','1','16204','100','1000468','4','1'),('411','false','true','2','1','1','16204','100','1000468','5','1'),('412','false','true','1','1','1','16204','101','1000468','4','1'),('413','false','true','2','1','1','16204','101','1000468','5','1'),('414','false','true','1','1','1','16204','102','1000468','4','1'),('415','false','true','2','1','1','16204','102','1000468','5','1'),('416','false','true','1','1','1','16204','103','1000468','5','1'),('417','false','true','1','1','1','16204','104','1000468','5','1'),('418','false','true','1','1','1','16204','105','1000468','5','1'),('419','false','true','1','1','1','16204','106','1000468','5','1'),('420','false','true','1','1','1','16204','107','1000468','5','1'),('421','false','true','1','1','1','16204','108','1000468','5','1'),('450','false','true','1','1','1','16204','109','1000468','4','1'),('451','false','true','1','1','1','16204','110','1000468','3','1'),('452','false','true','2','1','1','16204','110','1000468','4','1'),('453','false','true','1','1','1','16204','111','1000468','3','1'),('454','false','true','2','1','1','16204','111','1000468','4','1');
INSERT INTO exam_sign_up (id,confirmed,returned,suggested_grade,written_score,id_course_exam_term,id_student_course) VALUES ('1','true','true',NULL,NULL,'158','54'),('2','true','false','5','9','159','54'),('3','true','false','7','61','160','54'),('4','true','false','8','72','167','53'),('5','true','false','5','3','147','59'),('6','true','false','9','85','148','59'),('7','true','false','8','72','149','62'),('8','true','false','5','13','152','55'),('9','true','false','7','69','153','55'),('10','true','false','10','92','157','56'),('11','true','false','5','14','161','60'),('12','true','false','8','75','162','60'),('13','true','false','9','86','164','58'),('14','true','false','6','55','171','57'),('15','true','false','10','93','173','61'),('16','true','false','10','94','209','64'),('17','true','false','9','83','213','65'),('18','true','false','9','88','216','66'),('19','true','false','6','52','207','63'),('20','true','false','7','62','221','68'),('21','true','false','10','97','224','69'),('22','true','false','9','85','219','67'),('23','true','false','10','96','227','70'),('24','true','false','8','72','234','72'),('25','true','false','10','98','230','71'),('26','true','false','5','36','158','84'),('27','true','false','5','20','159','84'),('28','true','false','5','7','160','84'),('29','true','false','6','50','167','83'),('30','true','false','6','55','147','89'),('31','true','false','5','46','149','92'),('32','true','false','5','35','152','85'),('33','true','false','5','43','153','85'),('34','true','false','6','58','157','86'),('35','true','false','5','11','161','90'),('36','true','false','6','53','162','90'),('37','true','false','6','50','164','88'),('38','true','false','5','26','171','87'),('39','true','false','6','59','173','91'),('40','true','false','5','2','189','93'),('41','true','false','5','28','190','93'),('42','true','false','5','35','182','94'),('43','true','false','6','55','183','94'),('44','true','false','6','55','179','95'),('47','true','true',NULL,NULL,'176','105'),('48','true','false','8','70','177','105'),('49','true','false','7','65','180','108'),('50','true','false','8','78','182','101'),('51','true','false','5','21','185','102'),('52','true','false','5','6','186','102'),('53','true','false','6','58','187','102'),('54','true','false','5','17','188','100'),('55','true','false','9','89','191','106'),('56','true','false','7','66','194','104'),('57','true','false','10','98','200','103'),('58','true','false','6','59','203','107'),('59','true','false','10','98','197','99'),('60','true','false','10','95','176','125'),('61','true','false','10','98','180','128'),('62','true','false','10','94','182','121'),('63','true','false','7','64','185','122'),('64','true','false','10','92','186','122'),('65','true','false','9','83','188','120'),('66','true','false','10','97','191','126'),('67','true','false','10','93','194','124'),('68','true','false','10','94','200','123'),('69','true','false','9','83','203','127'),('70','true','false','10','94','197','119'),('71','true','true',NULL,NULL,'159','140'),('72','true','false','6','52','160','140'),('73','true','false','8','79','167','139'),('74','true','false','8','77','147','145'),('75','true','false','7','60','149','148'),('76','true','false','5','46','152','141'),('77','true','false','7','60','153','141'),('78','true','false','6','50','157','142'),('79','true','false','5','41','161','146'),('80','true','false','6','52','162','146'),('81','true','false','7','64','164','144'),('82','true','false','8','76','171','143'),('83','true','false','8','70','173','147'),('84','true','false','5','7','209','150'),('85','true','false','5','48','210','150'),('86','true','false','5','7','211','150'),('87','true','false','5','24','212','151'),('88','true','false','5','6','213','151'),('89','true','false','5','28','214','151'),('90','true','false','9','84','216','152'),('91','true','false','5','30','206','149'),('92','true','false','5','41','207','149'),('93','true','false','5','5','208','149'),('94','true','false','5','3','221','154'),('95','true','false','5','5','222','154'),('97','true','false','10','97','224','155'),('98','true','false','8','72','219','153'),('99','true','false','8','73','227','156'),('100','true','false','6','52','234','158'),('101','true','false','6','54','230','157'),('102','true','true','7',NULL,'165','95'),('103','true','false','8','74','177','105'),('104','true','false','7','67','167','83'),('105','true','false','8','79','156','86'),('106','true','false','7','64','161','90'),('107','true','false','8','75','183','94'),('108','true','false','7','60','198','99'),('109','true','false','8','77','182','101'),('110','true','false','7','67','179','108'),('111','true','false','8','78','271','111'),('112','true','true',NULL,NULL,'119','175'),('113','true','false','8','74','120','175'),('114','true','true',NULL,NULL,'143','176'),('115','true','false','10','90','144','176'),('116','true','false','9','87','122','177'),('117','true','false','5','41','116','174'),('118','true','false','8','77','118','174'),('119','true','false','9','81','128','179'),('120','true','false','10','93','132','180'),('121','true','false','10','95','130','178'),('122','true','false','9','88','135','181'),('123','true','false','9','85','140','183'),('124','true','false','9','80','138','182'),('125','true','true',NULL,NULL,'236','184'),('126','true','false','6','53','237','184'),('127','true','false','8','70','263','185'),('128','true','false','6','51','239','186'),('129','true','false','6','59','242','187'),('130','true','false','8','74','245','188'),('131','true','false','6','57','246','188'),('132','true','false','6','55','248','189'),('133','true','false','7','60','260','190'),('134','true','false','7','65','251','191'),('135','true','false','7','61','255','192'),('136','true','false','8','79','257','193'),('137','true','false','7','62','95','248'),('138','true','false','8','76','104','247'),('139','true','false','7','62','83','253'),('140','true','false','6','57','88','256'),('141','true','false','8','70','90','249'),('142','true','false','7','63','93','250'),('143','true','false','6','53','98','254'),('144','true','false','8','79','101','252'),('145','true','false','7','69','108','251'),('146','true','false','6','54','110','255'),('147','true','true',NULL,NULL,'119','258'),('148','true','false','5','45','120','258'),('149','true','true',NULL,NULL,'143','259'),('150','true','false','5','46','144','259'),('151','true','false','9','87','122','260'),('152','true','false','5','7','116','257'),('153','true','false','5','2','117','257'),('154','true','false','5','13','118','257'),('155','true','false','5','38','128','262'),('156','true','false','10','91','132','263'),('157','true','false','10','98','130','261'),('158','true','false','9','89','135','264'),('159','true','false','9','89','140','266'),('160','true','false','9','82','138','265'),('161','true','false','6','51','209','268'),('162','true','false','7','69','213','269'),('163','true','false','5','18','206','270'),('164','true','false','5','48','207','270'),('165','true','false','5','44','208','270'),('166','true','false','6','54','222','267'),('167','true','false','7','66','237','271'),('168','true','false','5','30','55','129'),('169','true','false','5','29','56','129'),('170','true','false','5','11','57','129'),('171','true','false','10','96','267','130'),('172','true','false','5','44','4','77'),('173','true','false','5','20','28','73'),('174','true','false','5','32','29','73'),('175','true','false',NULL,NULL,'275','75'),('176','true','false','6','55','170','274'),('177','true','false','5','41','164','275'),('178','true','false','5','6','165','275'),('179','true','false','6','59','166','275'),('180','true','false','5','22','167','276'),('181','true','false','8','70','168','276'),('182','true','false','9','86','155','277'),('183','true','false','6','51','146','278'),('184','true','false','6','56','173','279'),('185','true','false','6','51','158','280'),('186','true','false','5','11','161','281'),('187','true','false','8','70','162','281'),('188','true','false','5','9','152','282'),('189','true','false','5','20','153','282'),('190','true','false','7','61','154','282'),('191','true','false','5','4','149','283'),('192','true','false','5','8','150','283'),('193','true','false','8','79','151','283'),('194','true','false','5','20','218','284'),('195','true','false','8','79','219','284'),('196','true','false','9','87','224','285'),('197','true','false','5','13','212','286'),('198','true','false','5','10','213','286'),('199','true','false','7','65','214','286'),('200','true','false','5','32','215','287'),('201','true','false','5','35','216','287'),('202','true','false','9','88','217','287'),('203','true','false','5','4','227','288'),('204','true','false','7','67','228','288'),('205','true','false','7','68','221','289'),('206','true','false','6','50','277','290'),('207','true','false','5','6','206','291'),('208','true','false','6','56','207','291'),('209','true','false','5','16','209','292'),('210','true','false','5','6','210','292'),('211','true','false','7','69','211','292'),('212','true','false','5','4','230','293'),('213','true','false','5','25','231','293'),('214','true','false','7','60','232','293'),('215','true','false','5','28','173','304'),('216','true','false','6','51','174','304'),('217','true','false','5','1','146','305'),('218','true','false','6','55','147','305'),('219','true','false','5','48','167','306'),('220','true','false','8','72','168','306'),('221','true','false','5','3','161','307'),('222','true','false','9','85','162','307'),('223','true','false','5','8','149','308'),('224','true','false','5','13','150','308'),('225','true','false','7','60','151','308'),('226','true','false','5','47','152','309'),('227','true','false','6','59','153','309'),('228','true','false','5','35','155','310'),('229','true','false','7','65','156','310'),('230','true','false','5','6','164','311'),('231','true','false','5','34','165','311'),('232','true','false','6','59','166','311'),('233','true','false','5','42','158','312'),('234','true','false','5','27','159','312'),('235','true','false','7','60','160','312'),('236','true','false','5','0','170','313'),('237','true','false','5','12','171','313'),('238','true','false','9','89','172','313'),('239','true','false','5','36','212','314'),('240','true','false','5','7','213','314'),('241','true','false','6','56','214','314'),('242','true','false','5','24','233','315'),('243','true','false','5','2','234','315'),('244','true','false','9','89','235','315'),('245','true','false','5','45','206','316'),('246','true','false','5','7','207','316'),('247','true','false','8','78','208','316'),('248','true','false','5','40','224','317'),('249','true','false','8','79','225','317'),('250','true','false','5','4','209','318'),('251','true','false','5','39','210','318'),('252','true','false','9','89','211','318'),('253','true','false','5','9','221','319'),('254','true','false','5','5','222','319'),('255','true','false','7','60','223','319'),('256','true','false','5','27','218','320'),('257','true','false','8','71','219','320'),('258','true','false','5','1','230','321'),('259','true','false','8','73','231','321'),('260','true','false','6','56','215','322'),('261','true','false','5','34','227','323'),('262','true','false','5','10','228','323'),('263','true','false','8','70','229','323'),('264','true','false','7','68','161','334'),('265','true','false','5','6','155','335'),('266','true','false','7','66','156','335'),('267','true','false','5','47','146','336'),('268','true','false','5','25','147','336'),('269','true','false','9','82','148','336'),('270','true','false','8','74','158','337'),('271','true','false','5','15','170','338'),('272','true','false','9','84','171','338'),('273','true','false','8','72','167','339'),('274','true','false','8','74','164','340'),('275','true','false','5','35','152','341'),('276','true','false','6','55','153','341'),('277','true','false','5','31','149','342'),('278','true','false','6','50','150','342'),('279','true','false','5','19','173','343'),('280','true','false','5','17','174','343'),('281','true','false','6','50','175','343'),('282','true','false','5','31','209','344'),('283','true','false','5','23','210','344'),('284','true','false','6','54','211','344'),('285','true','false','7','62','221','345'),('286','true','false','5','9','227','346'),('287','true','false','5','3','228','346'),('288','true','false','9','81','229','346'),('289','true','false','5','41','206','347'),('290','true','false','7','63','207','347'),('291','true','false','7','64','230','348'),('292','true','false','5','20','212','349'),('293','true','false','5','17','213','349'),('294','true','false','6','57','214','349'),('295','true','false','5','35','224','350'),('296','true','false','5','16','225','350'),('297','true','false','9','82','226','350'),('298','true','false','5','41','218','351'),('299','true','false','5','42','219','351'),('300','true','false','6','59','220','351'),('301','true','false','5','43','215','352'),('302','true','false','5','16','216','352'),('303','true','false','7','62','217','352'),('304','true','false','5','13','233','353'),('305','true','false','5','29','234','353'),('306','true','false','7','64','235','353'),('307','true','false','5','9','167','364'),('308','true','false','7','65','168','364'),('309','true','false','5','25','149','365'),('310','true','false','5','23','150','365'),('311','true','false','7','61','151','365'),('312','true','false','8','71','161','366'),('313','true','false','8','75','146','367'),('314','true','false','7','64','152','368'),('315','true','false','5','40','170','369'),('316','true','false','7','65','171','369'),('317','true','false','7','68','158','370'),('318','true','false','7','61','164','371'),('319','true','false','6','50','173','372'),('320','true','false','5','26','155','373'),('321','true','false','9','86','156','373'),('322','true','false','5','35','209','374'),('323','true','false','5','26','210','374'),('324','true','false','9','87','211','374'),('325','true','false','5','15','206','375'),('326','true','false','5','43','207','375'),('327','true','false','6','50','208','375'),('328','true','false','5','16','218','376'),('329','true','false','5','10','219','376'),('330','true','false','9','88','220','376'),('331','true','false','5','2','215','377'),('332','true','false','8','74','216','377'),('333','true','false','5','46','230','378'),('334','true','false','5','6','231','378'),('335','true','false','6','59','232','378'),('336','true','false','5','0','221','379'),('337','true','false','7','67','222','379'),('338','true','false','7','62','233','380'),('339','true','false','7','60','224','381'),('340','true','false','6','53','227','382'),('341','true','false','5','20','212','383'),('342','true','false','9','82','213','383'),('343','true','false','6','53','152','394'),('344','true','false','5','32','164','395'),('345','true','false','5','5','165','395'),('346','true','false','6','54','166','395'),('347','true','false','5','10','167','396'),('348','true','false','9','82','168','396'),('349','true','false','8','74','170','397'),('350','true','false','9','80','158','398'),('351','true','false','6','52','161','399'),('352','true','false','5','17','149','400'),('353','true','false','7','61','150','400'),('354','true','false','9','83','155','401'),('355','true','false','8','75','173','402'),('356','true','false','7','65','146','403'),('357','true','false','5','46','224','404'),('358','true','false','7','63','225','404'),('359','true','false','5','1','218','405'),('360','true','false','5','20','219','405'),('361','true','false','8','76','220','405'),('362','true','false','5','33','209','406'),('363','true','false','5','20','210','406'),('364','true','false','7','60','211','406'),('365','true','false','5','29','221','407'),('366','true','false','8','75','222','407'),('367','true','false','9','86','212','408'),('368','true','false','6','50','277','409'),('369','true','false','5','8','215','410'),('370','true','false','8','70','216','410'),('371','true','false','7','65','233','411'),('372','true','false','5','8','227','412'),('373','true','false','7','60','228','412'),('374','true','false','5','6','206','413'),('375','true','false','5','34','207','413'),('376','true','false','6','52','208','413'),('377','true','false','9','86','164','424'),('378','true','false','7','68','149','425'),('379','true','false','9','85','173','426'),('380','true','false','5','34','146','427'),('381','true','false','5','33','147','427'),('382','true','false','6','58','148','427'),('383','true','false','6','58','167','428'),('384','true','false','5','19','155','429'),('385','true','false','8','74','156','429'),('386','true','false','8','77','170','430'),('387','true','false','5','45','161','431'),('388','true','false','6','55','162','431'),('389','true','false','5','24','152','432'),('390','true','false','6','51','153','432'),('391','true','false','5','9','158','433'),('392','true','false','5','16','159','433'),('393','true','false','8','76','160','433'),('394','true','false','5','3','221','434'),('395','true','false','5','8','222','434'),('396','true','false','9','89','223','434'),('397','true','false','9','88','227','435'),('398','true','false','8','71','206','436'),('399','true','false','6','55','212','437'),('400','true','false','9','85','218','438'),('401','true','false','5','47','230','439'),('402','true','false','8','78','231','439'),('403','true','false','5','40','224','440'),('404','true','false','5','31','225','440'),('405','true','false','6','58','226','440'),('406','true','false','5','26','215','441'),('407','true','false','9','84','216','441'),('408','true','false','5','46','209','442'),('409','true','false','5','6','210','442'),('410','true','false','8','74','211','442'),('411','true','false','5','24','233','443'),('412','true','false','5','11','234','443'),('413','true','false','8','71','235','443'),('414','true','false','5','36','152','454'),('415','true','false','8','76','153','454'),('416','true','false','5','48','173','455'),('417','true','false','6','52','174','455'),('418','true','false','9','83','170','456'),('419','true','false','6','53','164','457'),('420','true','false','5','24','149','458'),('421','true','false','9','86','150','458'),('422','true','false','5','10','158','459'),('423','true','false','9','82','159','459'),('424','true','false','7','65','167','460'),('425','true','false','5','36','161','461'),('426','true','false','5','19','162','461'),('427','true','false','8','76','163','461'),('428','true','false','5','14','155','462'),('429','true','false','5','34','156','462'),('430','true','false','7','62','157','462'),('431','true','false','5','31','146','463'),('432','true','false','5','3','147','463'),('433','true','false','6','50','148','463'),('434','true','false','5','45','212','464'),('435','true','false','8','79','213','464'),('436','true','false','8','70','206','465'),('437','true','false','5','14','233','466'),('438','true','false','5','8','234','466'),('439','true','false','8','73','235','466'),('440','true','false','5','41','215','467'),('441','true','false','9','87','216','467'),('442','true','false','5','45','218','468'),('443','true','false','7','60','219','468'),('444','true','false','5','45','227','469'),('445','true','false','5','32','228','469'),('446','true','false','9','85','229','469'),('447','true','false','8','79','221','470'),('448','true','false','8','73','224','471'),('449','true','false','5','4','209','472'),('450','true','false','5','6','210','472'),('451','true','false','7','65','211','472'),('452','true','false','5','48','230','473'),('453','true','false','5','29','231','473'),('454','true','false','9','80','232','473'),('455','true','false','5','32','164','484'),('456','true','false','5','1','165','484'),('457','true','false','8','74','166','484'),('458','true','false','5','33','149','485'),('459','true','false','5','14','150','485'),('460','true','false','9','84','151','485'),('461','true','false','7','62','161','486'),('462','true','false','7','63','173','487'),('463','true','false','5','45','167','488'),('464','true','false','5','46','168','488'),('465','true','false','8','78','169','488'),('466','true','false','5','44','146','489'),('467','true','false','9','86','147','489'),('468','true','false','8','72','170','490'),('469','true','false','5','21','155','491'),('470','true','false','5','13','156','491'),('471','true','false','6','52','157','491'),('472','true','false','8','74','158','492'),('473','true','false','6','52','152','493'),('474','true','false','5','37','209','494'),('475','true','false','5','3','210','494'),('476','true','false','6','58','211','494'),('477','true','false','7','63','212','495'),('478','true','false','5','38','230','496'),('479','true','false','5','24','231','496'),('480','true','false','7','66','232','496'),('481','true','false','6','53','221','497'),('482','true','false','5','39','218','498'),('483','true','false','5','19','219','498'),('484','true','false','7','61','220','498'),('485','true','false','5','45','227','499'),('486','true','false','5','2','228','499'),('487','true','false','9','87','229','499'),('488','true','false','5','26','215','500'),('489','true','false','6','53','216','500'),('490','true','false','8','78','277','501'),('491','true','false','5','14','224','502'),('492','true','false','5','43','225','502'),('493','true','false','7','62','226','502'),('494','true','false','5','5','206','503'),('495','true','false','5','27','207','503'),('496','true','false','9','87','208','503'),('497','true','false','5','2','173','514'),('498','true','false','5','24','174','514'),('499','true','false','8','70','175','514'),('500','true','false','5','35','158','515'),('501','true','false','5','28','159','515'),('502','true','false','6','55','160','515'),('503','true','false','6','51','161','516'),('504','true','false','5','23','155','517'),('505','true','false','5','42','156','517'),('506','true','false','6','56','157','517'),('507','true','false','8','75','149','518'),('508','true','false','8','74','167','519'),('509','true','false','5','23','164','520'),('510','true','false','5','28','165','520'),('511','true','false','7','62','166','520'),('512','true','false','8','75','152','521'),('513','true','false','5','19','170','522'),('514','true','false','5','43','171','522'),('515','true','false','8','79','172','522'),('516','true','false','5','11','146','523'),('517','true','false','9','81','147','523'),('518','true','false','5','46','221','524'),('519','true','false','5','40','222','524'),('520','true','false','7','67','223','524'),('521','true','false','6','54','212','525'),('522','true','false','5','14','224','526'),('523','true','false','5','48','225','526'),('524','true','false','8','78','226','526'),('525','true','false','5','26','227','527'),('526','true','false','5','32','228','527'),('527','true','false','8','72','229','527'),('528','true','false','5','28','215','528'),('529','true','false','7','69','216','528'),('530','true','false','7','64','218','529'),('531','true','false','5','7','209','530'),('532','true','false','5','48','210','530'),('533','true','false','9','83','211','530'),('534','true','false','7','60','277','531'),('535','true','false','9','86','230','532'),('536','true','false','5','35','206','533'),('537','true','false','9','89','207','533'),('538','true','false','5','18','173','544'),('539','true','false','5','39','174','544'),('540','true','false','9','80','175','544'),('541','true','false','5','47','146','545'),('542','true','false','8','70','147','545'),('543','true','false','9','86','152','546'),('544','true','false','5','4','155','547'),('545','true','false','5','2','156','547'),('546','true','false','9','82','157','547'),('547','true','false','5','17','167','548'),('548','true','false','5','27','168','548'),('549','true','false','6','53','169','548'),('550','true','false','7','62','158','549'),('551','true','false','7','65','164','550'),('552','true','false','9','89','161','551'),('553','true','false','5','20','149','552'),('554','true','false','8','76','150','552'),('555','true','false','9','87','170','553'),('556','true','false','5','2','233','554'),('557','true','false','5','12','234','554'),('558','true','false','8','70','235','554'),('559','true','false','8','72','206','555'),('560','true','false','8','75','221','556'),('561','true','false','7','65','277','557'),('562','true','false','8','73','227','558'),('563','true','false','9','83','215','559'),('564','true','false','6','59','212','560'),('565','true','false','5','1','209','561'),('566','true','false','8','75','210','561'),('567','true','false','5','27','218','562'),('568','true','false','5','18','219','562'),('569','true','false','9','81','220','562'),('570','true','false','5','26','224','563'),('571','true','false','5','28','225','563'),('572','true','false','9','80','226','563'),('573','true','false','5','36','170','574'),('574','true','false','8','77','171','574'),('575','true','false','5','39','173','575'),('576','true','false','6','57','174','575'),('577','true','false','5','2','161','576'),('578','true','false','6','56','162','576'),('579','true','false','5','21','149','577'),('580','true','false','5','33','150','577'),('581','true','false','8','70','151','577'),('582','true','false','5','19','167','578'),('583','true','false','5','37','168','578'),('584','true','false','7','67','169','578'),('585','true','false','5','41','158','579'),('586','true','false','5','3','159','579'),('587','true','false','9','82','160','579'),('588','true','false','8','78','164','580'),('589','true','false','5','39','155','581'),('590','true','false','8','77','156','581'),('591','true','false','5','8','146','582'),('592','true','false','5','13','147','582'),('593','true','false','8','71','148','582'),('594','true','false','9','83','152','583'),('595','true','false','8','72','212','584'),('596','true','false','5','1','221','585'),('597','true','false','5','38','222','585'),('598','true','false','8','79','223','585'),('599','true','false','6','55','227','586'),('600','true','false','8','74','218','587'),('601','true','false','7','61','215','588'),('602','true','false','5','45','230','589'),('603','true','false','7','63','231','589'),('604','true','false','5','20','206','590'),('605','true','false','7','68','207','590'),('606','true','false','7','69','209','591'),('607','true','false','5','20','233','592'),('608','true','false','5','15','234','592'),('609','true','false','8','79','235','592'),('610','true','false','9','82','224','593'),('611','true','false','6','58','161','604'),('612','true','false','5','43','173','605'),('613','true','false','7','61','174','605'),('614','true','false','8','74','146','606'),('615','true','false','8','75','155','607'),('616','true','false','5','22','149','608'),('617','true','false','6','59','150','608'),('618','true','false','7','69','152','609'),('619','true','false','5','32','158','610'),('620','true','false','6','50','159','610'),('621','true','false','8','76','170','611'),('622','true','false','5','48','167','612'),('623','true','false','5','26','168','612'),('624','true','false','7','69','169','612'),('625','true','false','5','18','164','613'),('626','true','false','5','25','165','613'),('627','true','false','7','61','166','613'),('628','true','false','5','37','212','614'),('629','true','false','9','86','213','614'),('630','true','false','5','8','206','615'),('631','true','false','9','84','207','615'),('632','true','false','5','20','227','616'),('633','true','false','6','59','228','616'),('634','true','false','6','55','277','617'),('635','true','false','5','44','215','618'),('636','true','false','7','68','216','618'),('637','true','false','5','7','221','619'),('638','true','false','7','69','222','619'),('639','true','false','5','17','224','620'),('640','true','false','5','10','225','620'),('641','true','false','6','55','226','620'),('642','true','false','5','5','209','621'),('643','true','false','6','52','210','621'),('644','true','false','5','39','233','622'),('645','true','false','5','23','234','622'),('646','true','false','8','70','235','622'),('647','true','false','9','80','218','623'),('648','true','false','5','6','155','634'),('649','true','false','6','50','156','634'),('650','true','false','7','62','170','635'),('651','true','false','8','71','167','636'),('652','true','false','5','5','164','637'),('653','true','false','7','63','165','637'),('654','true','false','8','73','158','638'),('655','true','false','9','89','152','639'),('656','true','false','5','14','146','640'),('657','true','false','9','81','147','640'),('658','true','false','6','58','173','641'),('659','true','false','5','5','161','642'),('660','true','false','6','55','162','642'),('661','true','false','5','32','149','643'),('662','true','false','5','0','150','643'),('663','true','false','8','73','151','643'),('664','true','false','5','19','224','644'),('665','true','false','9','86','225','644'),('666','true','false','9','87','209','645'),('667','true','false','5','38','227','646'),('668','true','false','5','40','228','646'),('669','true','false','6','50','229','646'),('670','true','false','5','4','218','647'),('671','true','false','9','81','219','647'),('672','true','false','5','20','215','648'),('673','true','false','5','2','216','648'),('674','true','false','8','72','217','648'),('675','true','false','6','51','221','649'),('676','true','false','5','19','206','650'),('677','true','false','5','31','207','650'),('678','true','false','6','56','208','650'),('679','true','false','7','65','233','651'),('680','true','false','5','16','212','652'),('681','true','false','5','37','213','652'),('682','true','false','8','74','214','652'),('683','true','false','9','82','277','653'),('684','true','false','9','81','170','664'),('685','true','false','6','54','155','665'),('686','true','false','5','41','146','666'),('687','true','false','6','50','147','666'),('688','true','false','5','7','167','667'),('689','true','false','5','8','168','667'),('690','true','false','8','72','169','667'),('691','true','false','5','9','152','668'),('692','true','false','5','47','153','668'),('693','true','false','7','66','154','668'),('694','true','false','5','25','164','669'),('695','true','false','7','65','165','669'),('696','true','false','5','4','158','670'),('697','true','false','6','54','159','670'),('698','true','false','5','45','161','671'),('699','true','false','5','34','162','671'),('700','true','false','9','86','163','671'),('701','true','false','5','29','149','672'),('702','true','false','5','3','150','672'),('703','true','false','8','70','151','672'),('704','true','false','6','50','173','673'),('705','true','false','5','23','206','674'),('706','true','false','7','61','207','674'),('707','true','false','5','48','227','675'),('708','true','false','5','4','228','675'),('709','true','false','9','84','229','675'),('710','true','false','5','19','224','676'),('711','true','false','6','54','225','676'),('712','true','false','9','88','209','677'),('713','true','false','8','72','212','678'),('714','true','false','6','53','277','679'),('715','true','false','5','17','215','680'),('716','true','false','7','63','216','680'),('717','true','false','5','35','230','681'),('718','true','false','6','52','231','681'),('719','true','false','6','56','218','682'),('720','true','false','5','6','221','683'),('721','true','false','7','62','222','683'),('722','true','false','5','0','161','694'),('723','true','false','5','24','162','694'),('724','true','false','9','86','163','694'),('725','true','false','5','12','152','695'),('726','true','false','9','85','153','695'),('727','true','false','5','39','170','696'),('728','true','false','9','84','171','696'),('729','true','false','9','89','149','697'),('730','true','false','5','31','155','698'),('731','true','false','5','14','156','698'),('732','true','false','9','86','157','698'),('733','true','false','5','41','167','699'),('734','true','false','6','56','168','699'),('735','true','false','7','69','146','700'),('736','true','false','5','21','173','701'),('737','true','false','5','11','174','701'),('738','true','false','9','86','175','701'),('739','true','false','7','63','164','702'),('740','true','false','5','13','158','703'),('741','true','false','8','72','159','703'),('742','true','false','5','34','230','704'),('743','true','false','5','36','231','704'),('744','true','false','8','79','232','704'),('745','true','false','5','48','209','705'),('746','true','false','5','42','210','705'),('747','true','false','8','75','211','705'),('748','true','false','5','7','212','706'),('749','true','false','6','53','213','706'),('750','true','false','7','62','277','707'),('751','true','false','5','41','221','708'),('752','true','false','5','9','222','708'),('753','true','false','8','74','223','708'),('754','true','false','5','10','224','709'),('755','true','false','5','18','225','709'),('756','true','false','9','84','226','709'),('757','true','false','5','16','206','710'),('758','true','false','5','12','207','710'),('759','true','false','9','81','208','710'),('760','true','false','5','13','218','711'),('761','true','false','5','27','219','711'),('762','true','false','9','80','220','711'),('763','true','false','5','4','227','712'),('764','true','false','8','73','228','712'),('765','true','false','5','18','215','713'),('766','true','false','5','46','216','713'),('767','true','false','8','70','217','713'),('768','true','false','9','86','158','724'),('769','true','false','9','84','152','725'),('770','true','false','5','23','164','726'),('771','true','false','9','80','165','726'),('772','true','false','9','89','161','727'),('773','true','false','5','28','170','728'),('774','true','false','5','2','171','728'),('775','true','false','9','81','172','728'),('776','true','false','5','27','146','729'),('777','true','false','9','80','147','729'),('778','true','false','5','41','155','730'),('779','true','false','5','39','156','730'),('780','true','false','9','88','157','730'),('781','true','false','5','45','167','731'),('782','true','false','5','16','168','731'),('783','true','false','9','83','169','731'),('784','true','false','5','19','173','732'),('785','true','false','5','46','174','732'),('786','true','false','9','88','175','732'),('787','true','false','5','41','149','733'),('788','true','false','9','84','150','733'),('789','true','false','5','5','233','734'),('790','true','false','5','26','234','734'),('791','true','false','9','85','235','734'),('792','true','false','9','83','212','735'),('793','true','false','5','16','227','736'),('794','true','false','9','88','228','736'),('795','true','false','9','87','209','737'),('796','true','false','9','83','221','738'),('797','true','false','5','4','215','739'),('798','true','false','5','30','216','739'),('799','true','false','9','83','217','739'),('800','true','false','5','18','230','740'),('801','true','false','5','45','231','740'),('802','true','false','9','83','232','740'),('803','true','false','5','31','218','741'),('804','true','false','5','28','219','741'),('805','true','false','9','82','220','741'),('806','true','false','5','2','206','742'),('807','true','false','9','84','207','742'),('808','true','false','5','43','224','743'),('809','true','false','9','87','225','743'),('810','true','false','5','31','149','754'),('811','true','false','5','20','150','754'),('812','true','false','6','59','151','754'),('813','true','false','7','61','173','755'),('814','true','false','7','67','155','756'),('815','true','false','8','79','158','757'),('816','true','false','5','30','161','758'),('817','true','false','5','32','162','758'),('818','true','false','8','76','163','758'),('819','true','false','8','72','164','759'),('820','true','false','5','44','152','760'),('821','true','false','5','21','153','760'),('822','true','false','6','59','154','760'),('823','true','false','6','50','170','761'),('824','true','false','5','13','146','762'),('825','true','false','6','57','147','762'),('826','true','false','5','30','167','763'),('827','true','false','9','86','168','763'),('828','true','false','5','0','218','764'),('829','true','false','7','63','219','764'),('830','true','false','5','23','227','765'),('831','true','false','9','83','228','765'),('832','true','false','5','39','221','766'),('833','true','false','8','76','222','766'),('834','true','false','5','1','224','767'),('835','true','false','5','28','225','767'),('836','true','false','9','85','226','767'),('837','true','false','7','65','233','768'),('838','true','false','8','71','230','769'),('839','true','false','5','12','209','770'),('840','true','false','8','73','210','770'),('841','true','false','7','62','212','771'),('842','true','false','7','63','215','772'),('843','true','false','5','26','206','773'),('844','true','false','7','67','207','773'),('845','true','false','5','23','164','784'),('846','true','false','5','33','165','784'),('847','true','false','6','54','166','784'),('848','true','false','7','68','152','785'),('849','true','false','9','85','158','786'),('850','true','false','8','78','161','787'),('851','true','false','5','11','149','788'),('852','true','false','5','36','150','788'),('853','true','false','6','52','151','788'),('854','true','false','5','15','167','789'),('855','true','false','5','46','168','789'),('856','true','false','7','65','169','789'),('857','true','false','5','28','170','790'),('858','true','false','5','36','171','790'),('859','true','false','7','65','172','790'),('860','true','false','9','86','155','791'),('861','true','false','5','8','146','792'),('862','true','false','5','15','147','792'),('863','true','false','7','67','148','792'),('864','true','false','5','47','173','793'),('865','true','false','8','75','174','793'),('866','true','false','9','80','218','794'),('867','true','false','5','33','215','795'),('868','true','false','5','6','216','795'),('869','true','false','9','85','217','795'),('870','true','false','9','87','277','796'),('871','true','false','5','39','224','797'),('872','true','false','5','32','225','797'),('873','true','false','6','58','226','797'),('874','true','false','9','89','206','798'),('875','true','false','8','78','230','799'),('876','true','false','6','58','209','800'),('877','true','false','5','34','212','801'),('878','true','false','9','85','213','801'),('879','true','false','5','0','227','802'),('880','true','false','8','75','228','802'),('881','true','false','9','86','221','803'),('882','true','false','5','15','146','814'),('883','true','false','5','41','147','814'),('884','true','false','9','87','148','814'),('885','true','false','9','82','161','815'),('886','true','false','5','25','164','816'),('887','true','false','5','31','165','816'),('888','true','false','6','56','166','816'),('889','true','false','7','61','170','817'),('890','true','false','5','4','155','818'),('891','true','false','5','20','156','818'),('892','true','false','9','89','157','818'),('893','true','false','8','79','167','819'),('894','true','false','8','70','149','820'),('895','true','false','5','6','152','821'),('896','true','false','8','74','153','821'),('897','true','false','9','84','158','822'),('898','true','false','5','11','173','823'),('899','true','false','7','60','174','823'),('900','true','false','9','87','227','824'),('901','true','false','5','3','224','825'),('902','true','false','5','33','225','825'),('903','true','false','6','55','226','825'),('904','true','false','6','59','277','826'),('905','true','false','6','51','230','827'),('906','true','false','6','51','218','828'),('907','true','false','7','62','209','829'),('908','true','false','5','27','215','830'),('909','true','false','5','32','216','830'),('910','true','false','8','78','217','830'),('911','true','false','9','80','221','831'),('912','true','false','8','72','212','832'),('913','true','false','5','0','206','833'),('914','true','false','9','86','207','833'),('915','true','false','5','48','146','844'),('916','true','false','5','2','147','844'),('917','true','false','7','62','148','844'),('918','true','false','5','27','152','845'),('919','true','false','7','63','153','845'),('920','true','false','7','63','167','846'),('921','true','false','8','75','164','847'),('922','true','false','5','13','173','848'),('923','true','false','9','89','174','848'),('924','true','false','5','21','149','849'),('925','true','false','8','72','150','849'),('926','true','false','5','38','170','850'),('927','true','false','7','63','171','850'),('928','true','false','5','36','155','851'),('929','true','false','9','84','156','851'),('930','true','false','5','40','161','852'),('931','true','false','6','52','162','852'),('932','true','false','5','22','158','853'),('933','true','false','8','76','159','853'),('934','true','false','5','44','227','854'),('935','true','false','5','6','228','854'),('936','true','false','9','88','229','854'),('937','true','false','7','64','218','855'),('938','true','false','5','27','212','856'),('939','true','false','5','11','213','856'),('940','true','false','9','87','214','856'),('941','true','false','8','73','215','857'),('942','true','false','5','16','221','858'),('943','true','false','9','82','222','858'),('944','true','false','7','65','230','859'),('945','true','false','6','53','277','860'),('946','true','false','6','53','224','861'),('947','true','false','5','8','209','862'),('948','true','false','6','52','210','862'),('949','true','false','5','43','206','863'),('950','true','false','7','66','207','863'),('951','true','false','5','0','155','874'),('952','true','false','5','0','156','874'),('953','true','false','7','66','157','874'),('954','true','false','8','71','173','875'),('955','true','false','8','70','149','876'),('956','true','false','9','84','158','877'),('957','true','false','9','86','161','878'),('958','true','false','8','78','167','879'),('959','true','false','5','36','164','880'),('960','true','false','5','39','165','880'),('961','true','false','8','71','166','880'),('962','true','false','8','75','152','881'),('963','true','false','5','1','170','882'),('964','true','false','5','13','171','882'),('965','true','false','9','81','172','882'),('966','true','false','5','9','146','883'),('967','true','false','5','28','147','883'),('968','true','false','9','85','148','883'),('969','true','false','5','40','218','884'),('970','true','false','7','64','219','884'),('971','true','false','5','35','224','885'),('972','true','false','8','75','225','885'),('973','true','false','6','56','230','886'),('974','true','false','8','76','221','887'),('975','true','false','5','14','215','888'),('976','true','false','8','71','216','888'),('977','true','false','9','82','277','889'),('978','true','false','5','4','227','890'),('979','true','false','8','73','228','890'),('980','true','false','5','24','209','891'),('981','true','false','5','29','210','891'),('982','true','false','8','70','211','891'),('983','true','false','5','1','212','892'),('984','true','false','5','34','213','892'),('985','true','false','8','76','214','892'),('986','true','false','5','10','206','893'),('987','true','false','6','51','207','893'),('988','true','false','7','63','146','904'),('989','true','false','5','23','173','905'),('990','true','false','7','62','174','905'),('991','true','false','5','37','149','906'),('992','true','false','9','87','150','906'),('993','true','false','5','17','170','907'),('994','true','false','5','17','171','907'),('995','true','false','8','77','172','907'),('996','true','false','8','76','167','908'),('997','true','false','6','50','158','909'),('998','true','false','9','84','161','910'),('999','true','false','9','89','164','911'),('1000','true','false','5','36','155','912'),('1001','true','false','5','41','156','912'),('1002','true','false','6','56','157','912'),('1003','true','false','5','44','152','913'),('1004','true','false','9','89','153','913'),('1005','true','false','9','85','277','914'),('1006','true','false','8','73','212','915'),('1007','true','false','5','33','221','916'),('1008','true','false','5','22','222','916'),('1009','true','false','8','74','223','916'),('1010','true','false','5','9','227','917'),('1011','true','false','5','48','228','917'),('1012','true','false','6','57','229','917'),('1013','true','false','5','6','215','918'),('1014','true','false','8','72','216','918'),('1015','true','false','9','84','218','919'),('1016','true','false','7','62','230','920'),('1017','true','false','7','63','206','921'),('1018','true','false','9','89','209','922'),('1019','true','false','5','42','224','923'),('1020','true','false','7','66','225','923'),('1021','true','false','5','42','161','934'),('1022','true','false','5','35','162','934'),('1023','true','false','8','71','163','934'),('1024','true','false','5','5','158','935'),('1025','true','false','8','75','159','935'),('1026','true','false','5','39','152','936'),('1027','true','false','5','21','153','936'),('1028','true','false','8','71','154','936'),('1029','true','false','5','0','149','937'),('1030','true','false','5','40','150','937'),('1031','true','false','7','65','151','937'),('1032','true','false','8','74','170','938'),('1033','true','false','7','60','146','939'),('1034','true','false','9','81','173','940'),('1035','true','false','5','0','167','941'),('1036','true','false','6','51','168','941'),('1037','true','false','5','37','164','942'),('1038','true','false','5','4','165','942'),('1039','true','false','8','75','166','942'),('1040','true','false','5','0','155','943'),('1041','true','false','5','22','156','943'),('1042','true','false','8','77','157','943'),('1043','true','false','6','58','277','944'),('1044','true','false','7','67','227','945'),('1045','true','false','5','31','212','946'),('1046','true','false','7','67','213','946'),('1047','true','false','5','2','209','947'),('1048','true','false','6','50','210','947'),('1049','true','false','5','36','218','948'),('1050','true','false','5','29','219','948'),('1051','true','false','7','65','220','948'),('1052','true','false','5','0','224','949'),('1053','true','false','8','70','225','949'),('1054','true','false','5','18','233','950'),('1055','true','false','5','25','234','950'),('1056','true','false','8','77','235','950'),('1057','true','false','5','17','206','951'),('1058','true','false','6','54','207','951'),('1059','true','false','9','82','221','952'),('1060','true','false','7','62','215','953'),('1061','true','false','5','1','164','964'),('1062','true','false','5','43','165','964'),('1063','true','false','8','74','166','964'),('1064','true','false','8','75','170','965'),('1065','true','false','6','56','146','966'),('1066','true','false','6','57','161','967'),('1067','true','false','5','7','158','968'),('1068','true','false','5','11','159','968'),('1069','true','false','9','88','160','968'),('1070','true','false','5','7','167','969'),('1071','true','false','7','61','168','969'),('1072','true','false','5','25','149','970'),('1073','true','false','7','62','150','970'),('1074','true','false','5','22','155','971'),('1075','true','false','9','83','156','971'),('1076','true','false','5','33','173','972'),('1077','true','false','5','44','174','972'),('1078','true','false','9','86','175','972'),('1079','true','false','5','10','152','973'),('1080','true','false','5','9','153','973'),('1081','true','false','7','64','154','973'),('1082','true','false','6','58','218','974'),('1083','true','false','6','54','221','975'),('1084','true','false','8','76','212','976'),('1085','true','false','5','2','233','977'),('1086','true','false','8','79','234','977'),('1087','true','false','6','55','224','978'),('1088','true','false','5','29','209','979'),('1089','true','false','5','34','210','979'),('1090','true','false','8','76','211','979'),('1091','true','false','5','32','206','980'),('1092','true','false','9','88','207','980'),('1093','true','false','5','34','215','981'),('1094','true','false','5','46','216','981'),('1095','true','false','6','53','217','981'),('1096','true','false','5','11','227','982'),('1097','true','false','8','77','228','982'),('1098','true','false','5','31','230','983'),('1099','true','false','9','85','231','983'),('1100','true','false','5','10','167','994'),('1101','true','false','7','63','168','994'),('1102','true','false','5','7','146','995'),('1103','true','false','5','9','147','995'),('1104','true','false','8','79','148','995'),('1105','true','false','5','37','161','996'),('1106','true','false','5','13','162','996'),('1107','true','false','7','66','163','996'),('1108','true','false','5','45','170','997'),('1109','true','false','9','88','171','997'),('1110','true','false','5','29','164','998'),('1111','true','false','5','23','165','998'),('1112','true','false','7','62','166','998'),('1113','true','false','5','32','155','999'),('1114','true','false','8','72','156','999'),('1115','true','false','7','66','173','1000'),('1116','true','false','5','40','149','1001'),('1117','true','false','5','16','150','1001'),('1118','true','false','6','58','151','1001'),('1119','true','false','5','41','152','1002'),('1120','true','false','5','29','153','1002'),('1121','true','false','9','89','154','1002'),('1122','true','false','5','21','158','1003'),('1123','true','false','9','89','159','1003'),('1124','true','false','5','10','206','1004'),('1125','true','false','8','72','207','1004'),('1126','true','false','5','23','227','1005'),('1127','true','false','6','52','228','1005'),('1128','true','false','9','81','209','1006'),('1129','true','false','5','4','215','1007'),('1130','true','false','8','79','216','1007'),('1131','true','false','5','33','221','1008'),('1132','true','false','5','22','222','1008'),('1133','true','false','7','60','223','1008'),('1134','true','false','5','32','224','1009'),('1135','true','false','9','87','225','1009'),('1136','true','false','9','89','277','1010'),('1137','true','false','7','67','218','1011'),('1138','true','false','5','37','212','1012'),('1139','true','false','7','65','213','1012'),('1140','true','false','5','16','233','1013'),('1141','true','false','5','14','234','1013'),('1142','true','false','8','72','235','1013'),('1143','true','false','7','69','161','1024'),('1144','true','false','9','84','149','1025'),('1145','true','false','5','22','158','1026'),('1146','true','false','7','63','159','1026'),('1147','true','false','5','2','155','1027'),('1148','true','false','5','3','156','1027'),('1149','true','false','7','61','157','1027'),('1150','true','false','5','5','167','1028'),('1151','true','false','5','18','168','1028'),('1152','true','false','8','74','169','1028'),('1153','true','false','5','28','164','1029'),('1154','true','false','8','78','165','1029'),('1155','true','false','5','47','173','1030'),('1156','true','false','5','11','174','1030'),('1157','true','false','7','68','175','1030'),('1158','true','false','7','64','152','1031'),('1159','true','false','5','43','146','1032'),('1160','true','false','5','35','147','1032'),('1161','true','false','9','87','148','1032'),('1162','true','false','5','42','170','1033'),('1163','true','false','8','71','171','1033'),('1164','true','false','5','39','227','1034'),('1165','true','false','8','71','228','1034'),('1166','true','false','9','80','221','1035'),('1167','true','false','9','82','218','1036'),('1168','true','false','5','32','224','1037'),('1169','true','false','8','78','225','1037'),('1170','true','false','9','80','277','1038'),('1171','true','false','5','18','212','1039'),('1172','true','false','7','63','213','1039'),('1173','true','false','7','69','215','1040'),('1174','true','false','7','65','209','1041'),('1175','true','false','8','72','206','1042'),('1176','true','false','5','21','230','1043'),('1177','true','false','7','60','231','1043'),('1178','true','false','5','45','152','1054'),('1179','true','false','5','31','153','1054'),('1180','true','false','6','58','154','1054'),('1181','true','false','7','62','173','1055'),('1182','true','false','5','35','164','1056'),('1183','true','false','9','82','165','1056'),('1184','true','false','5','41','149','1057'),('1185','true','false','6','55','150','1057'),('1186','true','false','5','25','161','1058'),('1187','true','false','5','25','162','1058'),('1188','true','false','8','78','163','1058'),('1189','true','false','5','14','158','1059'),('1190','true','false','5','1','159','1059'),('1191','true','false','6','59','160','1059'),('1192','true','false','8','79','155','1060'),('1193','true','false','5','6','167','1061'),('1194','true','false','5','8','168','1061'),('1195','true','false','9','82','169','1061'),('1196','true','false','5','37','170','1062'),('1197','true','false','5','23','171','1062'),('1198','true','false','7','60','172','1062'),('1199','true','false','9','85','146','1063'),('1200','true','false','5','11','209','1064'),('1201','true','false','5','1','210','1064'),('1202','true','false','7','69','211','1064'),('1203','true','false','5','13','212','1065'),('1204','true','false','5','27','213','1065'),('1205','true','false','6','56','214','1065'),('1206','true','false','5','37','227','1066'),('1207','true','false','5','26','228','1066'),('1208','true','false','8','76','229','1066'),('1209','true','false','5','21','221','1067'),('1210','true','false','9','80','222','1067'),('1211','true','false','5','31','218','1068'),('1212','true','false','9','83','219','1068'),('1213','true','false','5','19','224','1069'),('1214','true','false','5','12','225','1069'),('1215','true','false','9','84','226','1069'),('1216','true','false','5','20','206','1070'),('1217','true','false','5','25','207','1070'),('1218','true','false','6','59','208','1070'),('1219','true','false','7','62','277','1071'),('1220','true','false','5','27','230','1072'),('1221','true','false','5','45','231','1072'),('1222','true','false','9','83','232','1072'),('1223','true','false','8','71','215','1073'),('1224','true','false','5','33','155','1084'),('1225','true','false','5','17','156','1084'),('1226','true','false','9','83','157','1084'),('1227','true','false','5','23','146','1085'),('1228','true','false','5','3','147','1085'),('1229','true','false','9','84','148','1085'),('1230','true','false','5','25','167','1086'),('1231','true','false','8','79','168','1086'),('1232','true','false','5','20','173','1087'),('1233','true','false','5','0','174','1087'),('1234','true','false','8','73','175','1087'),('1235','true','false','5','16','164','1088'),('1236','true','false','7','66','165','1088'),('1237','true','false','8','70','149','1089'),('1238','true','false','5','8','158','1090'),('1239','true','false','5','42','159','1090'),('1240','true','false','7','62','160','1090'),('1241','true','false','5','24','161','1091'),('1242','true','false','5','3','162','1091'),('1243','true','false','8','79','163','1091'),('1244','true','false','5','38','170','1092'),('1245','true','false','5','8','171','1092'),('1246','true','false','9','86','172','1092'),('1247','true','false','5','12','152','1093'),('1248','true','false','5','4','153','1093'),('1249','true','false','7','60','154','1093'),('1250','true','false','5','10','209','1094'),('1251','true','false','9','84','210','1094'),('1252','true','false','6','56','218','1095'),('1253','true','false','5','33','215','1096'),('1254','true','false','5','28','216','1096'),('1255','true','false','7','68','217','1096'),('1256','true','false','7','66','227','1097'),('1257','true','false','8','75','277','1098'),('1258','true','false','5','37','212','1099'),('1259','true','false','9','84','213','1099'),('1260','true','false','5','17','233','1100'),('1261','true','false','5','0','234','1100'),('1262','true','false','6','54','235','1100'),('1263','true','false','6','53','224','1101'),('1264','true','false','5','31','221','1102'),('1265','true','false','5','14','222','1102'),('1266','true','false','6','55','223','1102'),('1267','true','false','9','87','206','1103'),('1268','true','false','5','13','149','1114'),('1269','true','false','5','46','150','1114'),('1270','true','false','9','87','151','1114'),('1271','true','false','6','57','173','1115'),('1272','true','false','7','67','170','1116'),('1273','true','false','8','70','146','1117'),('1274','true','false','5','23','155','1118'),('1275','true','false','5','11','156','1118'),('1276','true','false','9','84','157','1118'),('1277','true','false','5','42','158','1119'),('1278','true','false','9','84','159','1119'),('1279','true','false','7','61','161','1120'),('1280','true','false','9','82','152','1121'),('1281','true','false','6','51','167','1122'),('1282','true','false','6','54','164','1123'),('1283','true','false','6','56','212','1124'),('1284','true','false','7','60','206','1125'),('1285','true','false','7','65','277','1126'),('1286','true','false','7','67','230','1127'),('1287','true','false','5','18','227','1128'),('1288','true','false','8','78','228','1128'),('1289','true','false','5','7','215','1129'),('1290','true','false','5','24','216','1129'),('1291','true','false','8','78','217','1129'),('1292','true','false','5','9','209','1130'),('1293','true','false','8','74','210','1130'),('1294','true','false','5','30','221','1131'),('1295','true','false','7','66','222','1131'),('1296','true','false','5','42','218','1132'),('1297','true','false','9','81','219','1132'),('1298','true','false','5','34','224','1133'),('1299','true','false','9','89','225','1133'),('1300','true','false','5','27','161','1144'),('1301','true','false','8','78','162','1144'),('1302','true','false','5','4','155','1145'),('1303','true','false','7','60','156','1145'),('1304','true','false','5','9','152','1146'),('1305','true','false','5','6','153','1146'),('1306','true','false','9','89','154','1146'),('1307','true','false','6','51','146','1147'),('1308','true','false','9','87','164','1148'),('1309','true','false','5','9','170','1149'),('1310','true','false','9','87','171','1149'),('1311','true','false','7','69','167','1150'),('1312','true','false','5','5','173','1151'),('1313','true','false','5','38','174','1151'),('1314','true','false','7','67','175','1151'),('1315','true','false','5','44','158','1152'),('1316','true','false','5','6','159','1152'),('1317','true','false','7','60','160','1152'),('1318','true','false','5','37','149','1153'),('1319','true','false','5','25','150','1153'),('1320','true','false','6','57','151','1153'),('1321','true','false','5','10','233','1154'),('1322','true','false','5','41','234','1154'),('1323','true','false','9','81','235','1154'),('1324','true','false','5','16','212','1155'),('1325','true','false','9','82','213','1155'),('1326','true','false','9','80','209','1156'),('1327','true','false','5','1','218','1157'),('1328','true','false','6','53','219','1157'),('1329','true','false','6','50','206','1158'),('1330','true','false','6','51','215','1159'),('1331','true','false','8','79','224','1160'),('1332','true','false','5','25','230','1161'),('1333','true','false','5','31','231','1161'),('1334','true','false','7','68','232','1161'),('1335','true','false','5','40','221','1162'),('1336','true','false','6','58','222','1162'),('1337','true','false','5','44','227','1163'),('1338','true','false','5','48','228','1163'),('1339','true','false','8','77','229','1163'),('1340','true','false','5','38','158','1174'),('1341','true','false','5','15','159','1174'),('1342','true','false','8','70','160','1174'),('1343','true','false','5','26','164','1175'),('1344','true','false','5','6','165','1175'),('1345','true','false','7','69','166','1175'),('1346','true','false','9','89','155','1176'),('1347','true','false','8','70','146','1177'),('1348','true','false','5','1','152','1178'),('1349','true','false','5','13','153','1178'),('1350','true','false','7','68','154','1178'),('1351','true','false','7','62','167','1179'),('1352','true','false','6','56','149','1180'),('1353','true','false','5','21','161','1181'),('1354','true','false','9','84','162','1181'),('1355','true','false','5','36','170','1182'),('1356','true','false','5','12','171','1182'),('1357','true','false','9','86','172','1182'),('1358','true','false','7','66','173','1183'),('1359','true','false','5','13','215','1184'),('1360','true','false','5','1','216','1184'),('1361','true','false','8','71','217','1184'),('1362','true','false','6','55','227','1185'),('1363','true','false','9','85','218','1186'),('1364','true','false','5','45','224','1187'),('1365','true','false','9','86','225','1187'),('1366','true','false','5','10','221','1188'),('1367','true','false','9','81','222','1188'),('1368','true','false','5','4','230','1189'),('1369','true','false','5','11','231','1189'),('1370','true','false','6','52','232','1189'),('1371','true','false','9','83','212','1190'),('1372','true','false','8','74','277','1191'),('1373','true','false','5','13','206','1192'),('1374','true','false','5','14','207','1192'),('1375','true','false','9','88','208','1192'),('1376','true','false','5','38','209','1193'),('1377','true','false','7','68','210','1193'),('1378','true','false','5','25','146','1204'),('1379','true','false','5','7','147','1204'),('1380','true','false','8','79','148','1204'),('1381','true','false','5','6','161','1205'),('1382','true','false','5','10','162','1205'),('1383','true','false','6','55','163','1205'),('1384','true','false','5','28','173','1206'),('1385','true','false','5','3','174','1206'),('1386','true','false','7','67','175','1206'),('1387','true','false','9','83','164','1207'),('1388','true','false','5','39','158','1208'),('1389','true','false','5','32','159','1208'),('1390','true','false','9','80','160','1208'),('1391','true','false','8','76','170','1209'),('1392','true','false','7','65','167','1210'),('1393','true','false','5','7','155','1211'),('1394','true','false','8','78','156','1211'),('1395','true','false','5','45','149','1212'),('1396','true','false','8','73','150','1212'),('1397','true','false','8','71','152','1213'),('1398','true','false','5','24','212','1214'),('1399','true','false','5','8','213','1214'),('1400','true','false','8','70','214','1214'),('1401','true','false','5','17','221','1215'),('1402','true','false','8','78','222','1215'),('1403','true','false','5','20','224','1216'),('1404','true','false','9','89','225','1216'),('1405','true','false','9','84','206','1217'),('1406','true','false','5','17','227','1218'),('1407','true','false','6','54','228','1218'),('1408','true','false','5','35','218','1219'),('1409','true','false','9','87','219','1219'),('1410','true','false','5','23','209','1220'),('1411','true','false','5','11','210','1220'),('1412','true','false','6','58','211','1220'),('1413','true','false','5','16','230','1221'),('1414','true','false','7','68','231','1221'),('1415','true','false','8','78','215','1222'),('1416','true','false','6','54','277','1223'),('1417','true','false','9','82','146','1234'),('1418','true','false','5','6','149','1235'),('1419','true','false','5','30','150','1235'),('1420','true','false','9','82','151','1235'),('1421','true','false','9','80','155','1236'),('1422','true','false','9','88','158','1237'),('1423','true','false','5','48','152','1238'),('1424','true','false','5','6','153','1238'),('1425','true','false','9','86','154','1238'),('1426','true','false','9','84','164','1239'),('1427','true','false','5','41','173','1240'),('1428','true','false','5','23','174','1240'),('1429','true','false','9','89','175','1240'),('1430','true','false','9','83','161','1241'),('1431','true','false','5','12','170','1242'),('1432','true','false','9','85','171','1242'),('1433','true','false','5','34','167','1243'),('1434','true','false','5','10','168','1243'),('1435','true','false','9','89','169','1243'),('1436','true','false','9','86','212','1244'),('1437','true','false','5','20','209','1245'),('1438','true','false','5','42','210','1245'),('1439','true','false','9','82','211','1245'),('1440','true','false','5','43','215','1246'),('1441','true','false','9','89','216','1246'),('1442','true','false','9','83','277','1247'),('1443','true','false','9','85','221','1248'),('1444','true','false','9','86','227','1249'),('1445','true','false','5','17','206','1250'),('1446','true','false','9','89','207','1250'),('1447','true','false','9','82','230','1251'),('1448','true','false','5','2','218','1252'),('1449','true','false','9','84','219','1252'),('1450','true','false','5','12','224','1253'),('1451','true','false','5','42','225','1253'),('1452','true','false','9','85','226','1253'),('1453','true','false','5','45','161','1264'),('1454','true','false','5','17','162','1264'),('1455','true','false','8','78','163','1264'),('1456','true','false','5','33','164','1265'),('1457','true','false','5','10','165','1265'),('1458','true','false','8','74','166','1265'),('1459','true','false','5','29','173','1266'),('1460','true','false','6','56','174','1266'),('1461','true','false','6','56','149','1267'),('1462','true','false','5','44','152','1268'),('1463','true','false','5','47','153','1268'),('1464','true','false','6','52','154','1268'),('1465','true','false','5','3','158','1269'),('1466','true','false','6','57','159','1269'),('1467','true','false','5','40','167','1270'),('1468','true','false','6','51','168','1270'),('1469','true','false','5','3','155','1271'),('1470','true','false','5','29','156','1271'),('1471','true','false','6','50','157','1271'),('1472','true','false','5','9','146','1272'),('1473','true','false','9','85','147','1272'),('1474','true','false','5','37','170','1273'),('1475','true','false','6','58','171','1273'),('1476','true','false','5','39','227','1274'),('1477','true','false','6','51','228','1274'),('1478','true','false','9','86','215','1275'),('1479','true','false','5','19','224','1276'),('1480','true','false','5','15','225','1276'),('1481','true','false','8','74','226','1276'),('1482','true','false','5','32','230','1277'),('1483','true','false','7','64','231','1277'),('1484','true','false','8','78','277','1278'),('1485','true','false','5','23','209','1279'),('1486','true','false','6','58','210','1279'),('1487','true','false','5','45','212','1280'),('1488','true','false','6','55','213','1280'),('1489','true','false','6','59','206','1281'),('1490','true','false','9','85','221','1282'),('1491','true','false','5','32','218','1283'),('1492','true','false','7','67','219','1283'),('1493','true','false','5','1','146','1294'),('1494','true','false','8','73','147','1294'),('1495','true','false','9','84','158','1295'),('1496','true','false','7','62','155','1296'),('1497','true','false','6','51','161','1297'),('1498','true','false','5','18','170','1298'),('1499','true','false','8','75','171','1298'),('1500','true','false','6','54','149','1299'),('1501','true','false','6','58','164','1300'),('1502','true','false','5','14','173','1301'),('1503','true','false','5','3','174','1301'),('1504','true','false','9','81','175','1301'),('1505','true','false','5','7','167','1302'),('1506','true','false','5','8','168','1302'),('1507','true','false','6','57','169','1302'),('1508','true','false','8','75','152','1303'),('1509','true','false','6','55','212','1304'),('1510','true','false','5','35','206','1305'),('1511','true','false','9','82','207','1305'),('1512','true','false','5','47','227','1306'),('1513','true','false','5','12','228','1306'),('1514','true','false','7','62','229','1306'),('1515','true','false','8','77','277','1307'),('1516','true','false','5','4','233','1308'),('1517','true','false','5','39','234','1308'),('1518','true','false','9','86','235','1308'),('1519','true','false','5','13','224','1309'),('1520','true','false','6','51','225','1309'),('1521','true','false','5','24','221','1310'),('1522','true','false','5','8','222','1310'),('1523','true','false','6','50','223','1310'),('1524','true','false','5','11','209','1311'),('1525','true','false','5','31','210','1311'),('1526','true','false','9','88','211','1311'),('1527','true','false','8','79','215','1312'),('1528','true','false','6','55','218','1313'),('1529','true','false','6','59','149','1324'),('1530','true','false','5','18','152','1325'),('1531','true','false','5','10','153','1325'),('1532','true','false','8','74','154','1325'),('1533','true','false','6','52','155','1326'),('1534','true','false','5','37','158','1327'),('1535','true','false','8','71','159','1327'),('1536','true','false','5','47','146','1328'),('1537','true','false','5','20','147','1328'),('1538','true','false','7','64','148','1328'),('1539','true','false','6','57','170','1329'),('1540','true','false','5','38','161','1330'),('1541','true','false','5','4','162','1330'),('1542','true','false','8','72','163','1330'),('1543','true','false','5','23','167','1331'),('1544','true','false','5','28','168','1331'),('1545','true','false','7','62','169','1331'),('1546','true','false','5','46','164','1332'),('1547','true','false','5','14','165','1332'),('1548','true','false','6','53','166','1332'),('1549','true','false','9','81','173','1333'),('1550','true','false','9','87','215','1334'),('1551','true','false','5','39','218','1335'),('1552','true','false','9','87','219','1335'),('1553','true','false','8','71','212','1336'),('1554','true','false','5','47','209','1337'),('1555','true','false','5','32','210','1337'),('1556','true','false','6','52','211','1337'),('1557','true','false','5','16','227','1338'),('1558','true','false','5','47','228','1338'),('1559','true','false','9','86','229','1338'),('1560','true','false','5','18','221','1339'),('1561','true','false','5','45','222','1339'),('1562','true','false','8','77','223','1339'),('1563','true','false','5','48','206','1340'),('1564','true','false','5','6','207','1340'),('1565','true','false','8','79','208','1340'),('1566','true','false','8','71','230','1341'),('1567','true','false','9','85','233','1342'),('1568','true','false','5','45','224','1343'),('1569','true','false','7','60','225','1343'),('1570','true','false','5','4','170','1354'),('1571','true','false','5','46','171','1354'),('1572','true','false','8','77','172','1354'),('1573','true','false','5','13','152','1355'),('1574','true','false','5','33','153','1355'),('1575','true','false','6','59','154','1355'),('1576','true','false','6','52','173','1356'),('1577','true','false','5','42','161','1357'),('1578','true','false','5','4','162','1357'),('1579','true','false','8','71','163','1357'),('1580','true','false','5','28','164','1358'),('1581','true','false','5','23','165','1358'),('1582','true','false','8','73','166','1358'),('1583','true','false','6','58','155','1359'),('1584','true','false','5','40','149','1360'),('1585','true','false','5','10','150','1360'),('1586','true','false','6','50','151','1360'),('1587','true','false','5','47','158','1361'),('1588','true','false','7','65','159','1361'),('1589','true','false','5','37','146','1362'),('1590','true','false','9','87','147','1362'),('1591','true','false','5','41','167','1363'),('1592','true','false','5','8','168','1363'),('1593','true','false','9','81','169','1363'),('1594','true','false','5','22','218','1364'),('1595','true','false','9','82','219','1364'),('1596','true','false','7','61','206','1365'),('1597','true','false','5','23','224','1366'),('1598','true','false','5','36','225','1366'),('1599','true','false','6','55','226','1366'),('1600','true','false','5','37','227','1367'),('1601','true','false','5','21','228','1367'),('1602','true','false','7','61','229','1367'),('1603','true','false','9','89','230','1368'),('1604','true','false','7','64','277','1369'),('1605','true','false','5','1','221','1370'),('1606','true','false','5','36','222','1370'),('1607','true','false','9','81','223','1370'),('1608','true','false','5','14','209','1371'),('1609','true','false','8','75','210','1371'),('1610','true','false','5','46','212','1372'),('1611','true','false','5','15','213','1372'),('1612','true','false','9','86','214','1372'),('1613','true','false','8','78','215','1373'),('1614','true','false','7','67','167','1384'),('1615','true','false','8','75','152','1385'),('1616','true','false','5','47','149','1386'),('1617','true','false','7','63','150','1386'),('1618','true','false','5','13','146','1387'),('1619','true','false','5','46','147','1387'),('1620','true','false','6','58','148','1387'),('1621','true','false','5','37','158','1388'),('1622','true','false','5','31','159','1388'),('1623','true','false','7','62','160','1388'),('1624','true','false','5','4','161','1389'),('1625','true','false','8','76','162','1389'),('1626','true','false','8','72','173','1390'),('1627','true','false','7','66','170','1391'),('1628','true','false','8','79','155','1392'),('1629','true','false','7','68','164','1393'),('1630','true','false','9','83','277','1394'),('1631','true','false','8','79','218','1395'),('1632','true','false','8','74','215','1396'),('1633','true','false','5','7','209','1397'),('1634','true','false','5','1','210','1397'),('1635','true','false','7','66','211','1397'),('1636','true','false','5','47','230','1398'),('1637','true','false','6','50','231','1398'),('1638','true','false','5','20','212','1399'),('1639','true','false','5','24','213','1399'),('1640','true','false','6','56','214','1399'),('1641','true','false','5','29','227','1400'),('1642','true','false','5','34','228','1400'),('1643','true','false','9','89','229','1400'),('1644','true','false','5','30','206','1401'),('1645','true','false','5','31','207','1401'),('1646','true','false','6','52','208','1401'),('1647','true','false','5','40','224','1402'),('1648','true','false','5','37','225','1402'),('1649','true','false','8','76','226','1402'),('1650','true','false','5','48','221','1403'),('1651','true','false','5','14','222','1403'),('1652','true','false','6','55','223','1403'),('1653','true','false','5','6','173','1414'),('1654','true','false','8','74','174','1414'),('1655','true','false','5','15','155','1415'),('1656','true','false','5','34','156','1415'),('1657','true','false','8','77','157','1415'),('1658','true','false','7','64','158','1416'),('1659','true','false','5','43','149','1417'),('1660','true','false','5','19','150','1417'),('1661','true','false','9','88','151','1417'),('1662','true','false','5','44','167','1418'),('1663','true','false','5','0','168','1418'),('1664','true','false','7','63','169','1418'),('1665','true','false','5','9','164','1419'),('1666','true','false','5','43','165','1419'),('1667','true','false','6','58','166','1419'),('1668','true','false','5','10','161','1420'),('1669','true','false','5','0','162','1420'),('1670','true','false','6','53','163','1420'),('1671','true','false','8','73','152','1421'),('1672','true','false','9','88','170','1422'),('1673','true','false','5','12','146','1423'),('1674','true','false','9','81','147','1423'),('1675','true','false','5','48','212','1424'),('1676','true','false','5','4','213','1424'),('1677','true','false','7','67','214','1424'),('1678','true','false','5','42','218','1425'),('1679','true','false','5','5','219','1425'),('1680','true','false','8','75','220','1425'),('1681','true','false','5','40','230','1426'),('1682','true','false','6','57','231','1426'),('1683','true','false','5','36','227','1427'),('1684','true','false','5','13','228','1427'),('1685','true','false','7','66','229','1427'),('1686','true','false','9','84','215','1428'),('1687','true','false','7','66','233','1429'),('1688','true','false','5','0','206','1430'),('1689','true','false','5','39','207','1430'),('1690','true','false','9','82','208','1430'),('1691','true','false','6','59','209','1431'),('1692','true','false','5','5','224','1432'),('1693','true','false','7','60','225','1432'),('1694','true','false','5','14','221','1433'),('1695','true','false','9','87','222','1433'),('1696','true','false','5','19','161','1444'),('1697','true','false','5','42','162','1444'),('1698','true','false','6','50','163','1444'),('1699','true','false','5','30','152','1445'),('1700','true','false','6','55','153','1445'),('1701','true','false','6','53','158','1446'),('1702','true','false','5','31','146','1447'),('1703','true','false','5','19','147','1447'),('1704','true','false','7','67','148','1447'),('1705','true','false','5','32','164','1448'),('1706','true','false','5','18','165','1448'),('1707','true','false','8','72','166','1448'),('1708','true','false','5','13','170','1449'),('1709','true','false','5','35','171','1449'),('1710','true','false','9','86','172','1449'),('1711','true','false','5','39','149','1450'),('1712','true','false','8','75','150','1450'),('1713','true','false','5','15','167','1451'),('1714','true','false','5','28','168','1451'),('1715','true','false','9','88','169','1451'),('1716','true','false','6','59','173','1452'),('1717','true','false','7','64','155','1453'),('1718','true','false','5','17','227','1454'),('1719','true','false','5','18','228','1454'),('1720','true','false','7','66','229','1454'),('1721','true','false','5','19','215','1455'),('1722','true','false','7','69','216','1455'),('1723','true','false','5','30','224','1456'),('1724','true','false','5','21','225','1456'),('1725','true','false','8','70','226','1456'),('1726','true','false','5','16','212','1457'),('1727','true','false','8','72','213','1457'),('1728','true','false','5','30','221','1458'),('1729','true','false','8','77','222','1458'),('1730','true','false','5','32','218','1459'),('1731','true','false','5','42','219','1459'),('1732','true','false','7','67','220','1459'),('1733','true','false','6','51','277','1460'),('1734','true','false','5','21','206','1461'),('1735','true','false','8','76','207','1461'),('1736','true','false','5','35','233','1462'),('1737','true','false','9','83','234','1462'),('1738','true','false','5','45','209','1463'),('1739','true','false','6','50','210','1463'),('1740','true','false','9','84','170','1474'),('1741','true','false','5','44','155','1475'),('1742','true','false','9','86','156','1475'),('1743','true','false','5','40','149','1476'),('1744','true','false','5','28','150','1476'),('1745','true','false','9','80','151','1476'),('1746','true','false','5','3','173','1477'),('1747','true','false','9','89','174','1477'),('1748','true','false','5','25','167','1478'),('1749','true','false','9','81','168','1478'),('1750','true','false','5','8','164','1479'),('1751','true','false','9','81','165','1479'),('1752','true','false','5','14','158','1480'),('1753','true','false','5','22','159','1480'),('1754','true','false','9','88','160','1480'),('1755','true','false','5','22','146','1481'),('1756','true','false','9','86','147','1481'),('1757','true','false','9','82','152','1482'),('1758','true','false','9','83','161','1483'),('1759','true','false','9','89','212','1484'),('1760','true','false','9','89','209','1485'),('1761','true','false','9','87','233','1486'),('1762','true','false','5','39','227','1487'),('1763','true','false','5','0','228','1487'),('1764','true','false','9','82','229','1487'),('1765','true','false','9','89','218','1488'),('1766','true','false','5','20','215','1489'),('1767','true','false','9','89','216','1489'),('1768','true','false','5','3','221','1490'),('1769','true','false','9','84','222','1490'),('1770','true','false','9','89','224','1491'),('1771','true','false','9','82','277','1492'),('1772','true','false','9','88','206','1493'),('1773','true','false','5','46','146','1504'),('1774','true','false','7','62','147','1504'),('1775','true','false','5','11','155','1505'),('1776','true','false','5','43','156','1505'),('1777','true','false','8','71','157','1505'),('1778','true','false','5','11','164','1506'),('1779','true','false','8','72','165','1506'),('1780','true','false','7','68','152','1507'),('1781','true','false','5','2','158','1508'),('1782','true','false','7','67','159','1508'),('1783','true','false','7','61','149','1509'),('1784','true','false','6','54','161','1510'),('1785','true','false','6','55','173','1511'),('1786','true','false','5','46','170','1512'),('1787','true','false','5','22','171','1512'),('1788','true','false','6','51','172','1512'),('1789','true','false','5','40','167','1513'),('1790','true','false','7','63','168','1513'),('1791','true','false','5','21','227','1514'),('1792','true','false','9','83','228','1514'),('1793','true','false','5','37','221','1515'),('1794','true','false','5','31','222','1515'),('1795','true','false','8','75','223','1515'),('1796','true','false','7','62','224','1516'),('1797','true','false','6','57','206','1517'),('1798','true','false','9','89','233','1518'),('1799','true','false','6','57','212','1519'),('1800','true','false','5','42','218','1520'),('1801','true','false','8','77','219','1520'),('1802','true','false','5','48','209','1521'),('1803','true','false','5','4','210','1521'),('1804','true','false','6','56','211','1521'),('1805','true','false','5','16','215','1522'),('1806','true','false','8','71','216','1522'),('1807','true','false','6','53','277','1523'),('1808','true','false','8','76','173','1534'),('1809','true','false','7','61','161','1535'),('1810','true','false','6','52','164','1536'),('1811','true','false','7','60','158','1537'),('1812','true','false','8','71','170','1538'),('1813','true','false','7','69','146','1539'),('1814','true','false','5','45','155','1540'),('1815','true','false','7','63','156','1540'),('1816','true','false','5','24','149','1541'),('1817','true','false','5','48','150','1541'),('1818','true','false','9','82','151','1541'),('1819','true','false','5','21','167','1542'),('1820','true','false','8','73','168','1542'),('1821','true','false','5','29','152','1543'),('1822','true','false','7','63','153','1543'),('1823','true','false','5','21','212','1544'),('1824','true','false','6','58','213','1544'),('1825','true','false','9','84','206','1545'),('1826','true','false','5','43','221','1546'),('1827','true','false','9','84','222','1546'),('1828','true','false','5','10','209','1547'),('1829','true','false','5','45','210','1547'),('1830','true','false','6','57','211','1547'),('1831','true','false','5','6','230','1548'),('1832','true','false','8','74','231','1548'),('1833','true','false','9','85','277','1549'),('1834','true','false','5','19','227','1550'),('1835','true','false','5','37','228','1550'),('1836','true','false','7','60','229','1550'),('1837','true','false','5','27','224','1551'),('1838','true','false','6','50','225','1551'),('1839','true','false','5','3','215','1552'),('1840','true','false','5','32','216','1552'),('1841','true','false','7','64','217','1552'),('1842','true','false','5','32','218','1553'),('1843','true','false','5','46','219','1553'),('1844','true','false','8','74','220','1553'),('1845','true','false','5','16','173','1564'),('1846','true','false','5','29','174','1564'),('1847','true','false','9','84','175','1564'),('1848','true','false','8','75','161','1565'),('1849','true','false','7','68','155','1566'),('1850','true','false','8','72','158','1567'),('1851','true','false','5','24','152','1568'),('1852','true','false','5','9','153','1568'),('1853','true','false','7','68','154','1568'),('1854','true','false','5','46','170','1569'),('1855','true','false','8','72','171','1569'),('1856','true','false','6','52','167','1570'),('1857','true','false','5','44','149','1571'),('1858','true','false','7','66','150','1571'),('1859','true','false','6','59','146','1572'),('1860','true','false','7','62','164','1573'),('1861','true','false','5','32','230','1574'),('1862','true','false','7','68','231','1574'),('1863','true','false','5','27','212','1575'),('1864','true','false','8','71','213','1575'),('1865','true','false','8','70','218','1576'),('1866','true','false','5','36','224','1577'),('1867','true','false','5','4','225','1577'),('1868','true','false','8','78','226','1577'),('1869','true','false','9','80','233','1578'),('1870','true','false','5','5','227','1579'),('1871','true','false','8','72','228','1579'),('1872','true','false','5','45','215','1580'),('1873','true','false','5','30','216','1580'),('1874','true','false','7','65','217','1580'),('1875','true','false','9','83','206','1581'),('1876','true','false','5','36','209','1582'),('1877','true','false','5','48','210','1582'),('1878','true','false','7','64','211','1582'),('1879','true','false','5','4','221','1583'),('1880','true','false','5','23','222','1583'),('1881','true','false','7','65','223','1583'),('1882','true','false','7','63','170','1594'),('1883','true','false','5','39','152','1595'),('1884','true','false','7','66','153','1595'),('1885','true','false','5','38','158','1596'),('1886','true','false','5','1','159','1596'),('1887','true','false','6','54','160','1596'),('1888','true','false','6','58','149','1597'),('1889','true','false','5','9','155','1598'),('1890','true','false','9','82','156','1598'),('1891','true','false','5','27','173','1599'),('1892','true','false','5','35','174','1599'),('1893','true','false','9','88','175','1599'),('1894','true','false','9','87','164','1600'),('1895','true','false','5','3','146','1601'),('1896','true','false','6','54','147','1601'),('1897','true','false','5','45','161','1602'),('1898','true','false','8','79','162','1602'),('1899','true','false','5','1','167','1603'),('1900','true','false','8','74','168','1603'),('1901','true','false','6','59','230','1604'),('1902','true','false','5','3','227','1605'),('1903','true','false','8','75','228','1605'),('1904','true','false','8','77','218','1606'),('1905','true','false','7','64','215','1607'),('1906','true','false','5','19','224','1608'),('1907','true','false','5','34','225','1608'),('1908','true','false','6','55','226','1608'),('1909','true','false','5','31','209','1609'),('1910','true','false','8','74','210','1609'),('1911','true','false','7','66','277','1610'),('1912','true','false','9','80','212','1611'),('1913','true','false','5','8','206','1612'),('1914','true','false','9','89','207','1612'),('1915','true','false','8','75','221','1613'),('1916','true','false','7','67','164','1624'),('1917','true','false','5','2','170','1625'),('1918','true','false','8','70','171','1625'),('1919','true','false','9','88','146','1626'),('1920','true','false','5','29','152','1627'),('1921','true','false','5','32','153','1627'),('1922','true','false','9','86','154','1627'),('1923','true','false','5','31','155','1628'),('1924','true','false','5','26','156','1628'),('1925','true','false','8','73','157','1628'),('1926','true','false','7','66','149','1629'),('1927','true','false','5','13','161','1630'),('1928','true','false','9','84','162','1630'),('1929','true','false','5','1','167','1631'),('1930','true','false','6','57','168','1631'),('1931','true','false','8','72','173','1632'),('1932','true','false','5','20','158','1633'),('1933','true','false','5','19','159','1633'),('1934','true','false','8','73','160','1633'),('1935','true','false','5','24','218','1634'),('1936','true','false','9','82','219','1634'),('1937','true','false','9','81','209','1635'),('1938','true','false','8','76','206','1636'),('1939','true','false','5','3','212','1637'),('1940','true','false','5','21','213','1637'),('1941','true','false','8','71','214','1637'),('1942','true','false','5','19','221','1638'),('1943','true','false','5','39','222','1638'),('1944','true','false','9','83','223','1638'),('1945','true','false','7','69','277','1639'),('1946','true','false','5','37','227','1640'),('1947','true','false','5','6','228','1640'),('1948','true','false','8','75','229','1640'),('1949','true','false','5','27','224','1641'),('1950','true','false','9','81','225','1641'),('1951','true','false','5','25','230','1642'),('1952','true','false','7','61','231','1642'),('1953','true','false','5','35','215','1643'),('1954','true','false','8','77','216','1643'),('1955','true','false','5','27','146','1654'),('1956','true','false','5','19','147','1654'),('1957','true','false','6','59','148','1654'),('1958','true','false','9','82','164','1655'),('1959','true','false','5','43','167','1656'),('1960','true','false','5','7','168','1656'),('1961','true','false','6','53','169','1656'),('1962','true','false','5','34','158','1657'),('1963','true','false','6','51','159','1657'),('1964','true','false','5','46','173','1658'),('1965','true','false','5','42','174','1658'),('1966','true','false','8','75','175','1658'),('1967','true','false','5','33','170','1659'),('1968','true','false','7','69','171','1659'),('1969','true','false','7','62','149','1660'),('1970','true','false','5','0','152','1661'),('1971','true','false','7','66','153','1661'),('1972','true','false','5','38','161','1662'),('1973','true','false','9','85','162','1662'),('1974','true','false','5','20','155','1663'),('1975','true','false','5','0','156','1663'),('1976','true','false','7','67','157','1663'),('1977','true','false','9','86','218','1664'),('1978','true','false','9','89','212','1665'),('1979','true','false','5','37','221','1666'),('1980','true','false','8','76','222','1666'),('1981','true','false','5','30','209','1667'),('1982','true','false','5','0','210','1667'),('1983','true','false','6','51','211','1667'),('1984','true','false','5','29','233','1668'),('1985','true','false','5','37','234','1668'),('1986','true','false','6','51','235','1668'),('1987','true','false','9','88','227','1669'),('1988','true','false','5','43','230','1670'),('1989','true','false','7','68','231','1670'),('1990','true','false','9','86','206','1671'),('1991','true','false','5','20','224','1672'),('1992','true','false','5','28','225','1672'),('1993','true','false','7','65','226','1672'),('1994','true','false','5','3','215','1673'),('1995','true','false','5','30','216','1673'),('1996','true','false','6','54','217','1673'),('1997','true','false','6','59','155','1684'),('1998','true','false','5','7','152','1685'),('1999','true','false','9','83','153','1685'),('2000','true','false','5','41','164','1686'),('2001','true','false','8','76','165','1686'),('2002','true','false','9','88','158','1687'),('2003','true','false','5','36','170','1688'),('2004','true','false','9','82','171','1688'),('2005','true','false','5','34','161','1689'),('2006','true','false','8','70','162','1689'),('2007','true','false','5','18','173','1690'),('2008','true','false','7','63','174','1690'),('2009','true','false','5','47','149','1691'),('2010','true','false','9','88','150','1691'),('2011','true','false','5','7','146','1692'),('2012','true','false','9','85','147','1692'),('2013','true','false','5','8','167','1693'),('2014','true','false','7','63','168','1693'),('2015','true','false','9','80','224','1694'),('2016','true','false','6','50','233','1695'),('2017','true','false','5','22','218','1696'),('2018','true','false','5','8','219','1696'),('2019','true','false','7','69','220','1696'),('2020','true','false','5','42','209','1697'),('2021','true','false','5','13','210','1697'),('2022','true','false','7','62','211','1697'),('2023','true','false','6','51','221','1698'),('2024','true','false','9','87','215','1699'),('2025','true','false','5','4','230','1700'),('2026','true','false','8','71','231','1700'),('2027','true','false','5','40','206','1701'),('2028','true','false','5','8','207','1701'),('2029','true','false','6','54','208','1701'),('2030','true','false','8','75','212','1702'),('2031','true','false','5','3','227','1703'),('2032','true','false','7','69','228','1703'),('2033','true','false','9','85','152','1714'),('2034','true','false','5','31','164','1715'),('2035','true','false','9','80','165','1715'),('2036','true','false','5','2','167','1716'),('2037','true','false','9','89','168','1716'),('2038','true','false','5','46','170','1717'),('2039','true','false','5','31','171','1717'),('2040','true','false','9','80','172','1717'),('2041','true','false','5','7','173','1718'),('2042','true','false','5','4','174','1718'),('2043','true','false','9','84','175','1718'),('2044','true','false','9','80','149','1719'),('2045','true','false','9','83','161','1720'),('2046','true','false','5','4','158','1721'),('2047','true','false','9','83','159','1721'),('2048','true','false','5','42','155','1722'),('2049','true','false','5','8','156','1722'),('2050','true','false','9','82','157','1722'),('2051','true','false','5','41','146','1723'),('2052','true','false','5','10','147','1723'),('2053','true','false','9','83','148','1723'),('2054','true','false','9','84','218','1724'),('2055','true','false','9','84','233','1725'),('2056','true','false','5','8','206','1726'),('2057','true','false','5','32','207','1726'),('2058','true','false','9','87','208','1726'),('2059','true','false','9','85','215','1727'),('2060','true','false','5','8','212','1728'),('2061','true','false','9','80','213','1728'),('2062','true','false','5','46','224','1729'),('2063','true','false','9','88','225','1729'),('2064','true','false','5','0','221','1730'),('2065','true','false','9','80','222','1730'),('2066','true','false','5','45','227','1731'),('2067','true','false','5','47','228','1731'),('2068','true','false','9','82','229','1731'),('2069','true','false','5','15','209','1732'),('2070','true','false','9','85','210','1732'),('2071','true','false','9','87','277','1733'),('2072','true','false','6','58','167','1744'),('2073','true','false','5','31','161','1745'),('2074','true','false','9','85','162','1745'),('2075','true','false','9','84','173','1746'),('2076','true','false','5','27','152','1747'),('2077','true','false','5','21','153','1747'),('2078','true','false','7','69','154','1747'),('2079','true','false','5','42','146','1748'),('2080','true','false','5','38','147','1748'),('2081','true','false','8','77','148','1748'),('2082','true','false','5','7','158','1749'),('2083','true','false','5','10','159','1749'),('2084','true','false','9','87','160','1749'),('2085','true','false','7','69','170','1750'),('2086','true','false','7','60','149','1751'),('2087','true','false','5','40','164','1752'),('2088','true','false','7','60','165','1752'),('2089','true','false','7','64','155','1753'),('2090','true','false','5','9','221','1754'),('2091','true','false','9','81','222','1754'),('2092','true','false','5','32','230','1755'),('2093','true','false','6','54','231','1755'),('2094','true','false','8','72','206','1756'),('2095','true','false','5','20','209','1757'),('2096','true','false','5','5','210','1757'),('2097','true','false','9','88','211','1757'),('2098','true','false','5','19','227','1758'),('2099','true','false','9','82','228','1758'),('2100','true','false','5','6','224','1759'),('2101','true','false','7','64','225','1759'),('2102','true','false','5','36','215','1760'),('2103','true','false','8','79','216','1760'),('2104','true','false','7','67','277','1761'),('2105','true','false','5','46','218','1762'),('2106','true','false','5','39','219','1762'),('2107','true','false','9','84','220','1762'),('2108','true','false','5','19','212','1763'),('2109','true','false','6','57','213','1763'),('2110','true','false','8','77','167','1774'),('2111','true','false','5','4','173','1775'),('2112','true','false','5','25','174','1775'),('2113','true','false','7','63','175','1775'),('2114','true','false','5','37','152','1776'),('2115','true','false','5','34','153','1776'),('2116','true','false','7','63','154','1776'),('2117','true','false','5','40','170','1777'),('2118','true','false','7','62','171','1777'),('2119','true','false','5','10','149','1778'),('2120','true','false','5','25','150','1778'),('2121','true','false','6','51','151','1778'),('2122','true','false','5','6','164','1779'),('2123','true','false','9','86','165','1779'),('2124','true','false','7','64','146','1780'),('2125','true','false','5','26','155','1781'),('2126','true','false','6','53','156','1781'),('2127','true','false','5','30','161','1782'),('2128','true','false','5','20','162','1782'),('2129','true','false','7','66','163','1782'),('2130','true','false','5','10','158','1783'),('2131','true','false','6','50','159','1783'),('2132','true','false','5','17','218','1784'),('2133','true','false','5','13','219','1784'),('2134','true','false','7','61','220','1784'),('2135','true','false','5','22','206','1785'),('2136','true','false','6','58','207','1785'),('2137','true','false','5','6','209','1786'),('2138','true','false','8','79','210','1786'),('2139','true','false','9','83','277','1787'),('2140','true','false','5','30','212','1788'),('2141','true','false','5','45','213','1788'),('2142','true','false','6','51','214','1788'),('2143','true','false','5','3','221','1789'),('2144','true','false','5','27','222','1789'),('2145','true','false','7','68','223','1789'),('2146','true','false','7','61','215','1790'),('2147','true','false','5','22','227','1791'),('2148','true','false','9','85','228','1791'),('2149','true','false','5','11','230','1792'),('2150','true','false','6','58','231','1792'),('2151','true','false','5','25','224','1793'),('2152','true','false','7','66','225','1793'),('2153','true','false','7','67','149','1804'),('2154','true','false','7','69','170','1805'),('2155','true','false','5','5','164','1806'),('2156','true','false','5','38','165','1806'),('2157','true','false','9','85','166','1806'),('2158','true','false','5','18','158','1807'),('2159','true','false','5','14','159','1807'),('2160','true','false','6','56','160','1807'),('2161','true','false','7','63','146','1808'),('2162','true','false','5','34','161','1809'),('2163','true','false','5','45','162','1809'),('2164','true','false','7','66','163','1809'),('2165','true','false','9','89','152','1810'),('2166','true','false','5','45','155','1811'),('2167','true','false','9','84','156','1811'),('2168','true','false','5','8','167','1812'),('2169','true','false','7','63','168','1812'),('2170','true','false','5','19','173','1813'),('2171','true','false','5','4','174','1813'),('2172','true','false','9','84','175','1813'),('2173','true','false','5','42','206','1814'),('2174','true','false','5','2','207','1814'),('2175','true','false','7','68','208','1814'),('2176','true','false','5','4','221','1815'),('2177','true','false','5','16','222','1815'),('2178','true','false','7','69','223','1815'),('2179','true','false','5','46','218','1816'),('2180','true','false','9','89','219','1816'),('2181','true','false','5','33','224','1817'),('2182','true','false','5','19','225','1817'),('2183','true','false','7','69','226','1817'),('2184','true','false','8','75','233','1818'),('2185','true','false','5','10','215','1819'),('2186','true','false','5','16','216','1819'),('2187','true','false','6','52','217','1819'),('2188','true','false','8','70','209','1820'),('2189','true','false','8','72','212','1821'),('2190','true','false','8','76','230','1822'),('2191','true','false','5','14','227','1823'),('2192','true','false','7','68','228','1823'),('2193','true','false','5','38','155','1834'),('2194','true','false','5','4','156','1834'),('2195','true','false','6','55','157','1834'),('2196','true','false','5','23','152','1835'),('2197','true','false','8','75','153','1835'),('2198','true','false','5','42','173','1836'),('2199','true','false','5','27','174','1836'),('2200','true','false','6','55','175','1836'),('2201','true','false','5','2','158','1837'),('2202','true','false','9','89','159','1837'),('2203','true','false','9','89','149','1838'),('2204','true','false','5','2','167','1839'),('2205','true','false','7','60','168','1839'),('2206','true','false','8','76','161','1840'),('2207','true','false','7','64','170','1841'),('2208','true','false','5','19','164','1842'),('2209','true','false','5','24','165','1842'),('2210','true','false','8','72','166','1842'),('2211','true','false','5','0','146','1843'),('2212','true','false','5','29','147','1843'),('2213','true','false','6','54','148','1843'),('2214','true','false','6','51','209','1844'),('2215','true','false','5','24','218','1845'),('2216','true','false','9','84','219','1845'),('2217','true','false','5','26','230','1846'),('2218','true','false','9','89','231','1846'),('2219','true','false','5','11','224','1847'),('2220','true','false','5','23','225','1847'),('2221','true','false','9','82','226','1847'),('2222','true','false','5','27','206','1848'),('2223','true','false','7','67','207','1848'),('2224','true','false','6','51','212','1849'),('2225','true','false','5','9','215','1850'),('2226','true','false','5','36','216','1850'),('2227','true','false','8','79','217','1850'),('2228','true','false','5','8','221','1851'),('2229','true','false','9','85','222','1851'),('2230','true','false','8','75','227','1852'),('2231','true','false','9','83','277','1853'),('2232','true','false','5','45','173','1864'),('2233','true','false','9','86','174','1864'),('2234','true','false','5','21','170','1865'),('2235','true','false','5','34','171','1865'),('2236','true','false','9','81','172','1865'),('2237','true','false','5','2','167','1866'),('2238','true','false','5','9','168','1866'),('2239','true','false','8','72','169','1866'),('2240','true','false','9','83','152','1867'),('2241','true','false','5','48','155','1868'),('2242','true','false','5','4','156','1868'),('2243','true','false','8','71','157','1868'),('2244','true','false','6','55','149','1869'),('2245','true','false','5','29','146','1870'),('2246','true','false','5','30','147','1870'),('2247','true','false','8','76','148','1870'),('2248','true','false','5','43','161','1871'),('2249','true','false','8','79','162','1871'),('2250','true','false','5','31','164','1872'),('2251','true','false','5','0','165','1872'),('2252','true','false','7','61','166','1872'),('2253','true','false','9','89','158','1873'),('2254','true','false','5','27','233','1874'),('2255','true','false','8','74','234','1874'),('2256','true','false','7','69','224','1875'),('2257','true','false','5','41','212','1876'),('2258','true','false','9','84','213','1876'),('2259','true','false','9','80','206','1877'),('2260','true','false','7','61','215','1878'),('2261','true','false','7','61','227','1879'),('2262','true','false','5','39','218','1880'),('2263','true','false','5','2','219','1880'),('2264','true','false','9','87','220','1880'),('2265','true','false','5','28','230','1881'),('2266','true','false','6','52','231','1881'),('2267','true','false','5','27','209','1882'),('2268','true','false','9','83','210','1882'),('2269','true','false','9','84','221','1883'),('2270','true','false','5','30','167','1894'),('2271','true','false','5','20','168','1894'),('2272','true','false','7','61','169','1894'),('2273','true','false','7','64','152','1895'),('2274','true','false','7','69','149','1896'),('2275','true','false','6','51','146','1897'),('2276','true','false','6','59','164','1898'),('2277','true','false','5','35','170','1899'),('2278','true','false','9','80','171','1899'),('2279','true','false','5','10','155','1900'),('2280','true','false','8','73','156','1900'),('2281','true','false','5','32','161','1901'),('2282','true','false','6','55','162','1901'),('2283','true','false','8','73','158','1902'),('2284','true','false','5','13','173','1903'),('2285','true','false','7','61','174','1903'),('2286','true','false','5','42','227','1904'),('2287','true','false','6','59','228','1904'),('2288','true','false','5','31','215','1905'),('2289','true','false','8','79','216','1905'),('2290','true','false','5','43','224','1906'),('2291','true','false','8','72','225','1906'),('2292','true','false','9','87','218','1907'),('2293','true','false','7','62','277','1908'),('2294','true','false','6','57','212','1909'),('2295','true','false','8','70','221','1910'),('2296','true','false','5','37','209','1911'),('2297','true','false','5','14','210','1911'),('2298','true','false','7','62','211','1911'),('2299','true','false','5','9','206','1912'),('2300','true','false','8','73','207','1912'),('2301','true','false','5','31','230','1913'),('2302','true','false','6','57','231','1913'),('2303','true','false','5','19','164','1924'),('2304','true','false','5','15','165','1924'),('2305','true','false','8','70','166','1924'),('2306','true','false','6','52','170','1925'),('2307','true','false','5','35','152','1926'),('2308','true','false','5','8','153','1926'),('2309','true','false','6','57','154','1926'),('2310','true','false','5','29','146','1927'),('2311','true','false','6','57','147','1927'),('2312','true','false','5','13','173','1928'),('2313','true','false','9','83','174','1928'),('2314','true','false','7','69','161','1929'),('2315','true','false','5','41','155','1930'),('2316','true','false','5','31','156','1930'),('2317','true','false','8','75','157','1930'),('2318','true','false','5','2','158','1931'),('2319','true','false','5','3','159','1931'),('2320','true','false','7','66','160','1931'),('2321','true','false','5','21','149','1932'),('2322','true','false','6','58','150','1932'),('2323','true','false','9','80','167','1933'),('2324','true','false','5','24','209','1934'),('2325','true','false','5','2','210','1934'),('2326','true','false','6','55','211','1934'),('2327','true','false','8','75','277','1935'),('2328','true','false','5','44','230','1936'),('2329','true','false','8','76','231','1936'),('2330','true','false','7','60','212','1937'),('2331','true','false','5','41','218','1938'),('2332','true','false','5','37','219','1938'),('2333','true','false','8','76','220','1938'),('2334','true','false','7','67','224','1939'),('2335','true','false','5','17','221','1940'),('2336','true','false','7','61','222','1940'),('2337','true','false','5','6','215','1941'),('2338','true','false','5','22','216','1941'),('2339','true','false','8','77','217','1941'),('2340','true','false','5','8','227','1942'),('2341','true','false','6','54','228','1942'),('2342','true','false','5','46','206','1943'),('2343','true','false','8','78','207','1943'),('2344','true','false','5','47','164','1954'),('2345','true','false','9','85','165','1954'),('2346','true','false','5','23','149','1955'),('2347','true','false','5','14','150','1955'),('2348','true','false','6','52','151','1955'),('2349','true','false','5','2','158','1956'),('2350','true','false','8','70','159','1956'),('2351','true','false','6','57','167','1957'),('2352','true','false','6','57','146','1958'),('2353','true','false','7','68','173','1959'),('2354','true','false','9','80','170','1960'),('2355','true','false','5','44','155','1961'),('2356','true','false','6','50','156','1961'),('2357','true','false','5','47','152','1962'),('2358','true','false','5','31','153','1962'),('2359','true','false','7','60','154','1962'),('2360','true','false','8','75','161','1963'),('2361','true','false','5','44','233','1964'),('2362','true','false','7','63','234','1964'),('2363','true','false','5','43','224','1965'),('2364','true','false','9','89','225','1965'),('2365','true','false','7','62','277','1966'),('2366','true','false','5','12','206','1967'),('2367','true','false','5','8','207','1967'),('2368','true','false','8','70','208','1967'),('2369','true','false','6','53','212','1968'),('2370','true','false','5','11','221','1969'),('2371','true','false','5','17','222','1969'),('2372','true','false','8','74','223','1969'),('2373','true','false','9','81','218','1970'),('2374','true','false','5','14','215','1971'),('2375','true','false','5','48','216','1971'),('2376','true','false','7','60','217','1971'),('2377','true','false','5','26','209','1972'),('2378','true','false','8','79','210','1972'),('2379','true','false','5','13','227','1973'),('2380','true','false','8','76','228','1973'),('2381','true','false','5','21','173','1984'),('2382','true','false','5','11','174','1984'),('2383','true','false','7','62','175','1984'),('2384','true','false','5','11','158','1985'),('2385','true','false','9','85','159','1985'),('2386','true','false','5','23','155','1986'),('2387','true','false','5','48','156','1986'),('2388','true','false','9','83','157','1986'),('2389','true','false','8','74','146','1987'),('2390','true','false','9','85','164','1988'),('2391','true','false','5','7','149','1989'),('2392','true','false','5','4','150','1989'),('2393','true','false','9','80','151','1989'),('2394','true','false','5','22','161','1990'),('2395','true','false','8','75','162','1990'),('2396','true','false','5','37','152','1991'),('2397','true','false','8','79','153','1991'),('2398','true','false','5','39','170','1992'),('2399','true','false','5','27','171','1992'),('2400','true','false','9','84','172','1992'),('2401','true','false','5','28','167','1993'),('2402','true','false','5','10','168','1993'),('2403','true','false','8','77','169','1993'),('2404','true','false','5','24','209','1994'),('2405','true','false','9','89','210','1994'),('2406','true','false','5','24','206','1995'),('2407','true','false','6','52','207','1995'),('2408','true','false','5','43','230','1996'),('2409','true','false','5','15','231','1996'),('2410','true','false','8','79','232','1996'),('2411','true','false','5','12','221','1997'),('2412','true','false','5','36','222','1997'),('2413','true','false','9','83','223','1997'),('2414','true','false','5','1','215','1998'),('2415','true','false','5','38','216','1998'),('2416','true','false','8','71','217','1998'),('2417','true','false','7','64','227','1999'),('2418','true','false','6','51','277','2000'),('2419','true','false','5','18','224','2001'),('2420','true','false','9','82','225','2001'),('2421','true','false','5','11','218','2002'),('2422','true','false','8','72','219','2002'),('2423','true','false','5','27','212','2003'),('2424','true','false','5','15','213','2003'),('2425','true','false','6','57','214','2003'),('2426','true','false','5','28','164','2014'),('2427','true','false','9','80','165','2014'),('2428','true','false','6','56','167','2015'),('2429','true','false','8','79','149','2016'),('2430','true','false','6','54','155','2017'),('2431','true','false','5','22','161','2018'),('2432','true','false','6','57','162','2018'),('2433','true','false','5','42','152','2019'),('2434','true','false','8','72','153','2019'),('2435','true','false','9','88','173','2020'),('2436','true','false','6','55','146','2021'),('2437','true','false','5','20','170','2022'),('2438','true','false','7','63','171','2022'),('2439','true','false','5','40','158','2023'),('2440','true','false','6','57','159','2023'),('2441','true','false','7','68','277','2024'),('2442','true','false','5','43','206','2025'),('2443','true','false','8','72','207','2025'),('2444','true','false','8','77','209','2026'),('2445','true','false','5','18','212','2027'),('2446','true','false','5','26','213','2027'),('2447','true','false','6','58','214','2027'),('2448','true','false','6','50','215','2028'),('2449','true','false','6','56','233','2029'),('2450','true','false','5','43','224','2030'),('2451','true','false','5','25','225','2030'),('2452','true','false','8','77','226','2030'),('2453','true','false','5','0','227','2031'),('2454','true','false','9','85','228','2031'),('2455','true','false','5','37','218','2032'),('2456','true','false','5','39','219','2032'),('2457','true','false','9','87','220','2032'),('2458','true','false','5','31','221','2033'),('2459','true','false','8','74','222','2033'),('2460','true','false','5','21','170','2044'),('2461','true','false','7','68','171','2044'),('2462','true','false','9','81','149','2045'),('2463','true','false','5','33','155','2046'),('2464','true','false','5','27','156','2046'),('2465','true','false','7','66','157','2046'),('2466','true','false','5','42','146','2047'),('2467','true','false','6','53','147','2047'),('2468','true','false','5','23','158','2048'),('2469','true','false','5','28','159','2048'),('2470','true','false','9','83','160','2048'),('2471','true','false','5','12','161','2049'),('2472','true','false','5','16','162','2049'),('2473','true','false','9','88','163','2049'),('2474','true','false','5','21','167','2050'),('2475','true','false','5','39','168','2050'),('2476','true','false','7','64','169','2050'),('2477','true','false','5','37','152','2051'),('2478','true','false','6','54','153','2051'),('2479','true','false','5','21','173','2052'),('2480','true','false','5','42','174','2052'),('2481','true','false','8','70','175','2052'),('2482','true','false','5','21','164','2053'),('2483','true','false','5','42','165','2053'),('2484','true','false','9','81','166','2053'),('2485','true','false','5','43','224','2054'),('2486','true','false','8','71','225','2054'),('2487','true','false','5','3','209','2055'),('2488','true','false','5','39','210','2055'),('2489','true','false','8','75','211','2055'),('2490','true','false','5','44','215','2056'),('2491','true','false','5','26','216','2056'),('2492','true','false','7','69','217','2056'),('2493','true','false','5','25','206','2057'),('2494','true','false','5','29','207','2057'),('2495','true','false','9','88','208','2057'),('2496','true','false','5','18','233','2058'),('2497','true','false','5','7','234','2058'),('2498','true','false','6','51','235','2058'),('2499','true','false','5','43','212','2059'),('2500','true','false','9','89','213','2059'),('2501','true','false','5','17','221','2060'),('2502','true','false','5','27','222','2060'),('2503','true','false','6','52','223','2060'),('2504','true','false','5','44','218','2061'),('2505','true','false','5','6','219','2061'),('2506','true','false','6','57','220','2061'),('2507','true','false','7','68','277','2062'),('2508','true','false','5','38','227','2063'),('2509','true','false','8','77','228','2063'),('2510','true','false','9','81','167','2074'),('2511','true','false','9','82','170','2075'),('2512','true','false','5','0','158','2076'),('2513','true','false','5','40','159','2076'),('2514','true','false','9','88','160','2076'),('2515','true','false','5','42','152','2077'),('2516','true','false','9','82','153','2077'),('2517','true','false','5','40','164','2078'),('2518','true','false','9','80','165','2078'),('2519','true','false','5','1','146','2079'),('2520','true','false','9','89','147','2079'),('2521','true','false','5','31','161','2080'),('2522','true','false','5','25','162','2080'),('2523','true','false','9','84','163','2080'),('2524','true','false','5','29','155','2081'),('2525','true','false','5','32','156','2081'),('2526','true','false','9','88','157','2081'),('2527','true','false','5','26','173','2082'),('2528','true','false','5','11','174','2082'),('2529','true','false','9','82','175','2082'),('2530','true','false','9','84','149','2083'),('2531','true','false','5','43','209','2084'),('2532','true','false','9','80','210','2084'),('2533','true','false','5','23','224','2085'),('2534','true','false','5','27','225','2085'),('2535','true','false','9','85','226','2085'),('2536','true','false','5','4','218','2086'),('2537','true','false','5','3','219','2086'),('2538','true','false','9','88','220','2086'),('2539','true','false','9','83','233','2087'),('2540','true','false','5','17','206','2088'),('2541','true','false','5','44','207','2088'),('2542','true','false','9','86','208','2088'),('2543','true','false','5','1','215','2089'),('2544','true','false','9','89','216','2089'),('2545','true','false','9','84','212','2090'),('2546','true','false','5','0','227','2091'),('2547','true','false','9','80','228','2091'),('2548','true','false','5','23','221','2092'),('2549','true','false','5','18','222','2092'),('2550','true','false','9','87','223','2092'),('2551','true','false','5','48','230','2093'),('2552','true','false','9','87','231','2093'),('2553','true','false','5','1','173','2104'),('2554','true','false','5','26','174','2104'),('2555','true','false','9','85','175','2104'),('2556','true','false','6','50','146','2105'),('2557','true','false','5','13','149','2106'),('2558','true','false','5','19','150','2106'),('2559','true','false','8','75','151','2106'),('2560','true','false','7','67','164','2107'),('2561','true','false','5','10','170','2108'),('2562','true','false','8','70','171','2108'),('2563','true','false','5','9','161','2109'),('2564','true','false','6','55','162','2109'),('2565','true','false','5','42','167','2110'),('2566','true','false','8','71','168','2110'),('2567','true','false','9','83','155','2111'),('2568','true','false','5','17','152','2112'),('2569','true','false','5','31','153','2112'),('2570','true','false','8','77','154','2112'),('2571','true','false','6','57','158','2113'),('2572','true','false','5','33','215','2114'),('2573','true','false','5','43','216','2114'),('2574','true','false','7','65','217','2114'),('2575','true','false','8','79','206','2115'),('2576','true','false','5','26','221','2116'),('2577','true','false','9','82','222','2116'),('2578','true','false','7','65','212','2117'),('2579','true','false','5','25','209','2118'),('2580','true','false','5','36','210','2118'),('2581','true','false','9','87','211','2118'),('2582','true','false','5','30','224','2119'),('2583','true','false','5','43','225','2119'),('2584','true','false','7','66','226','2119'),('2585','true','false','9','82','277','2120'),('2586','true','false','5','1','233','2121'),('2587','true','false','5','43','234','2121'),('2588','true','false','8','77','235','2121'),('2589','true','false','7','65','227','2122'),('2590','true','false','5','23','218','2123'),('2591','true','false','9','86','219','2123'),('2592','true','false','5','27','167','2134'),('2593','true','false','5','14','168','2134'),('2594','true','false','7','69','169','2134'),('2595','true','false','5','6','161','2135'),('2596','true','false','5','14','162','2135'),('2597','true','false','8','72','163','2135'),('2598','true','false','5','33','173','2136'),('2599','true','false','7','63','174','2136'),('2600','true','false','5','26','146','2137'),('2601','true','false','9','80','147','2137'),('2602','true','false','5','42','170','2138'),('2603','true','false','5','38','171','2138'),('2604','true','false','8','73','172','2138'),('2605','true','false','7','62','152','2139'),('2606','true','false','6','56','149','2140'),('2607','true','false','5','12','158','2141'),('2608','true','false','7','63','159','2141'),('2609','true','false','9','86','155','2142'),('2610','true','false','5','5','164','2143'),('2611','true','false','7','66','165','2143'),('2612','true','false','5','22','206','2144'),('2613','true','false','6','59','207','2144'),('2614','true','false','5','40','218','2145'),('2615','true','false','9','83','219','2145'),('2616','true','false','6','55','209','2146'),('2617','true','false','5','30','224','2147'),('2618','true','false','6','54','225','2147'),('2619','true','false','5','16','233','2148'),('2620','true','false','6','57','234','2148'),('2621','true','false','6','56','227','2149'),('2622','true','false','5','36','221','2150'),('2623','true','false','9','85','222','2150'),('2624','true','false','5','26','212','2151'),('2625','true','false','9','87','213','2151'),('2626','true','false','7','64','215','2152'),('2627','true','false','5','39','230','2153'),('2628','true','false','8','71','231','2153'),('2629','true','false','5','6','152','2164'),('2630','true','false','5','12','153','2164'),('2631','true','false','8','79','154','2164'),('2632','true','false','6','57','146','2165'),('2633','true','false','5','23','155','2166'),('2634','true','false','7','65','156','2166'),('2635','true','false','5','45','149','2167'),('2636','true','false','7','64','150','2167'),('2637','true','false','6','58','158','2168'),('2638','true','false','5','32','170','2169'),('2639','true','false','7','68','171','2169'),('2640','true','false','5','26','173','2170'),('2641','true','false','7','68','174','2170'),('2642','true','false','5','12','167','2171'),('2643','true','false','9','89','168','2171'),('2644','true','false','5','4','161','2172'),('2645','true','false','5','19','162','2172'),('2646','true','false','7','63','163','2172'),('2647','true','false','5','10','164','2173'),('2648','true','false','5','22','165','2173'),('2649','true','false','7','64','166','2173'),('2650','true','false','6','55','212','2174'),('2651','true','false','7','67','209','2175'),('2652','true','false','5','42','218','2176'),('2653','true','false','7','65','219','2176'),('2654','true','false','5','3','215','2177'),('2655','true','false','8','79','216','2177'),('2656','true','false','5','42','230','2178'),('2657','true','false','9','80','231','2178'),('2658','true','false','5','19','224','2179'),('2659','true','false','7','66','225','2179'),('2660','true','false','5','27','221','2180'),('2661','true','false','8','77','222','2180'),('2662','true','false','5','26','227','2181'),('2663','true','false','7','69','228','2181'),('2664','true','false','5','19','206','2182'),('2665','true','false','5','7','207','2182'),('2666','true','false','9','86','208','2182'),('2667','true','false','8','72','277','2183'),('2668','true','false','6','54','149','2194'),('2669','true','false','8','71','152','2195'),('2670','true','false','5','2','161','2196'),('2671','true','false','5','44','162','2196'),('2672','true','false','9','82','163','2196'),('2673','true','false','5','19','158','2197'),('2674','true','false','9','85','159','2197'),('2675','true','false','9','82','146','2198'),('2676','true','false','5','16','164','2199'),('2677','true','false','5','34','165','2199'),('2678','true','false','6','59','166','2199'),('2679','true','false','5','32','155','2200'),('2680','true','false','5','9','156','2200'),('2681','true','false','7','69','157','2200'),('2682','true','false','5','41','167','2201'),('2683','true','false','6','55','168','2201'),('2684','true','false','5','8','170','2202'),('2685','true','false','5','3','171','2202'),('2686','true','false','6','55','172','2202'),('2687','true','false','5','43','173','2203'),('2688','true','false','8','78','174','2203'),('2689','true','false','8','72','221','2204'),('2690','true','false','5','45','215','2205'),('2691','true','false','5','16','216','2205'),('2692','true','false','7','60','217','2205'),('2693','true','false','7','68','233','2206'),('2694','true','false','9','84','218','2207'),('2695','true','false','5','26','230','2208'),('2696','true','false','6','56','231','2208'),('2697','true','false','5','28','227','2209'),('2698','true','false','5','48','228','2209'),('2699','true','false','9','85','229','2209'),('2700','true','false','5','1','209','2210'),('2701','true','false','5','46','210','2210'),('2702','true','false','9','84','211','2210'),('2703','true','false','6','57','224','2211'),('2704','true','false','5','12','212','2212'),('2705','true','false','5','35','213','2212'),('2706','true','false','7','62','214','2212'),('2707','true','false','6','52','206','2213'),('2708','true','false','5','16','173','2224'),('2709','true','false','5','26','174','2224'),('2710','true','false','6','52','175','2224'),('2711','true','false','5','24','164','2225'),('2712','true','false','5','33','165','2225'),('2713','true','false','8','79','166','2225'),('2714','true','false','5','13','155','2226'),('2715','true','false','9','83','156','2226'),('2716','true','false','5','20','167','2227'),('2717','true','false','5','0','168','2227'),('2718','true','false','7','68','169','2227'),('2719','true','false','8','74','152','2228'),('2720','true','false','5','23','146','2229'),('2721','true','false','5','5','147','2229'),('2722','true','false','8','76','148','2229'),('2723','true','false','5','28','158','2230'),('2724','true','false','6','52','159','2230'),('2725','true','false','5','28','161','2231'),('2726','true','false','5','22','162','2231'),('2727','true','false','7','63','163','2231'),('2728','true','false','7','67','149','2232'),('2729','true','false','6','51','170','2233'),('2730','true','false','5','1','209','2234'),('2731','true','false','5','40','210','2234'),('2732','true','false','7','65','211','2234'),('2733','true','false','5','12','227','2235'),('2734','true','false','5','39','228','2235'),('2735','true','false','9','85','229','2235'),('2736','true','false','5','9','233','2236'),('2737','true','false','9','80','234','2236'),('2738','true','false','6','53','277','2237'),('2739','true','false','5','41','224','2238'),('2740','true','false','7','63','225','2238'),('2741','true','false','5','47','215','2239'),('2742','true','false','7','67','216','2239'),('2743','true','false','5','2','212','2240'),('2744','true','false','5','20','213','2240'),('2745','true','false','6','59','214','2240'),('2746','true','false','7','63','206','2241'),('2747','true','false','5','6','218','2242'),('2748','true','false','5','0','219','2242'),('2749','true','false','8','71','220','2242'),('2750','true','false','5','48','221','2243'),('2751','true','false','6','58','222','2243'),('2752','true','false','8','75','146','2254'),('2753','true','false','5','22','173','2255'),('2754','true','false','5','21','174','2255'),('2755','true','false','8','77','175','2255'),('2756','true','false','5','6','149','2256'),('2757','true','false','9','82','150','2256'),('2758','true','false','5','42','164','2257'),('2759','true','false','8','74','165','2257'),('2760','true','false','5','14','155','2258'),('2761','true','false','7','69','156','2258'),('2762','true','false','5','8','152','2259'),('2763','true','false','6','54','153','2259'),('2764','true','false','5','12','167','2260'),('2765','true','false','5','35','168','2260'),('2766','true','false','9','83','169','2260'),('2767','true','false','5','10','158','2261'),('2768','true','false','5','11','159','2261'),('2769','true','false','7','64','160','2261'),('2770','true','false','5','41','170','2262'),('2771','true','false','9','86','171','2262'),('2772','true','false','5','25','161','2263'),('2773','true','false','5','47','162','2263'),('2774','true','false','9','86','163','2263'),('2775','true','false','9','84','224','2264'),('2776','true','false','5','42','230','2265'),('2777','true','false','5','0','231','2265'),('2778','true','false','7','67','232','2265'),('2779','true','false','6','52','221','2266'),('2780','true','false','5','7','209','2267'),('2781','true','false','5','24','210','2267'),('2782','true','false','8','76','211','2267'),('2783','true','false','6','50','277','2268'),('2784','true','false','5','38','215','2269'),('2785','true','false','6','58','216','2269'),('2786','true','false','5','25','218','2270'),('2787','true','false','7','61','219','2270'),('2788','true','false','5','25','206','2271'),('2789','true','false','7','67','207','2271'),('2790','true','false','5','31','227','2272'),('2791','true','false','9','89','228','2272'),('2792','true','false','5','45','212','2273'),('2793','true','false','5','30','213','2273'),('2794','true','false','9','88','214','2273'),('2795','true','false','5','40','158','2284'),('2796','true','false','9','83','159','2284'),('2797','true','false','5','31','146','2285'),('2798','true','false','5','19','147','2285'),('2799','true','false','9','89','148','2285'),('2800','true','false','9','88','149','2286'),('2801','true','false','9','80','164','2287'),('2802','true','false','5','31','152','2288'),('2803','true','false','5','22','153','2288'),('2804','true','false','7','68','154','2288'),('2805','true','false','5','8','173','2289'),('2806','true','false','6','53','174','2289'),('2807','true','false','5','22','161','2290'),('2808','true','false','5','12','162','2290'),('2809','true','false','6','58','163','2290'),('2810','true','false','5','25','155','2291'),('2811','true','false','6','51','156','2291'),('2812','true','false','5','8','167','2292'),('2813','true','false','9','89','168','2292'),('2814','true','false','5','47','170','2293'),('2815','true','false','5','33','171','2293'),('2816','true','false','8','77','172','2293'),('2817','true','false','5','1','227','2294'),('2818','true','false','8','75','228','2294'),('2819','true','false','5','47','212','2295'),('2820','true','false','6','55','213','2295'),('2821','true','false','7','63','206','2296'),('2822','true','false','9','89','230','2297'),('2823','true','false','6','59','233','2298'),('2824','true','false','5','41','221','2299'),('2825','true','false','5','38','222','2299'),('2826','true','false','7','61','223','2299'),('2827','true','false','5','32','209','2300'),('2828','true','false','7','67','210','2300'),('2829','true','false','6','51','215','2301'),('2830','true','false','5','29','218','2302'),('2831','true','false','7','65','219','2302'),('2832','true','false','8','71','224','2303'),('2833','true','false','7','68','149','2314'),('2834','true','false','5','7','161','2315'),('2835','true','false','6','53','162','2315'),('2836','true','false','5','24','173','2316'),('2837','true','false','8','78','174','2316'),('2838','true','false','5','31','158','2317'),('2839','true','false','7','68','159','2317'),('2840','true','false','5','20','167','2318'),('2841','true','false','8','71','168','2318'),('2842','true','false','7','60','170','2319'),('2843','true','false','5','36','164','2320'),('2844','true','false','5','5','165','2320'),('2845','true','false','9','80','166','2320'),('2846','true','false','5','6','152','2321'),('2847','true','false','5','29','153','2321'),('2848','true','false','7','60','154','2321'),('2849','true','false','8','73','155','2322'),('2850','true','false','9','83','146','2323'),('2851','true','false','5','18','221','2324'),('2852','true','false','6','56','222','2324'),('2853','true','false','5','14','206','2325'),('2854','true','false','5','33','207','2325'),('2855','true','false','7','65','208','2325'),('2856','true','false','6','53','209','2326'),('2857','true','false','5','30','227','2327'),('2858','true','false','9','85','228','2327'),('2859','true','false','5','48','224','2328'),('2860','true','false','7','63','225','2328'),('2861','true','false','9','87','218','2329'),('2862','true','false','8','73','277','2330'),('2863','true','false','6','51','212','2331'),('2864','true','false','5','11','233','2332'),('2865','true','false','6','55','234','2332'),('2866','true','false','9','85','215','2333'),('2867','true','false','9','89','158','2344'),('2868','true','false','9','86','167','2345'),('2869','true','false','5','9','173','2346'),('2870','true','false','5','41','174','2346'),('2871','true','false','9','80','175','2346'),('2872','true','false','5','6','170','2347'),('2873','true','false','5','22','171','2347'),('2874','true','false','9','85','172','2347'),('2875','true','false','5','47','152','2348'),('2876','true','false','5','36','153','2348'),('2877','true','false','9','80','154','2348'),('2878','true','false','5','23','164','2349'),('2879','true','false','9','85','165','2349'),('2880','true','false','5','47','161','2350'),('2881','true','false','9','80','162','2350'),('2882','true','false','9','82','149','2351'),('2883','true','false','5','33','155','2352'),('2884','true','false','5','47','156','2352'),('2885','true','false','9','83','157','2352'),('2886','true','false','9','85','146','2353'),('2887','true','false','9','85','206','2354'),('2888','true','false','5','41','233','2355'),('2889','true','false','9','85','234','2355'),('2890','true','false','5','1','218','2356'),('2891','true','false','5','12','219','2356'),('2892','true','false','9','87','220','2356'),('2893','true','false','9','88','209','2357'),('2894','true','false','5','26','227','2358'),('2895','true','false','9','84','228','2358'),('2896','true','false','5','40','212','2359'),('2897','true','false','5','24','213','2359'),('2898','true','false','9','80','214','2359'),('2899','true','false','5','14','224','2360'),('2900','true','false','5','47','225','2360'),('2901','true','false','9','88','226','2360'),('2902','true','false','9','84','277','2361'),('2903','true','false','9','89','215','2362'),('2904','true','false','5','25','221','2363'),('2905','true','false','5','42','222','2363'),('2906','true','false','9','85','223','2363'),('2907','true','false','9','84','161','2374'),('2908','true','false','5','24','170','2375'),('2909','true','false','9','82','171','2375'),('2910','true','false','5','6','155','2376'),('2911','true','false','5','22','156','2376'),('2912','true','false','9','82','157','2376'),('2913','true','false','5','21','149','2377'),('2914','true','false','9','83','150','2377'),('2915','true','false','9','89','164','2378'),('2916','true','false','5','25','158','2379'),('2917','true','false','9','82','159','2379'),('2918','true','false','5','44','146','2380'),('2919','true','false','5','16','147','2380'),('2920','true','false','9','85','148','2380'),('2921','true','false','5','17','167','2381'),('2922','true','false','5','20','168','2381'),('2923','true','false','9','87','169','2381'),('2924','true','false','5','34','173','2382'),('2925','true','false','5','35','174','2382'),('2926','true','false','9','84','175','2382'),('2927','true','false','5','38','152','2383'),('2928','true','false','9','80','153','2383'),('2929','true','false','9','82','277','2384'),('2930','true','false','5','21','227','2385'),('2931','true','false','9','84','228','2385'),('2932','true','false','5','37','230','2386'),('2933','true','false','5','23','231','2386'),('2934','true','false','9','87','232','2386'),('2935','true','false','5','39','212','2387'),('2936','true','false','9','87','213','2387'),('2937','true','false','9','83','221','2388'),('2938','true','false','9','80','218','2389'),('2939','true','false','9','84','206','2390'),('2940','true','false','5','48','215','2391'),('2941','true','false','9','87','216','2391'),('2942','true','false','9','80','224','2392'),('2943','true','false','5','41','209','2393'),('2944','true','false','9','80','210','2393'),('2945','true','false','5','8','173','2404'),('2946','true','false','6','58','174','2404'),('2947','true','false','5','38','158','2405'),('2948','true','false','8','70','159','2405'),('2949','true','false','5','6','152','2406'),('2950','true','false','8','74','153','2406'),('2951','true','false','5','47','149','2407'),('2952','true','false','5','19','150','2407'),('2953','true','false','8','73','151','2407'),('2954','true','false','5','36','146','2408'),('2955','true','false','5','48','147','2408'),('2956','true','false','9','82','148','2408'),('2957','true','false','5','46','167','2409'),('2958','true','false','5','10','168','2409'),('2959','true','false','9','87','169','2409'),('2960','true','false','8','79','170','2410'),('2961','true','false','8','77','164','2411'),('2962','true','false','8','71','161','2412'),('2963','true','false','5','19','155','2413'),('2964','true','false','8','73','156','2413'),('2965','true','false','5','6','224','2414'),('2966','true','false','6','58','225','2414'),('2967','true','false','8','71','209','2415'),('2968','true','false','5','5','212','2416'),('2969','true','false','5','0','213','2416'),('2970','true','false','8','78','214','2416'),('2971','true','false','8','70','215','2417'),('2972','true','false','5','26','227','2418'),('2973','true','false','5','33','228','2418'),('2974','true','false','8','74','229','2418'),('2975','true','false','5','20','230','2419'),('2976','true','false','5','14','231','2419'),('2977','true','false','6','51','232','2419'),('2978','true','false','5','1','221','2420'),('2979','true','false','5','23','222','2420'),('2980','true','false','8','77','223','2420'),('2981','true','false','6','58','206','2421'),('2982','true','false','8','77','233','2422'),('2983','true','false','9','80','218','2423'),('2984','true','false','5','0','152','2434'),('2985','true','false','5','1','153','2434'),('2986','true','false','7','62','154','2434'),('2987','true','false','5','46','161','2435'),('2988','true','false','9','89','162','2435'),('2989','true','false','8','75','149','2436'),('2990','true','false','5','30','173','2437'),('2991','true','false','8','78','174','2437'),('2992','true','false','8','74','164','2438'),('2993','true','false','5','44','167','2439'),('2994','true','false','8','72','168','2439'),('2995','true','false','6','52','170','2440'),('2996','true','false','5','26','158','2441'),('2997','true','false','5','7','159','2441'),('2998','true','false','7','60','160','2441'),('2999','true','false','5','19','146','2442'),('3000','true','false','5','2','147','2442'),('3001','true','false','7','69','148','2442'),('3002','true','false','5','10','155','2443'),('3003','true','false','5','1','156','2443'),('3004','true','false','7','61','157','2443'),('3005','true','false','5','3','230','2444'),('3006','true','false','9','81','231','2444'),('3007','true','false','7','69','209','2445'),('3008','true','false','5','2','215','2446'),('3009','true','false','5','27','216','2446'),('3010','true','false','8','76','217','2446'),('3011','true','false','5','8','221','2447'),('3012','true','false','8','78','222','2447'),('3013','true','false','8','71','212','2448'),('3014','true','false','5','48','224','2449'),('3015','true','false','5','33','225','2449'),('3016','true','false','6','50','226','2449'),('3017','true','false','9','88','206','2450'),('3018','true','false','7','61','277','2451'),('3019','true','false','5','42','218','2452'),('3020','true','false','7','63','219','2452'),('3021','true','false','5','36','227','2453'),('3022','true','false','5','33','228','2453'),('3023','true','false','7','67','229','2453'),('3024','true','false','5','14','146','2464'),('3025','true','false','9','88','147','2464'),('3026','true','false','5','31','170','2465'),('3027','true','false','7','65','171','2465'),('3028','true','false','9','85','161','2466'),('3029','true','false','5','40','158','2467'),('3030','true','false','7','64','159','2467'),('3031','true','false','5','39','149','2468'),('3032','true','false','7','67','150','2468'),('3033','true','false','8','79','152','2469'),('3034','true','false','5','24','173','2470'),('3035','true','false','5','2','174','2470'),('3036','true','false','9','84','175','2470'),('3037','true','false','5','27','164','2471'),('3038','true','false','9','88','165','2471'),('3039','true','false','5','32','155','2472'),('3040','true','false','6','55','156','2472'),('3041','true','false','6','57','167','2473'),('3042','true','false','5','23','218','2474'),('3043','true','false','5','25','219','2474'),('3044','true','false','9','85','220','2474'),('3045','true','false','5','28','224','2475'),('3046','true','false','5','13','225','2475'),('3047','true','false','9','84','226','2475'),('3048','true','false','9','89','206','2476'),('3049','true','false','5','6','221','2477'),('3050','true','false','6','52','222','2477'),('3051','true','false','5','36','209','2478'),('3052','true','false','5','3','210','2478'),('3053','true','false','9','80','211','2478'),('3054','true','false','5','37','215','2479'),('3055','true','false','5','16','216','2479'),('3056','true','false','9','87','217','2479'),('3057','true','false','5','48','233','2480'),('3058','true','false','5','46','234','2480'),('3059','true','false','8','72','235','2480'),('3060','true','false','7','60','227','2481'),('3061','true','false','5','9','212','2482'),('3062','true','false','9','83','213','2482'),('3063','true','false','6','56','277','2483'),('3064','true','false','5','46','170','2494'),('3065','true','false','5','35','171','2494'),('3066','true','false','9','84','172','2494'),('3067','true','false','5','1','173','2495'),('3068','true','false','8','73','174','2495'),('3069','true','false','5','11','164','2496'),('3070','true','false','5','29','165','2496'),('3071','true','false','9','81','166','2496'),('3072','true','false','5','44','152','2497'),('3073','true','false','5','11','153','2497'),('3074','true','false','7','66','154','2497'),('3075','true','false','9','84','167','2498'),('3076','true','false','8','71','146','2499'),('3077','true','false','6','50','155','2500'),('3078','true','false','5','48','149','2501'),('3079','true','false','9','84','150','2501'),('3080','true','false','5','27','158','2502'),('3081','true','false','6','55','159','2502'),('3082','true','false','5','22','161','2503'),('3083','true','false','9','89','162','2503'),('3084','true','false','7','61','224','2504'),('3085','true','false','7','64','206','2505'),('3086','true','false','5','22','221','2506'),('3087','true','false','9','83','222','2506'),('3088','true','false','5','10','227','2507'),('3089','true','false','7','60','228','2507'),('3090','true','false','5','10','218','2508'),('3091','true','false','5','13','219','2508'),('3092','true','false','8','71','220','2508'),('3093','true','false','5','44','233','2509'),('3094','true','false','7','65','234','2509'),('3095','true','false','5','47','212','2510'),('3096','true','false','7','66','213','2510'),('3097','true','false','5','20','209','2511'),('3098','true','false','5','23','210','2511'),('3099','true','false','6','51','211','2511'),('3100','true','false','5','16','215','2512'),('3101','true','false','6','53','216','2512'),('3102','true','false','6','56','230','2513'),('3103','true','false','5','19','173','2524'),('3104','true','false','7','68','174','2524'),('3105','true','false','5','42','158','2525'),('3106','true','false','7','60','159','2525'),('3107','true','false','5','1','152','2526'),('3108','true','false','5','30','153','2526'),('3109','true','false','7','64','154','2526'),('3110','true','false','5','21','164','2527'),('3111','true','false','9','89','165','2527'),('3112','true','false','5','22','167','2528'),('3113','true','false','8','74','168','2528'),('3114','true','false','5','10','170','2529'),('3115','true','false','5','44','171','2529'),('3116','true','false','9','86','172','2529'),('3117','true','false','5','21','155','2530'),('3118','true','false','9','84','156','2530'),('3119','true','false','5','46','146','2531'),('3120','true','false','5','39','147','2531'),('3121','true','false','9','85','148','2531'),('3122','true','false','7','60','161','2532'),('3123','true','false','5','41','149','2533'),('3124','true','false','5','31','150','2533'),('3125','true','false','6','56','151','2533'),('3126','true','false','7','64','230','2534'),('3127','true','false','5','7','218','2535'),('3128','true','false','9','84','219','2535'),('3129','true','false','5','13','212','2536'),('3130','true','false','8','73','213','2536'),('3131','true','false','5','34','221','2537'),('3132','true','false','7','66','222','2537'),('3133','true','false','9','85','227','2538'),('3134','true','false','5','41','233','2539'),('3135','true','false','5','33','234','2539'),('3136','true','false','8','76','235','2539'),('3137','true','false','7','61','209','2540'),('3138','true','false','7','62','206','2541'),('3139','true','false','5','12','224','2542'),('3140','true','false','5','2','225','2542'),('3141','true','false','7','62','226','2542'),('3142','true','false','5','30','215','2543'),('3143','true','false','6','50','216','2543'),('3144','true','false','5','0','170','2554'),('3145','true','false','5','45','171','2554'),('3146','true','false','7','69','172','2554'),('3147','true','false','5','32','173','2555'),('3148','true','false','5','18','174','2555'),('3149','true','false','8','73','175','2555'),('3150','true','false','5','42','167','2556'),('3151','true','false','6','51','168','2556'),('3152','true','false','5','43','149','2557'),('3153','true','false','6','50','150','2557'),('3154','true','false','5','40','158','2558'),('3155','true','false','8','71','159','2558'),('3156','true','false','9','80','161','2559'),('3157','true','false','5','21','155','2560'),('3158','true','false','6','57','156','2560'),('3159','true','false','8','77','146','2561'),('3160','true','false','6','51','152','2562'),('3161','true','false','5','10','164','2563'),('3162','true','false','5','17','165','2563'),('3163','true','false','9','82','166','2563'),('3164','true','false','7','60','277','2564'),('3165','true','false','5','39','221','2565'),('3166','true','false','5','13','222','2565'),('3167','true','false','7','65','223','2565'),('3168','true','false','8','75','227','2566'),('3169','true','false','5','26','212','2567'),('3170','true','false','5','16','213','2567'),('3171','true','false','8','70','214','2567'),('3172','true','false','8','79','230','2568'),('3173','true','false','5','0','224','2569'),('3174','true','false','5','28','225','2569'),('3175','true','false','6','55','226','2569'),('3176','true','false','5','14','206','2570'),('3177','true','false','6','54','207','2570'),('3178','true','false','5','4','209','2571'),('3179','true','false','6','57','210','2571'),('3180','true','false','5','13','218','2572'),('3181','true','false','7','69','219','2572'),('3182','true','false','6','54','215','2573'),('3183','true','false','9','86','158','2584'),('3184','true','false','5','16','152','2585'),('3185','true','false','5','24','153','2585'),('3186','true','false','7','66','154','2585'),('3187','true','false','8','74','173','2586'),('3188','true','false','5','13','155','2587'),('3189','true','false','6','56','156','2587'),('3190','true','false','5','7','167','2588'),('3191','true','false','9','82','168','2588'),('3192','true','false','5','17','164','2589'),('3193','true','false','8','75','165','2589'),('3194','true','false','5','40','146','2590'),('3195','true','false','9','82','147','2590'),('3196','true','false','5','32','170','2591'),('3197','true','false','6','55','171','2591'),('3198','true','false','5','29','149','2592'),('3199','true','false','5','5','150','2592'),('3200','true','false','6','52','151','2592'),('3201','true','false','5','24','161','2593'),('3202','true','false','9','82','162','2593'),('3203','true','false','5','23','218','2594'),('3204','true','false','5','1','219','2594'),('3205','true','false','8','75','220','2594'),('3206','true','false','5','27','233','2595'),('3207','true','false','7','61','234','2595'),('3208','true','false','5','27','206','2596'),('3209','true','false','9','86','207','2596'),('3210','true','false','8','78','224','2597'),('3211','true','false','5','1','227','2598'),('3212','true','false','8','75','228','2598'),('3213','true','false','5','20','212','2599'),('3214','true','false','5','24','213','2599'),('3215','true','false','8','77','214','2599'),('3216','true','false','5','5','230','2600'),('3217','true','false','6','58','231','2600'),('3218','true','false','5','47','209','2601'),('3219','true','false','7','66','210','2601'),('3220','true','false','5','25','221','2602'),('3221','true','false','8','77','222','2602'),('3222','true','false','5','11','215','2603'),('3223','true','false','5','3','216','2603'),('3224','true','false','6','53','217','2603'),('3225','true','false','5','43','164','2614'),('3226','true','false','5','39','165','2614'),('3227','true','false','8','78','166','2614'),('3228','true','false','5','8','158','2615'),('3229','true','false','5','45','159','2615'),('3230','true','false','9','82','160','2615'),('3231','true','false','5','7','170','2616'),('3232','true','false','5','24','171','2616'),('3233','true','false','6','56','172','2616'),('3234','true','false','7','61','161','2617'),('3235','true','false','5','22','155','2618'),('3236','true','false','8','79','156','2618'),('3237','true','false','5','37','146','2619'),('3238','true','false','5','40','147','2619'),('3239','true','false','8','70','148','2619'),('3240','true','false','5','36','152','2620'),('3241','true','false','5','13','153','2620'),('3242','true','false','8','79','154','2620'),('3243','true','false','5','29','149','2621'),('3244','true','false','5','39','150','2621'),('3245','true','false','7','63','151','2621'),('3246','true','false','5','37','173','2622'),('3247','true','false','5','27','174','2622'),('3248','true','false','8','73','175','2622'),('3249','true','false','9','86','167','2623'),('3250','true','false','7','65','227','2624'),('3251','true','false','5','45','209','2625'),('3252','true','false','9','80','210','2625'),('3253','true','false','8','77','221','2626'),('3254','true','false','8','78','218','2627'),('3255','true','false','8','73','206','2628'),('3256','true','false','5','17','230','2629'),('3257','true','false','5','6','231','2629'),('3258','true','false','9','87','232','2629'),('3259','true','false','5','23','212','2630'),('3260','true','false','8','78','213','2630'),('3261','true','false','5','16','215','2631'),('3262','true','false','9','80','216','2631'),('3263','true','false','5','25','233','2632'),('3264','true','false','5','19','234','2632'),('3265','true','false','7','65','235','2632'),('3266','true','false','5','6','224','2633'),('3267','true','false','6','53','225','2633'),('3268','true','false','5','40','34','10'),('3269','true','false',NULL,NULL,'48','5'),('3270','true','false','5','4','35','10'),('3271','true','false','5','22','40','2'),('3272','true','false','6','55','41','2'),('3273','true','false','5','18','31','7'),('3274','true','false','5','27','32','7'),('3275','true','false','8','74','37','4'),('3276','true','false','10','98','7','80'),('3277','true','false','6','58','197','197'),('3278','true','false','6','58','189','198'),('3279','true','false','7','65','183','199'),('3280','true','false','6','57','186','200'),('3281','true','false','5','7','202','201'),('3282','true','false','5','39',NULL,'202'),('3283','true','false','5','4',NULL,'203'),('3284','true','false','5','35',NULL,'204'),('3285','true','false','5','46','204','205'),('3286','true','false','5','29','202','206'),('3287','true','false','7','65','180','2644'),('3288','true','false','9','85','181','2645'),('3289','true','false','8','72','182','2646'),('3290','true','false','6','50','183','2647'),('3291','true','false','6','50','184','2648'),('3292','true','false','10','97','185','2649'),('4000','true','false','5','40','182','3000'),('4001','true','false','5','18','183','3000'),('4002','true','false','7','60','184','3000'),('4003','true','false','5','24','194','3001'),('4004','true','false','8','74','195','3001'),('4005','true','false','5','42','191','3002'),('4006','true','false','6','53','192','3002'),('4007','true','false','5','22','185','3003'),('4008','true','false','5','12','186','3003'),('4009','true','false','7','60','187','3003'),('4010','true','false','8','74','179','3004'),('4011','true','false','5','48','188','3005'),('4012','true','false','8','76','189','3005'),('4013','true','false','5','41','203','3006'),('4014','true','false','5','14','204','3006'),('4015','true','false','8','76','205','3006'),('4016','true','false','5','7','197','3007'),('4017','true','false','7','69','198','3007'),('4018','true','false','5','19','176','3008'),('4019','true','false','5','7','177','3008'),('4020','true','false','7','65','178','3008'),('4021','true','false','5','2','200','3009'),('4022','true','false','9','87','201','3009'),('4023','true','false','6','57','197','3020'),('4024','true','false','5','11','188','3021'),('4025','true','false','8','79','189','3021'),('4026','true','false','9','84','203','3022'),('4027','true','false','5','35','179','3023'),('4028','true','false','5','40','180','3023'),('4029','true','false','6','50','181','3023'),('4030','true','false','5','1','176','3024'),('4031','true','false','5','9','177','3024'),('4032','true','false','9','81','178','3024'),('4033','true','false','6','56','191','3025'),('4034','true','false','5','23','200','3026'),('4035','true','false','5','12','201','3026'),('4036','true','false','7','64','202','3026'),('4037','true','false','9','80','194','3027'),('4038','true','false','5','12','182','3028'),('4039','true','false','5','28','183','3028'),('4040','true','false','6','53','184','3028'),('4041','true','false','5','28','185','3029'),('4042','true','false','8','73','186','3029'),('4043','true','false','5','4','194','3040'),('4044','true','false','5','29','195','3040'),('4045','true','false','9','80','196','3040'),('4046','true','false','5','36','179','3041'),('4047','true','false','5','16','180','3041'),('4048','true','false','9','88','181','3041'),('4049','true','false','9','85','191','3042'),('4050','true','false','5','20','188','3043'),('4051','true','false','7','68','189','3043'),('4052','true','false','5','36','200','3044'),('4053','true','false','8','73','201','3044'),('4054','true','false','5','48','203','3045'),('4055','true','false','6','56','204','3045'),('4056','true','false','5','0','197','3046'),('4057','true','false','7','63','198','3046'),('4058','true','false','5','11','185','3047'),('4059','true','false','6','57','186','3047'),('4060','true','false','5','9','182','3048'),('4061','true','false','6','56','183','3048'),('4062','true','false','6','51','176','3049'),('4063','true','false','9','87','176','3060'),('4064','true','false','5','32','191','3061'),('4065','true','false','5','25','192','3061'),('4066','true','false','9','82','193','3061'),('4067','true','false','5','16','203','3062'),('4068','true','false','5','29','204','3062'),('4069','true','false','9','88','205','3062'),('4070','true','false','9','87','197','3063'),('4071','true','false','5','19','188','3064'),('4072','true','false','9','84','189','3064'),('4073','true','false','5','20','200','3065'),('4074','true','false','9','84','201','3065'),('4075','true','false','9','82','185','3066'),('4076','true','false','5','3','179','3067'),('4077','true','false','9','81','180','3067'),('4078','true','false','5','11','182','3068'),('4079','true','false','9','83','183','3068'),('4080','true','false','9','81','194','3069'),('4081','true','false','9','89','197','3080'),('4082','true','false','8','75','185','3081'),('4083','true','false','6','53','194','3082'),('4084','true','false','5','46','203','3083'),('4085','true','false','7','69','204','3083'),('4086','true','false','5','30','191','3084'),('4087','true','false','5','14','192','3084'),('4088','true','false','8','72','193','3084'),('4089','true','false','8','79','176','3085'),('4090','true','false','5','13','188','3086'),('4091','true','false','8','71','189','3086'),('4092','true','false','5','35','200','3087'),('4093','true','false','5','13','201','3087'),('4094','true','false','6','52','202','3087'),('4095','true','false','5','5','182','3088'),('4096','true','false','5','40','183','3088'),('4097','true','false','7','60','184','3088'),('4098','true','false','5','14','179','3089'),('4099','true','false','8','76','180','3089'),('4100','true','false','5','18','200','3100'),('4101','true','false','5','20','201','3100'),('4102','true','false','9','84','202','3100'),('4103','true','false','5','27','179','3101'),('4104','true','false','5','25','180','3101'),('4105','true','false','9','81','181','3101'),('4106','true','false','5','5','176','3102'),('4107','true','false','5','20','177','3102'),('4108','true','false','9','81','178','3102'),('4109','true','false','5','3','197','3103'),('4110','true','false','9','83','198','3103'),('4111','true','false','5','11','191','3104'),('4112','true','false','9','88','192','3104'),('4113','true','false','9','84','182','3105'),('4114','true','false','5','37','185','3106'),('4115','true','false','5','18','186','3106'),('4116','true','false','9','88','187','3106'),('4117','true','false','9','84','188','3107'),('4118','true','false','5','13','203','3108'),('4119','true','false','9','82','204','3108'),('4120','true','false','5','16','194','3109'),('4121','true','false','9','89','195','3109'),('4122','true','false','5','14','191','3120'),('4123','true','false','8','72','192','3120'),('4124','true','false','5','30','194','3121'),('4125','true','false','6','50','195','3121'),('4126','true','false','5','26','179','3122'),('4127','true','false','8','74','180','3122'),('4128','true','false','5','37','188','3123'),('4129','true','false','5','27','189','3123'),('4130','true','false','6','58','190','3123'),('4131','true','false','5','34','200','3124'),('4132','true','false','7','60','201','3124'),('4133','true','false','5','22','176','3125'),('4134','true','false','5','3','177','3125'),('4135','true','false','8','73','178','3125'),('4136','true','false','5','16','197','3126'),('4137','true','false','6','55','198','3126'),('4138','true','false','8','76','203','3127'),('4139','true','false','5','39','182','3128'),('4140','true','false','5','30','183','3128'),('4141','true','false','7','64','184','3128'),('4142','true','false','8','71','185','3129'),('4143','true','false','9','82','191','3140'),('4144','true','false','5','33','203','3141'),('4145','true','false','6','54','204','3141'),('4146','true','false','5','9','197','3142'),('4147','true','false','8','71','198','3142'),('4148','true','false','5','46','176','3143'),('4149','true','false','5','8','177','3143'),('4150','true','false','9','88','178','3143'),('4151','true','false','5','24','185','3144'),('4152','true','false','5','21','186','3144'),('4153','true','false','6','52','187','3144'),('4154','true','false','5','4','188','3145'),('4155','true','false','7','64','189','3145'),('4156','true','false','5','28','182','3146'),('4157','true','false','5','35','183','3146'),('4158','true','false','8','71','184','3146'),('4159','true','false','9','84','179','3147'),('4160','true','false','5','33','194','3148'),('4161','true','false','5','47','195','3148'),('4162','true','false','8','78','196','3148'),('4163','true','false','5','36','200','3149'),('4164','true','false','5','36','201','3149'),('4165','true','false','9','87','202','3149'),('4200','true','false','5','7','179','3250'),('4201','true','false','9','88','180','3250'),('4202','true','false','5','40','194','3251'),('4203','true','false','9','81','195','3251'),('4204','true','false','9','85','185','3252'),('4205','true','false','5','7','182','3253'),('4206','true','false','5','48','183','3253'),('4207','true','false','9','85','184','3253'),('4208','true','false','5','22','191','3254'),('4209','true','false','9','85','192','3254'),('4210','true','false','5','2','203','3255'),('4211','true','false','9','87','204','3255'),('4212','true','false','5','47','200','3256'),('4213','true','false','9','80','201','3256'),('4214','true','false','5','24','197','3257'),('4215','true','false','5','13','198','3257'),('4216','true','false','9','82','199','3257'),('4217','true','false','5','44','188','3258'),('4218','true','false','5','39','189','3258'),('4219','true','false','9','84','190','3258'),('4220','true','false','5','48','176','3259'),('4221','true','false','5','27','177','3259'),('4222','true','false','9','86','178','3259'),('4223','true','false','9','81','155','3260'),('4224','true','false','5','5','146','3261'),('4225','true','false','5','3','147','3261'),('4226','true','false','8','70','148','3261'),('4227','true','false','5','7','167','3262'),('4228','true','false','5','7','168','3262'),('4229','true','false','9','80','169','3262'),('4230','true','false','5','45','164','3263'),('4231','true','false','7','63','165','3263'),('4232','true','false','5','4','161','3264'),('4233','true','false','5','20','162','3264'),('4234','true','false','7','64','163','3264'),('4235','true','false','5','4','158','3265'),('4236','true','false','8','78','159','3265'),('4237','true','false','9','85','149','3266'),('4238','true','false','8','77','152','3267'),('4239','true','false','6','50','170','3268'),('4240','true','false','5','46','173','3269'),('4241','true','false','5','26','174','3269'),('4242','true','false','7','68','175','3269'),('4243','true','false','5','12','206','3270'),('4244','true','false','8','76','207','3270'),('4245','true','false','8','73','277','3271'),('4246','true','false','5','45','233','3272'),('4247','true','false','7','69','234','3272'),('4248','true','false','5','32','227','3273'),('4249','true','false','5','34','228','3273'),('4250','true','false','8','78','229','3273'),('4251','true','false','6','54','218','3274'),('4252','true','false','5','18','209','3275'),('4253','true','false','5','48','210','3275'),('4254','true','false','7','67','211','3275'),('4255','true','false','5','20','224','3276'),('4256','true','false','5','25','225','3276'),('4257','true','false','7','61','226','3276'),('4258','true','false','5','48','212','3277'),('4259','true','false','6','54','213','3277'),('4260','true','false','5','21','221','3278'),('4261','true','false','5','48','222','3278'),('4262','true','false','9','88','223','3278'),('4263','true','false','5','31','215','3279'),('4264','true','false','8','77','216','3279'),('4265','true','false','5','11','167','3280'),('4266','true','false','9','84','168','3280'),('4267','true','false','5','15','146','3281'),('4268','true','false','9','88','147','3281'),('4269','true','false','5','26','158','3282'),('4270','true','false','5','43','159','3282'),('4271','true','false','6','53','160','3282'),('4272','true','false','5','25','173','3283'),('4273','true','false','9','86','174','3283'),('4274','true','false','5','44','155','3284'),('4275','true','false','6','50','156','3284'),('4276','true','false','5','33','152','3285'),('4277','true','false','5','15','153','3285'),('4278','true','false','9','86','154','3285'),('4279','true','false','8','70','164','3286'),('4280','true','false','5','24','170','3287'),('4281','true','false','5','46','171','3287'),('4282','true','false','7','69','172','3287'),('4283','true','false','8','72','149','3288'),('4284','true','false','5','4','161','3289'),('4285','true','false','5','4','162','3289'),('4286','true','false','6','58','163','3289'),('4287','true','false','8','78','224','3290'),('4288','true','false','5','14','221','3291'),('4289','true','false','5','19','222','3291'),('4290','true','false','7','66','223','3291'),('4291','true','false','5','29','212','3292'),('4292','true','false','7','67','213','3292'),('4293','true','false','7','63','277','3293'),('4294','true','false','7','66','215','3294'),('4295','true','false','7','67','218','3295'),('4296','true','false','7','61','206','3296'),('4297','true','false','5','17','233','3297'),('4298','true','false','5','6','234','3297'),('4299','true','false','6','59','235','3297'),('4300','true','false','5','23','227','3298'),('4301','true','false','5','5','228','3298'),('4302','true','false','6','52','229','3298'),('4303','true','false','5','35','209','3299'),('4304','true','false','8','75','210','3299');
INSERT INTO staff (id,first_name,last_name1,last_name2,id_login) VALUES ('1','Referen','Tka','Fri','4'),('2','Jože','Može',NULL,'1');
INSERT INTO agreement (id_agreement,content_eng,content_slo,deleted,issue_date,issuer,valid_until,student_id) VALUES ('1',NULL,'Pohvala za zgledno opravljene obveznosti.','false','2018-05-28','Dekanat FRI',NULL,'4'),('2',NULL,'Pohvala za izjemno znanje CLI.','false','2018-05-23','Aleksandar Jurišić','2018-06-07','4'),('3','Commendment for achieving above average grades in current study year.','Pohvala za zgledno opravljene obveznosti.','false','2018-05-31','Dekanat FRI',NULL,'34'),('4',NULL,'Prešernova nagrada za diplomsko delo.','false','2017-12-03','Univerza v Ljubljani',NULL,'45'),('5','Delete this.','Briši to.','false','2018-05-01','Dummy izdajatelj','2018-05-30','88'),('6',NULL,'Pohvala za doseženo srebrno Vegovo priznanje.','false','2018-02-06','Dekanat FRI',NULL,'76');
-- nevem zakaj mora bit v eni vrstici ceu ukaz, probu sm sam values nastet po vrsticah pa ni delal

--connect professors with login ID
UPDATE professor SET id_login = 3 WHERE professor.id = 2; -- Igor Kononenko
UPDATE professor SET id_login = 103 WHERE professor.id = 5; -- Blaz Zupan
UPDATE professor SET id_login = 98 WHERE professor.id = 30; -- Bo"stjan Slivnik
UPDATE professor SET id_login = 104 WHERE professor.id = 40; -- Gasper Fijavz
UPDATE professor SET id_login = 99 WHERE professor.id = 23; -- Nezka Mramor Kosta 
UPDATE professor SET id_login = 100 WHERE professor.id = 24; -- Miha Mraz
UPDATE professor SET id_login = 101 WHERE professor.id = 33; -- Nikolaj Zimic
UPDATE professor SET id_login = 102 WHERE professor.id = 1; -- Aleksandar Jurisic

ALTER SEQUENCE address_id_seq RESTART WITH 100;
ALTER SEQUENCE agreement_id_agreement_seq RESTART WITH 7;
ALTER SEQUENCE course_exam_term_id_course_exam_term_seq RESTART WITH 300;
ALTER SEQUENCE student_courses_id_student_courses_seq RESTART WITH 3300;
ALTER SEQUENCE course_organization_id_course_organization_seq RESTART WITH 400;
ALTER SEQUENCE exam_sign_up_id_seq RESTART WITH 4400;
ALTER SEQUENCE enrolment_id_seq RESTART WITH 500;
ALTER SEQUENCE enrolment_token_id_seq RESTART WITH 500;
ALTER SEQUENCE professor_id_seq RESTART WITH 100;
ALTER SEQUENCE student_id_seq RESTART WITH 200;
ALTER SEQUENCE user_login_id_seq RESTART WITH 200;
ALTER SEQUENCE staff_id_seq RESTART WITH 3;
ALTER SEQUENCE curriculum_id_curriculum_seq RESTART WITH 3000;