-- This file is generated with python script and probably SHOULD NOT be edited but generated!

INSERT INTO country (code2,code3,id,name_iso,name) VALUES ('AF','AFG','004','Afghanistan','Afganistan'),('AX','ALA','248','Ålland Islands','Alandski otoki'),('AL','ALB','008','Albania','Albanija'),('DZ','DZA','012','Algeria','Alžirija'),('AS','ASM','016','American Samoa','Ameriška Samoa'),('AD','AND','020','Andorra','Andora'),('AO','AGO','024','Angola','Angola'),('AI','AIA','660','Anguilla','Angvila'),('AQ','ATA','010','Antarctica','Antarktika'),('AG','ATG','028','Antigua and Barbuda','Antigva in Barbuda'),('AR','ARG','032','Argentina','Argenitna'),('AM','ARM','051','Armenia','Armenija'),('AW','ABW','533','Aruba','Aruba'),('AU','AUS','036','Australia','Avstralija'),('AT','AUT','040','Austria','Avstrija'),('AZ','AZE','031','Azerbaijan','Azerbajdžan'),('BS','BHS','044','Bahamas','Bahami'),('BH','BHR','048','Bahrain','Bahrajn'),('BD','BGD','050','Bangladesh','Bangladeš'),('BB','BRB','052','Barbados','Barbados'),('BY','BLR','112','Belarus','Belorusija'),('BE','BEL','056','Belgium','Belgija'),('BZ','BLZ','084','Belize','Belize'),('BJ','BEN','204','Benin','Benin'),('BM','BMU','060','Bermuda','Bermudi'),('BT','BTN','064','Bhutan','Butan'),('BO','BOL','068','Bolivia, Plurinational State of','Bolivija'),('BQ','BES','535','Bonaire, Sint Eustatius and Saba','Otočje Bonaire, Sv. Eustatij in Saba'),('BA','BIH','070','Bosnia and Herzegovina','Bosna in Hercegovina'),('BW','BWA','072','Botswana','Bocvana'),('BV','BVT','074','Bouvet Island','Bouvetov otok'),('BR','BRA','076','Brazil','Brazilija'),('IO','IOT','086','British Indian Ocean Territory','Britansko ozemlje v Indijskem oceanu'),('BN','BRN','096','Brunei Darussalam','Brunej'),('BG','BGR','100','Bulgaria','Bolgarija'),('BF','BFA','854','Burkina Faso','Burkina Faso'),('BI','BDI','108','Burundi','Burundi'),('KH','KHM','116','Cambodia','Kambodža'),('CM','CMR','120','Cameroon','Kamerun'),('CA','CAN','124','Canada','Kanada'),('CV','CPV','132','Cape Verde','Kapverdski otoki (Zelenortski otoki)'),('KY','CYM','136','Cayman Islands','Kajmanski otoki'),('CF','CAF','140','Central African Republic','Srednjeafriška republika'),('TD','TCD','148','Chad','Čad'),('CL','CHL','152','Chile','Čile'),('CN','CHN','156','China','Kitajska'),('CX','CXR','162','Christmas Island','Božični otok'),('CC','CCK','166','Cocos (Keeling) Islands','Kokosovi in Keelingovi otoki'),('CO','COL','170','Colombia','Kolumbija'),('KM','COM','174','Comoros','Komori'),('CG','COG','178','Congo','Kongo'),('CD','COD','180','Congo, the Democratic Republic of the','Demokratična republika Kongo'),('CK','COK','184','Cook Islands','Cookovi otoki'),('CR','CRI','188','Costa Rica','Kostarika'),('CI','CIV','384','Côte d''Ivoire','Slonokoščena obala'),('HR','HRV','191','Croatia','Hrvaška'),('CU','CUB','192','Cuba','Kuba'),('CW','CUW','531','Curaçao','Kurasao'),('CY','CYP','196','Cyprus','Ciper'),('CZ','CZE','203','Czech Republic','Češka'),('DK','DNK','208','Denmark','Danska'),('DJ','DJI','262','Djibouti','Džibuti'),('DM','DMA','212','Dominica','Dominika'),('DO','DOM','214','Dominican Republic','Dominikanska republika'),('EC','ECU','218','Ecuador','Ekvador'),('EG','EGY','818','Egypt','Egipt'),('SV','SLV','222','El Salvador','Salvador'),('GQ','GNQ','226','Equatorial Guinea','Ekvatorialna Gvineja'),('ER','ERI','232','Eritrea','Eritreja'),('EE','EST','233','Estonia','Estonija'),('ET','ETH','231','Ethiopia','Etiopija'),('FK','FRO','234','Falkland Islands (Malvinas)','Falkalndski otoki'),('FO','FLK','238','Faroe Islands','Ferski otoki'),('FJ','FJI','242','Fiji','Fidži'),('FI','FIN','246','Finland','Finska'),('FR','FRA','250','France','Francija'),('GF','GUF','254','French Guiana','Francoska Gvajana'),('PF','PYF','258','French Polynesia','Francoska Polinezija'),('TF','ATF','260','French Southern Territories','Francoska južna ozemlja'),('GA','GAB','266','Gabon','Gabon'),('GM','GMB','270','Gambia','Gambija'),('GE','GEO','268','Georgia','Gruzija'),('DE','DEU','276','Germany','Nemčija'),('GH','GHA','288','Ghana','Gana'),('GI','GIB','292','Gibraltar','Gibraltar'),('GR','GRC','300','Greece','Grčija'),('GL','GRL','304','Greenland','Grenlandija'),('GD','GRD','308','Grenada','Grenada'),('GP','GLP','312','Guadeloupe','Guadeloupe'),('GU','GUM','316','Guam','Guam'),('GT','GTM','320','Guatemala','Gvatemala'),('GG','GGY','831','Guernsey','Otok Guernsey'),('GN','GIN','324','Guinea','Gvineja'),('GW','GNB','624','Guinea-Bissau','Gvineja-Bissau'),('GY','GUY','328','Guyana','Gvajana'),('HT','HTI','332','Haiti','Haiti'),('HM','HMD','334','Heard Island and McDonald Islands','Otok Heard in otočje McDonald'),('VA','VAT','336','Holy See (Vatican City State)','Vatikan'),('HN','HND','340','Honduras','Honduras'),('HK','HKG','344','Hong Kong','Hong Kong'),('HU','HUN','348','Hungary','Madžarska'),('IS','ISL','352','Iceland','Islandija'),('IN','IND','356','India','Indija'),('ID','IDN','360','Indonesia','Indonezija'),('IR','IRN','364','Iran, Islamic Republic of','Iran'),('IQ','IRQ','368','Iraq','Irak'),('IE','IRL','372','Ireland','Irska'),('IM','IMN','833','Isle of Man','Otok Man'),('IL','ISR','376','Israel','Izrael'),('IT','ITA','380','Italy','Italija'),('JM','JAM','388','Jamaica','Jamajka'),('JP','JPN','392','Japan','Japonska'),('JE','JEY','832','Jersey','Otok Jersey'),('JO','JOR','400','Jordan','Jordanija'),('KZ','KAZ','398','Kazakhstan','Kazahstan'),('KE','KEN','404','Kenya','Kenija'),('KI','KIR','296','Kiribati','Kiribati'),('KP','PRK','408','Korea, Democratic People''s Republic of','Severna Koreja'),('KR','KOR','410','Korea, Republic of','Južna Koreja'),('KW','KWT','414','Kuwait','Kuvajt'),('KG','KGZ','417','Kyrgyzstan','Kirgizistan (Kirgizija)'),('LA','LAO','418','Lao People''s Democratic Republic','Laos'),('LV','LVA','428','Latvia','Latvija'),('LB','LBN','422','Lebanon','Libanon'),('LS','LSO','426','Lesotho','Lesoto'),('LR','LBR','430','Liberia','Liberija'),('LY','LBY','434','Libya','Libija'),('LI','LIE','438','Liechtenstein','Lihtenštajn'),('LT','LTU','440','Lithuania','Litva'),('LU','LUX','442','Luxembourg','Luksemburg'),('MO','MAC','446','Macao','Makao'),('MK','MKD','807','Macedonia, the former Yugoslav Republic of','Makedonija'),('MG','MDG','450','Madagascar','Madagaskar'),('MW','MWI','454','Malawi','Malavi'),('MY','MYS','458','Malaysia','Malezija'),('MV','MDV','462','Maldives','Maldivi'),('ML','MLI','466','Mali','Mali'),('MT','MLT','470','Malta','Malta'),('MH','MHL','584','Marshall Islands','Maršalovi otoki'),('MQ','MTQ','474','Martinique','Martinik'),('MR','MRT','478','Mauritania','Mavretanija'),('MU','MUS','480','Mauritius','Mauricius (Moris)'),('YT','MYT','175','Mayotte','Francoska skupnost Mejot'),('MX','MEX','484','Mexico','Mehika'),('FM','FSM','583','Micronesia, Federated States of','Mikronezija'),('MD','MDA','498','Moldova, Republic of','Moldavija'),('MC','MCO','492','Monaco','Monako'),('MN','MNG','496','Mongolia','Mongolija'),('ME','MNE','499','Montenegro','Črna Gora'),('MS','MSR','500','Montserrat','Montserat'),('MA','MAR','504','Morocco','Maroko'),('MZ','MOZ','508','Mozambique','Mozambik'),('MM','MMR','104','Myanmar','Mjanmar'),('NA','NAM','516','Namibia','Namibija'),('NR','NRU','520','Nauru','Nauru'),('NP','NPL','524','Nepal','Nepal'),('NL','NLD','528','Netherlands','Nizozemska'),('NC','NCL','540','New Caledonia','Nova Kaledonija'),('NZ','NZL','554','New Zealand','Nova Zelandija'),('NI','NIC','558','Nicaragua','Nikaragva'),('NE','NER','562','Niger','Niger'),('NG','NGA','566','Nigeria','Nigerija'),('NU','NIU','570','Niue','Niu'),('NF','NFK','574','Norfolk Island','Otok Norflok'),('MP','MNP','580','Northern Mariana Islands','Severni Marianski otoki'),('NO','NOR','578','Norway','Norveška'),('OM','OMN','512','Oman','Oman'),('PK','PAK','586','Pakistan','Pakistan'),('PW','PLW','585','Palau','Palau'),('PS','PSE','275','Palestinian Territory, Occupied','Palestina'),('PA','PAN','591','Panama','Panama'),('PG','PNG','598','Papua New Guinea','Papua Nova Gvineja'),('PY','PRY','600','Paraguay','Paragvaj'),('PE','PER','604','Peru','Peru'),('PH','PHL','608','Philippines','Filipini'),('PN','PCN','612','Pitcairn','Pitcairnovi otoki'),('PL','POL','616','Poland','Poljska'),('PT','PRT','620','Portugal','Portugalska'),('PR','PRI','630','Puerto Rico','Portoriko'),('QA','QAT','634','Qatar','Katar'),('RE','REU','638','Réunion','Francoska skupnost Reunion'),('RO','ROU','642','Romania','Romunija'),('RU','RUS','643','Russian Federation','Ruska federacija'),('RW','RWA','646','Rwanda','Ruanda'),('BL','BLM','652','Saint Barthélemy','Sveti Bartolomej'),('SH','SHN','654','Saint Helena, Ascension and Tristan da Cunha','Sveta Helena'),('KN','KNA','659','Saint Kitts and Nevis','Sveti Kits in Nevis'),('LC','LCA','662','Saint Lucia','Sveta Lucija'),('MF','MAF','663','Saint Martin (French part)','Otok svetega Martina'),('PM','SPM','666','Saint Pierre and Miquelon','Sveta Pierre in Miquelon'),('VC','VCT','670','Saint Vincent and the Grenadines','Sveti Vincent in Grenadini'),('WS','WSM','882','Samoa','Samoa'),('SM','SMR','674','San Marino','San Marino'),('ST','STP','678','Sao Tome and Principe','Sao Tome in Principe'),('SA','SAU','682','Saudi Arabia','Savdska Arabija'),('SN','SEN','686','Senegal','Senegal'),('RS','SRB','688','Serbia','Srbija'),('SC','SYC','690','Seychelles','Sejšeli'),('SL','SLE','694','Sierra Leone','Siera Leone'),('SG','SGP','702','Singapore','Singapur'),('SX','SXM','534','Sint Maarten (Dutch part)','Otok svetega.Martina (Nizozemska)'),('SK','SVK','703','Slovakia','Slovaška'),('SI','SVN','705','Slovenia','Slovenija'),('SB','SLB','090','Solomon Islands','Solomonovi otoki'),('SO','SOM','706','Somalia','Somalija'),('ZA','ZAF','710','South Africa','Južna afrika'),('GS','SGS','239','South Georgia and the South Sandwich Islands','Južna Georgia in Južni Sandwichevi otoki'),('SS','SSD','728','South Sudan','Južni Sudan'),('ES','ESP','724','Spain','Španija'),('LK','LKA','144','Sri Lanka','Šri Lanka'),('SD','SDN','729','Sudan','Sudan'),('SR','SUR','740','Suriname','Surinam'),('SJ','SJM','744','Svalbard and Jan Mayen','Svalbard in Jan Majen'),('SZ','SWZ','748','Swaziland','Svazi'),('SE','SWE','752','Sweden','Švedska'),('CH','CHE','756','Switzerland','Švica'),('SY','SYR','760','Syrian Arab Republic','Sirija'),('TW','TWN','158','Taiwan, Province of China','Tajvan'),('TJ','TJK','762','Tajikistan','Tadžikistan'),('TZ','TZA','834','Tanzania, United Republic of','Tanzanija'),('TH','THA','764','Thailand','Tajska'),('TL','TLS','626','Timor-Leste','Vzhodni Timor'),('TG','TGO','768','Togo','Togo'),('TK','TKL','772','Tokelau','Tokelau'),('TO','TON','776','Tonga','Tonga'),('TT','TTO','780','Trinidad and Tobago','Trinidad in Tobago'),('TN','TUN','788','Tunisia','Tunizija'),('TR','TUR','792','Turkey','Turčija'),('TM','TKM','795','Turkmenistan','Turkmenistan'),('TC','TCA','796','Turks and Caicos Islands','Tirški in Kajkoški otoki'),('TV','TUV','798','Tuvalu','Tuvalu'),('UG','UGA','800','Uganda','Uganda'),('UA','UKR','804','Ukraine','Ukrajina'),('AE','ARE','784','United Arab Emirates','Združeni Arabski Emirati'),('GB','GBR','826','United Kingdom','Velika Britanija'),('US','USA','840','United States','Združene države Amerike'),('UM','UMI','581','United States Minor Outlying Islands','ZDA zunanji otoki'),('UY','URY','858','Uruguay','Urugvaj'),('UZ','UZB','860','Uzbekistan','Uzbekistan'),('VU','VUT','548','Vanuatu','Republika Vanuatu'),('VE','VEN','862','Venezuela, Bolivarian Republic of','Venezuela'),('VN','VNM','704','Viet Nam','Vietnam'),('VG','VGB','092','Virgin Islands, British','Britanski Deviški otoki'),('VI','VIR','850','Virgin Islands, U.S.','Ameriški Deviški otoki'),('WF','WLF','876','Wallis and Futuna','Otočje Valis in Futuna'),('EH','ESH','732','Western Sahara','Zahodna Sahara'),('YE','YEM','887','Yemen','Jemen'),('ZM','ZMB','894','Zambia','Zambija'),('ZW','ZWE','716','Zimbabwe','Zimbabve');
INSERT INTO municipality (id,name) VALUES ('999','- (Ni v Sloveniji)'),('213','Ankaran'),('1','Ajdovščina'),('195','Apače'),('2','Beltinci'),('148','Benedikt'),('149','Bistrica ob Sotli'),('3','Bled'),('150','Bloke'),('4','Bohinj'),('5','Borovnica'),('6','Bovec'),('151','Braslovče'),('7','Brda'),('8','Brezovica'),('9','Brežice'),('152','Cankova'),('11','Celje'),('12','Cerklje na Gorenjskem'),('13','Cerknica'),('14','Cerkno'),('153','Cerkvenjak'),('196','Cirkulane'),('15','Črenšovci'),('16','Črna na Koroškem'),('17','Črnomelj'),('18','Destrnik'),('19','Divača'),('154','Dobje'),('20','Dobrepolje'),('155','Dobrna'),('21','Dobrova - Polhov Gradec'),('156','Dobrovnik'),('22','Dol pri Ljubljani'),('157','Dolenjske Toplice'),('23','Domžale'),('24','Dornava'),('25','Dravograd'),('26','Duplek'),('27','Gorenja vas - Poljane'),('28','Gorišnica'),('207','Gorje'),('29','Gornja Radgona'),('30','Gornji Grad'),('31','Gornji Petrovci'),('158','Grad'),('32','Grosuplje'),('159','Hajdina'),('160','Hoče - Slivnica'),('161','Hodoš'),('162','Horjul'),('34','Hrastnik'),('35','Hrpelje - Kozina'),('36','Idrija'),('37','Ig'),('38','Ilirska Bistrica'),('39','Ivančna Gorica'),('40','Izola'),('41','Jesenice'),('163','Jezersko'),('42','Juršinci'),('43','Kamnik'),('44','Kanal'),('45','Kidričevo'),('46','Kobarid'),('47','Kobilje'),('48','Kočevje'),('49','Komen'),('164','Komenda'),('50','Koper'),('197','Kostanjevica na Krki'),('165','Kostel'),('51','Kozje'),('52','Kranj'),('53','Kranjska Gora'),('166','Križevci'),('54','Krško'),('55','Kungota'),('56','Kuzma'),('57','Laško'),('58','Lenart'),('59','Lendava'),('60','Litija'),('61','Ljubljana'),('62','Ljubno'),('63','Ljutomer'),('208','Log - Dragomer'),('64','Logatec'),('65','Loška dolina'),('66','Loški Potok'),('167','Lovrenc na Pohorju'),('67','Luče'),('68','Lukovica'),('69','Majšperk'),('198','Makole'),('70','Maribor'),('168','Markovci'),('71','Medvode'),('72','Mengeš'),('73','Metlika'),('74','Mežica'),('169','Miklavž na Dravskem polju'),('75','Miren - Kostanjevica'),('212','Mirna'),('170','Mirna Peč'),('76','Mislinja'),('199','Mokronog - Trebelno'),('77','Moravče'),('78','Moravske Toplice'),('79','Mozirje'),('80','Murska Sobota'),('81','Muta'),('82','Naklo'),('83','Nazarje'),('84','Nova Gorica'),('85','Novo mesto'),('86','Odranci'),('171','Oplotnica'),('87','Ormož'),('88','Osilnica'),('89','Pesnica'),('90','Piran'),('91','Pivka'),('92','Podčetrtek'),('172','Podlehnik'),('93','Podvelka'),('200','Poljčane'),('173','Polzela'),('94','Postojna'),('174','Prebold'),('95','Preddvor'),('175','Prevalje'),('96','Ptuj'),('97','Puconci'),('98','Rače - Fram'),('99','Radeče'),('100','Radenci'),('101','Radlje ob Dravi'),('102','Radovljica'),('103','Ravne na Koroškem'),('176','Razkrižje'),('209','Rečica ob Savinji'),('201','Renče - Vogrsko'),('104','Ribnica'),('177','Ribnica na Pohorju'),('106','Rogaška Slatina'),('105','Rogašovci'),('107','Rogatec'),('108','Ruše'),('178','Selnica ob Dravi'),('109','Semič'),('110','Sevnica'),('111','Sežana'),('112','Slovenj Gradec'),('113','Slovenska Bistrica'),('114','Slovenske Konjice'),('179','Sodražica'),('180','Solčava'),('202','Središče ob Dravi'),('115','Starše'),('203','Straža'),('204','Sv. Trojica v Slov. Goricah'),('181','Sveta Ana'),('182','Sveti Andraž v Slov. Goricah'),('116','Sveti Jurij ob Ščavnici'),('210','Sveti Jurij v Slov. Goricah'),('205','Sveti Tomaž'),('33','Šalovci'),('183','Šempeter - Vrtojba'),('117','Šenčur'),('118','Šentilj'),('119','Šentjernej'),('120','Šentjur pri Celju'),('211','Šentrupert'),('121','Škocjan'),('122','Škofja Loka'),('123','Škofljica'),('124','Šmarje pri Jelšah'),('206','Šmarješke Toplice'),('125','Šmartno ob Paki'),('194','Šmartno pri Litiji'),('126','Šoštanj'),('127','Štore'),('184','Tabor'),('10','Tišina'),('128','Tolmin'),('129','Trbovlje'),('130','Trebnje'),('185','Trnovska vas'),('186','Trzin'),('131','Tržič'),('132','Turnišče'),('133','Velenje'),('187','Velika Polana'),('134','Velike Lašče'),('188','Veržej'),('135','Videm'),('136','Vipava'),('137','Vitanje'),('138','Vodice'),('139','Vojnik'),('189','Vransko'),('140','Vrhnika'),('141','Vuzenica'),('142','Zagorje ob Savi'),('143','Zavrč'),('144','Zreče'),('190','Žalec'),('146','Železniki'),('191','Žetale'),('147','Žiri'),('192','Žirovnica'),('193','Žužemberk');
INSERT INTO post_address (id,name) VALUES ('8341','Adlešiči'),('5270','Ajdovščina'),('6280','Ankaran/Ancarano'),('9253','Apače'),('8253','Artiče'),('4275','Begunje na Gorenjskem'),('1382','Begunje pri Cerknici'),('9231','Beltinci'),('2234','Benedikt'),('2345','Bistrica ob Dravi'),('3256','Bistrica ob Sotli'),('8259','Bizeljsko'),('1223','Blagovica'),('8283','Blanca'),('4260','Bled'),('4273','Blejska Dobrava'),('9265','Bodonci'),('9222','Bogojina'),('4263','Bohinjska Bela'),('4264','Bohinjska Bistrica'),('4265','Bohinjsko jezero'),('1353','Borovnica'),('8294','Boštanj'),('5230','Bovec'),('5295','Branik'),('3314','Braslovče'),('5223','Breginj'),('8280','Brestanica'),('2354','Bresternica'),('4243','Brezje'),('1351','Brezovica pri Ljubljani'),('8250','Brežice'),('4210','Brnik - Aerodrom'),('8321','Brusnice'),('3255','Buče'),('8276','Bučka'),('9261','Cankova'),('3000','Celje'),('3001','Celje - poštni predali'),('4207','Cerklje na Gorenjskem'),('8263','Cerklje ob Krki'),('1380','Cerknica'),('5282','Cerkno'),('2236','Cerkvenjak'),('2215','Ceršak'),('2326','Cirkovce'),('2282','Cirkulane'),('5273','Col'),('8251','Čatež ob Savi'),('1413','Čemšenik'),('5253','Čepovan'),('9232','Črenšovci'),('2393','Črna na Koroškem'),('6275','Črni Kal'),('5274','Črni Vrh nad Idrijo'),('5262','Črniče'),('8340','Črnomelj'),('6271','Dekani'),('5210','Deskle'),('2253','Destrnik'),('6215','Divača'),('1233','Dob'),('3224','Dobje pri Planini'),('8257','Dobova'),('1423','Dobovec'),('5263','Dobravlje'),('3204','Dobrna'),('8211','Dobrnič'),('1356','Dobrova'),('9223','Dobrovnik/Dobronak'),('5212','Dobrovo v Brdih'),('1431','Dol pri Hrastniku'),('1262','Dol pri Ljubljani'),('1273','Dole pri Litiji'),('1331','Dolenja vas'),('8350','Dolenjske Toplice'),('1230','Domžale'),('2252','Dornava'),('5294','Dornberk'),('1319','Draga'),('8343','Dragatuš'),('3222','Dramlje'),('2370','Dravograd'),('4203','Duplje'),('6221','Dutovlje'),('8361','Dvor'),('2343','Fala'),('9208','Fokovci'),('2313','Fram'),('3213','Frankolovo'),('1274','Gabrovka'),('8254','Globoko'),('5275','Godovič'),('4204','Golnik'),('3303','Gomilsko'),('4224','Gorenja vas'),('3263','Gorica pri Slivnici'),('2272','Gorišnica'),('9250','Gornja Radgona'),('3342','Gornji Grad'),('4282','Gozd Martuljek'),('6272','Gračišče'),('9264','Grad'),('8332','Gradac'),('1384','Grahovo'),('5242','Grahovo ob Bači'),('5251','Grgar'),('3302','Griže'),('3231','Grobelno'),('1290','Grosuplje'),('2288','Hajdina'),('8362','Hinje'),('2311','Hoče'),('9205','Hodoš/Hodos'),('1354','Horjul'),('1372','Hotedršica'),('1430','Hrastnik'),('6225','Hruševje'),('4276','Hrušica'),('5280','Idrija'),('1292','Ig'),('6250','Ilirska Bistrica'),('6251','Ilirska Bistrica-Trnovo'),('1295','Ivančna Gorica'),('2259','Ivanjkovci'),('1411','Izlake'),('6310','Izola/Isola'),('2222','Jakobski Dol'),('2221','Jarenina'),('6254','Jelšane'),('4270','Jesenice'),('8261','Jesenice na Dolenjskem'),('3273','Jurklošter'),('2223','Jurovski Dol'),('2256','Juršinci'),('5214','Kal nad Kanalom'),('3233','Kalobje'),('4246','Kamna Gorica'),('2351','Kamnica'),('1241','Kamnik'),('5213','Kanal'),('8258','Kapele'),('2362','Kapla'),('2325','Kidričevo'),('1412','Kisovec'),('6253','Knežak'),('5222','Kobarid'),('9227','Kobilje'),('1330','Kočevje'),('1338','Kočevska Reka'),('2276','Kog'),('5211','Kojsko'),('6223','Komen'),('1218','Komenda'),('6000','Koper/Capodistria'),('6001','Koper/Capodistria - poštni predali'),('8282','Koprivnica'),('5296','Kostanjevica na Krasu'),('8311','Kostanjevica na Krki'),('1336','Kostel'),('6256','Košana'),('2394','Kotlje'),('6240','Kozina'),('3260','Kozje'),('4000','Kranj'),('4001','Kranj - poštni predali'),('4280','Kranjska Gora'),('1281','Kresnice'),('4294','Križe'),('9206','Križevci'),('9242','Križevci pri Ljutomeru'),('1301','Krka'),('8296','Krmelj'),('4245','Kropa'),('8262','Krška vas'),('8270','Krško'),('9263','Kuzma'),('2318','Laporje'),('3270','Laško'),('1219','Laze v Tuhinju'),('2230','Lenart v Slovenskih goricah'),('9220','Lendava/Lendva'),('4248','Lesce'),('3261','Lesično'),('8273','Leskovec pri Krškem'),('2372','Libeliče'),('2341','Limbuš'),('1270','Litija'),('3202','Ljubečna'),('1000','Ljubljana'),('1001','Ljubljana - poštni predali'),('1231','Ljubljana - Črnuče'),('1261','Ljubljana - Dobrunje'),('1260','Ljubljana - Polje'),('1210','Ljubljana - Šentvid'),('1211','Ljubljana - Šmartno'),('3333','Ljubno ob Savinji'),('9240','Ljutomer'),('3215','Loče'),('5231','Log pod Mangartom'),('1358','Log pri Brezovici'),('1370','Logatec'),('1371','Logatec'),('1434','Loka pri Zidanem Mostu'),('3223','Loka pri Žusmu'),('6219','Lokev'),('1318','Loški Potok'),('2324','Lovrenc na Dravskem polju'),('2344','Lovrenc na Pohorju'),('3334','Luče'),('1225','Lukovica'),('9202','Mačkovci'),('2322','Majšperk'),('2321','Makole'),('9243','Mala Nedelja'),('2229','Malečnik'),('6273','Marezige'),('2000','Maribor'),('2001','Maribor - poštni predali'),('2206','Marjeta na Dravskem polju'),('2281','Markovci'),('9221','Martjanci'),('6242','Materija'),('4211','Mavčiče'),('1215','Medvode'),('1234','Mengeš'),('8330','Metlika'),('2392','Mežica'),('2204','Miklavž na Dravskem polju'),('2275','Miklavž pri Ormožu'),('5291','Miren'),('8233','Mirna'),('8216','Mirna Peč'),('2382','Mislinja'),('4281','Mojstrana'),('8230','Mokronog'),('1251','Moravče'),('9226','Moravske Toplice'),('5216','Most na Soči'),('1221','Motnik'),('3330','Mozirje'),('9000','Murska Sobota'),('9001','Murska Sobota - poštni predali'),('2366','Muta'),('4202','Naklo'),('3331','Nazarje'),('1357','Notranje Gorice'),('3203','Nova Cerkev'),('5000','Nova Gorica'),('5001','Nova Gorica - poštni predali'),('1385','Nova vas'),('8000','Novo mesto'),('8001','Novo mesto - poštni predali'),('6243','Obrov'),('9233','Odranci'),('2317','Oplotnica'),('2312','Orehova vas'),('2270','Ormož'),('1316','Ortnek'),('1337','Osilnica'),('8222','Otočec'),('2361','Ožbalt'),('2231','Pernica'),('2211','Pesnica pri Mariboru'),('9203','Petrovci'),('3301','Petrovče'),('6330','Piran/Pirano'),('8255','Pišece'),('6257','Pivka'),('6232','Planina'),('3225','Planina pri Sevnici'),('6276','Pobegi'),('8312','Podbočje'),('5243','Podbrdo'),('3254','Podčetrtek'),('2273','Podgorci'),('6216','Podgorje'),('2381','Podgorje pri Slovenj Gradcu'),('6244','Podgrad'),('1414','Podkum'),('2286','Podlehnik'),('5272','Podnanos'),('4244','Podnart'),('3241','Podplat'),('3257','Podsreda'),('2363','Podvelka'),('2208','Pohorje'),('2257','Polenšak'),('1355','Polhov Gradec'),('4223','Poljane nad Škofjo Loko'),('2319','Poljčane'),('1272','Polšnik'),('3313','Polzela'),('3232','Ponikva'),('6320','Portorož/Portorose'),('6230','Postojna'),('2331','Pragersko'),('3312','Prebold'),('4205','Preddvor'),('6255','Prem'),('1352','Preserje'),('6258','Prestranek'),('2391','Prevalje'),('3262','Prevorje'),('1276','Primskovo'),('3253','Pristava pri Mestinju'),('9207','Prosenjakovci/Partosfalva'),('5297','Prvačina'),('2250','Ptuj'),('2323','Ptujska Gora'),('9201','Puconci'),('2327','Rače'),('1433','Radeče'),('9252','Radenci'),('2360','Radlje ob Dravi'),('1235','Radomlje'),('4240','Radovljica'),('8274','Raka'),('1381','Rakek'),('4283','Rateče - Planica'),('2390','Ravne na Koroškem'),('9246','Razkrižje'),('3332','Rečica ob Savinji'),('5292','Renče'),('1310','Ribnica'),('2364','Ribnica na Pohorju'),('3272','Rimske Toplice'),('1314','Rob'),('5215','Ročinj'),('3250','Rogaška Slatina'),('9262','Rogašovci'),('3252','Rogatec'),('1373','Rovte'),('2342','Ruše'),('1282','Sava'),('6333','Sečovlje/Sicciole'),('4227','Selca'),('2352','Selnica ob Dravi'),('8333','Semič'),('8281','Senovo'),('6224','Senožeče'),('8290','Sevnica'),('6210','Sežana'),('2214','Sladki Vrh'),('5283','Slap ob Idrijci'),('2380','Slovenj Gradec'),('2310','Slovenska Bistrica'),('3210','Slovenske Konjice'),('1216','Smlednik'),('5232','Soča'),('1317','Sodražica'),('3335','Solčava'),('5250','Solkan'),('4229','Sorica'),('4225','Sovodenj'),('5281','Spodnja Idrija'),('2241','Spodnji Duplek'),('9245','Spodnji Ivanjci'),('2277','Središče ob Dravi'),('4267','Srednja vas v Bohinju'),('8256','Sromlje'),('5224','Srpenica'),('1242','Stahovica'),('1332','Stara Cerkev'),('8342','Stari trg ob Kolpi'),('1386','Stari trg pri Ložu'),('2205','Starše'),('2289','Stoperce'),('8322','Stopiče'),('3206','Stranice'),('8351','Straža'),('1313','Struge'),('8293','Studenec'),('8331','Suhor'),('2233','Sv. Ana v Slovenskih goricah'),('2235','Sv. Trojica v Slovenskih goricah'),('2353','Sveti Duh na Ostrem Vrhu'),('9244','Sveti Jurij ob Ščavnici'),('3264','Sveti Štefan'),('2258','Sveti Tomaž'),('9204','Šalovci'),('5261','Šempas'),('5290','Šempeter pri Gorici'),('3311','Šempeter v Savinjski dolini'),('4208','Šenčur'),('2212','Šentilj v Slovenskih goricah'),('8297','Šentjanž'),('2373','Šentjanž pri Dravogradu'),('8310','Šentjernej'),('3230','Šentjur'),('3271','Šentrupert'),('8232','Šentrupert'),('1296','Šentvid pri Stični'),('8275','Škocjan'),('6281','Škofije'),('4220','Škofja Loka'),('3211','Škofja vas'),('1291','Škofljica'),('6274','Šmarje'),('1293','Šmarje - Sap'),('3240','Šmarje pri Jelšah'),('8220','Šmarješke Toplice'),('2315','Šmartno na Pohorju'),('3341','Šmartno ob Dreti'),('3327','Šmartno ob Paki'),('1275','Šmartno pri Litiji'),('2383','Šmartno pri Slovenj Gradcu'),('3201','Šmartno v Rožni dolini'),('3325','Šoštanj'),('6222','Štanjel'),('3220','Štore'),('3304','Tabor'),('3221','Teharje'),('9251','Tišina'),('5220','Tolmin'),('3326','Topolšica'),('2371','Trbonje'),('1420','Trbovlje'),('8231','Trebelno'),('8210','Trebnje'),('5252','Trnovo pri Gorici'),('2254','Trnovska vas'),('1222','Trojane'),('1236','Trzin'),('4290','Tržič'),('8295','Tržišče'),('1311','Turjak'),('9224','Turnišče'),('8323','Uršna sela'),('1252','Vače'),('3320','Velenje'),('3322','Velenje - poštni predali'),('8212','Velika Loka'),('2274','Velika Nedelja'),('9225','Velika Polana'),('1315','Velike Lašče'),('8213','Veliki Gaber'),('9241','Veržej'),('1312','Videm - Dobrepolje'),('2284','Videm pri Ptuju'),('8344','Vinica'),('5271','Vipava'),('4212','Visoko'),('1294','Višnja Gora'),('3205','Vitanje'),('2255','Vitomarci'),('1217','Vodice'),('3212','Vojnik'),('5293','Volčja Draga'),('2232','Voličina'),('3305','Vransko'),('6217','Vremski Britof'),('1360','Vrhnika'),('2365','Vuhred'),('2367','Vuzenica'),('8292','Zabukovje'),('1410','Zagorje ob Savi'),('1303','Zagradec'),('2283','Zavrč'),('8272','Zdole'),('4201','Zgornja Besnica'),('2242','Zgornja Korena'),('2201','Zgornja Kungota'),('2316','Zgornja Ložnica'),('2314','Zgornja Polskava'),('2213','Zgornja Velka'),('4247','Zgornje Gorje'),('4206','Zgornje Jezersko'),('2285','Zgornji Leskovec'),('1432','Zidani Most'),('3214','Zreče'),('4209','Žabnica'),('3310','Žalec'),('4228','Železniki'),('2287','Žetale'),('4226','Žiri'),('4274','Žirovnica'),('8360','Žužemberk');
INSERT INTO study_degree (id,name) VALUES ('B','(predbolonjski) visokošolski'),('C','(predbolonjski) univerzitetni'),('F','(predbolonjski) magistrski'),('G','(predbolonjski) doktorski'),('J','1. stopnja: visokošolski strokovni'),('K','1. stopnja: univerzitetni'),('L','2. stopnja: magistrski'),('M','3. stopnja: doktorski'),('71','visokošolski (univerzitetni)'),('61','višješolski študij');
INSERT INTO study_program (id,name,id_study_degree,semesters) VALUES ('1000479','Informacijski sistemi in odločanje (predb D)','G','4'),('1000480','Informacijski sistemi in odločanje (predb M)','F','4'),('1000472','Kognitivna znanost (BM)','L','4'),('1001001','Multimedija (BUN)','K','6'),('100977','Pedagoško računalništvo in informatika (BM)','L','4'),('1009999','Predmetnik za tuje študente na izmenjavi',NULL,NULL),('1000475','Računalništvo in informatika (predb UN)','C','9'),('1000425','Računalništvo in matematika (predb UN)','C','8'),('1000477','Računalništvo in informatika (predb VS)','B','6'),('1000407','Računalništvo in matematika (BUN)','K','6'),('1000471','Računalništvo in informatika (BM)','L','4'),('1000468','Računalništvo in informatika (BUN)','K','6'),('1000470','Računalništvo in informatika (BVS)','J','6'),('1000474','Računalništvo in informatika (BD)','M','6'),('1000478','Računalništvo in informatika (predb D)','G','4'),('1000481','Računalništvo in informatika (predb M)','F','4'),('1000934','Računalništvo in matematika (BM)','L','4'),('1000469','Upravna informatika (BUN)','K','6');
INSERT INTO course (id,credit_points,deleted,name,semester) VALUES ('63508','6','false','Algoritmi','poletni'),('63711','6','false','Algoritmi in podatkovne strukture 1','zimski'),('63279','6','false','Algoritmi in podatkovne strukture 1','zimski'),('63280','6','false','Algoritmi in podatkovne strukture 2','poletni'),('63705','6','false','Diskretne strukture','zimski'),('63203','6','false','Diskretne strukture','zimski'),('63266','6','false','Inteligentni sistemi','zimski'),('63517','6','false','Izračunljivost in računska zahtevnost','zimski'),('63525','6','false','Odkrivanje znanj iz podatkov','poletni'),('63741','6','false','Odločitveni sistemi','zimski'),('63765','6','false','Podatkovno rudarjenje','poletni'),('63251','6','false','Poslovna inteligenca','zimski'),('63265','6','false','Prevajalniki','poletni'),('63722','6','false','Prevajalniki in navidezni stroji','poletni'),('63220','6','false','Principi programskih jezikov','poletni'),('63502','5','false','Programiranje','zimski'),('63277','6','false','Programiranje 1','zimski'),('63702','6','false','Programiranje 1','zimski'),('63278','6','false','Programiranje 2 (C)','poletni'),('63706','6','false','Programiranje 2 (Java)','poletni'),('63268','6','false','Razvoj inteligentnih sistemov','poletni'),('63263','6','false','Računska zahtevnost in hevristično programiranje','zimski'),('63739','6','false','Robotika in računalniško zaznavanje','zimski'),('63519','6','false','Strojno učenje','zimski'),('63510','6','false','Umetna inteligenca','poletni'),('63720','6','false','Umetna inteligenca','zimski'),('63267','6','false','Umetno zaznavanje','zimski'),('63520','6','false','Uvod v bioinformatiko','zimski'),('63212','6','false','Arhitektura računalniških sistemov','zimski'),('63718','6','false','Digitalna vezja','zimski'),('63260','6','false','Digitalno načrtovanje','zimski'),('63257','6','false','Modeliranje računalniških omrežij','zimski'),('63729','6','false','Načrtovanje digitalnih naprav','poletni'),('63709','6','false','Operacijski sistemi','poletni'),('63217','6','false','Operacijski sistemi','poletni'),('63717','6','false','Organizacija računalnikov','zimski'),('63218','6','false','Organizacija računalniških sistemov','zimski'),('63204','6','false','Osnove digitalnih vezij','zimski'),('63703','6','false','Računalniška arhitektura','zimski'),('63221','6','false','Računalniške tehnologije','poletni'),('63509','6','false','Računalniški sistemi','poletni'),('63264','6','false','Sistemska programska oprema','zimski'),('63736','6','false','Sistemska programska oprema','zimski'),('63728','6','false','Vhodno-izhodne naprave','poletni'),('63262','6','false','Zanesljivost in zmogljivost računalniških sistemov','poletni'),('63516','6','false','Digitalno procesiranje signalov','zimski'),('63744','6','false','Digitalno procesiranje signalov','zimski'),('63532','6','false','Diskretna matematika','poletni'),('63518','6','false','E-izobraževanje','zimski'),('63715','6','false','Grafično oblikovanje','zimski'),('63527','6','false','Interaktivnost in oblikovanje informacij','poletni'),('63210','6','false','Komunikacija človek računalnik','poletni'),('63734','6','false','Multimedijske tehnologije','zimski'),('63270','6','false','Multimedijski sistemi','zimski'),('63514','6','false','Obdelava biomedicinskih signalov in slik','zimski'),('63271','6','false','Osnove oblikovanja','poletni'),('63547','6','false','Poučevanje algoritmičnega razmišljanja','zimski'),('63726','6','false','Produkcija multimedijskih gradiv','poletni'),('63719','6','false','Računalniška grafika','zimski'),('63269','6','false','Računalniška grafika in tehnologija iger','zimski'),('63740','6','false','Tehnologija iger in navidezna resničnost','zimski'),('63721','6','false','Uporabniški vmesniki','poletni'),('63701','6','false','Uvod v računalništvo','zimski'),('63714','6','false','Informacijski sistemi','zimski'),('63533','6','false','Management proizvodnih in storitvenih procesov','zimski'),('63512','6','false','Nekonvencionalne platforme in metode procesiranja','zimski'),('63526','6','false','Obvladovanje informatike','poletni'),('63253','6','false','Planiranje in upravljanje informatike','poletni'),('63254','6','false','Postopki razvoja programske opreme','zimski'),('63737','6','false','Procesna avtomatika','zimski'),('63725','6','false','Razvoj informacijskih sistemov','poletni'),('63515','6','false','Sodobne metode razvoja programske opreme','poletni'),('63727','6','false','Spletne tehnologije','poletni'),('63255','6','false','Spletno programiranje','zimski'),('63732','6','false','Tehnologija programske opreme','zimski'),('63256','6','false','Tehnologija programske opreme','poletni'),('63724','6','false','Testiranje in kakovost','poletni'),('63738','6','false','Vgrajeni sistemi','zimski'),('63712','6','false','Elektronsko in mobilno poslovanje','zimski'),('63249','6','false','Elektronsko poslovanje','zimski'),('63521','6','false','Informacijska varnost in zasebnost','zimski'),('63528','6','false','Kriptografija in računalniška varnost','zimski'),('63250','6','false','Organizacija in management','poletni'),('63215','6','false','Osnove informacijskih sistemov','poletni'),('63707','6','false','Podatkovne baze','poletni'),('63713','6','false','Podatkovne baze 2','zimski'),('63530','6','false','Računalniška forenzika','poletni'),('63226','6','false','Tehnologija upravljanja podatkov','zimski'),('63216','6','false','Teorija informacij in sistemov','poletni'),('63259','6','false','Brezžična in mobilna omrežja','poletni'),('63511','6','false','Brezžična senzorska omrežja','poletni'),('63258','6','false','Komunikacijski protokoli','zimski'),('63716','6','false','Komunikacijski protokoli in omrežna varnost','zimski'),('63261','6','false','Porazdeljeni sistemi','zimski'),('63209','6','false','Računalniške komunikacije','poletni'),('63708','6','false','Računalniške komunikacije','poletni'),('63735','6','false','Vzporedni in porazdeljeni sistemi in algoritmi','zimski'),('63284','3','false','Tehnične veščine (Funkcijsko programiranje za splet)','zimski'),('63752','3','false','Računalništvo v praksi 1','bločni'),('63242','3','false','Računalništvo v praksi 2','bločni'),('63202','6','false','Osnove matematične analize','zimski'),('63710','6','false','Osnove verjetnosti in statistike','poletni'),('63213','6','false','Verjetnost in statistika','zimski'),('63207','6','false','Linearna algebra','poletni'),('63205','6','false','Fizika','zimski'),('63248','6','false','Ekonomika in podjetništvo','poletni'),('63281','6','false','Diplomski seminar','poletni'),('63214','6','false','Osnove umetne inteligence','zimski'),('63219','6','false','Matematično modeliranje','poletni'),('63225','6','false','Izbrana poglavja iz računalništva in informatike: Analiza omrežij','bločni'),('63750','3','false','Športna vzgoja','zimski'),('63208','6','false','Osnove podatkovnih baz','zimski'),('63704','6','false','Matematika','zimski');
INSERT INTO user_role (id,name) VALUES ('1','Skrbnik/ca'),('2','Študent/ka'),('3','Profesor/ica'),('4','Referent/ka');
INSERT INTO study_year (id,name) VALUES ('1','2013/2014'),('2','2014/2015'),('3','2015/2016'),('4','2016/2017'),('5','2017/2018');
INSERT INTO part_of_curriculum (id,type_of_curriculum,module_name) VALUES ('1','obv',NULL),('2','siz',NULL),('3','piz',NULL),('4','mod','Informacijski sistemi'),('5','mod','Obvladovanje informatike'),('6','mod','Razvoj programske opreme'),('7','mod','Računalniška omrežja'),('8','mod','Računalniški sistemi'),('9','mod','Algoritmi in sistemski programi'),('10','mod','Umetna inteligenca'),('11','mod','Medijske tehnologije');
INSERT INTO curriculum (id_curriculum,deleted,year_of_program,id_course,id_study_program,part_of_curriculum,id_study_year) VALUES ('1','false','1','63508','1000471','1','5'),('2','false','1','63508','1000934','1','5'),('3','false','1','63508','100977','1','5'),('4','false','2','63711','1000470','1','5'),('5','false','2','63279','1000468','1','5'),('6','false','2','63279','1000407','1','5'),('7','false','2','63280','1000468','1','5'),('8','false','2','63280','1000407','1','5'),('9','false','1','63705','1000470','1','5'),('10','false','1','63203','1000468','1','5'),('11','false','3','63266','1000468','10','5'),('12','false','3','63266','1000407','10','5'),('13','false','1','63266','1000471','10','5'),('14','false','2','63266','1000471','10','5'),('15','false','2','63517','1000468','1','5'),('16','false','2','63517','1000407','1','5'),('17','false','2','63741','1000470','2','5'),('18','false','2','63765','1000470','2','5'),('19','false','3','63251','1000468','4','5'),('20','false','3','63251','1000407','4','5'),('21','false','1','63251','1000471','4','5'),('22','false','2','63251','1000471','4','5'),('23','false','3','63265','1000468','9','5'),('24','false','3','63265','1000407','9','5'),('25','false','1','63265','1000471','9','5'),('26','false','2','63265','1000471','9','5'),('27','false','2','63722','1000470','2','5'),('28','false','1','63277','1000468','1','5'),('29','false','1','63277','1000407','1','5'),('30','false','1','63277','1001001','1','5'),('31','false','1','63702','1000470','1','5'),('32','false','1','63278','1000468','1','5'),('33','false','1','63278','1001001','1','5'),('34','false','1','63278','1000407','1','5'),('35','false','1','63706','1000470','1','5'),('36','false','3','63268','1000468','10','5'),('37','false','3','63268','1000407','10','5'),('38','false','3','63268','1000471','10','5'),('39','false','2','63220','1000468','2','5'),('40','false','3','63220','1000468','3','5'),('41','false','2','63220','1000407','1','5'),('42','false','3','63263','1000468','9','5'),('43','false','3','63263','1000407','9','5'),('44','false','1','63263','1000471','9','5'),('45','false','2','63263','1000471','9','5'),('46','false','2','63739','1000470','2','5'),('47','false','1','63212','1000468','1','5'),('48','false','1','63212','1000407','1','5'),('49','false','2','63718','1000470','2','5'),('50','false','3','63260','1000468','8','5'),('51','false','3','63260','1000407','8','5'),('52','false','1','63260','1000471','8','5'),('53','false','2','63260','1000471','8','5'),('54','false','3','63257','1000468','7','5'),('55','false','3','63257','1000407','7','5'),('56','false','1','63257','1000471','7','5'),('57','false','2','63257','1000471','7','5'),('58','false','2','63729','1000470','2','5'),('59','false','1','63709','1000470','1','5'),('60','false','2','63217','1000468','1','5'),('61','false','2','63717','1000470','2','5'),('62','false','2','63218','1000468','1','5'),('63','false','1','63204','1000468','1','5'),('64','false','1','63204','1000407','1','5'),('65','false','2','63221','1000468','2','5'),('66','false','1','63703','1000470','1','5'),('67','false','1','63509','1000471','1','5'),('68','false','1','63509','1000934','1','5'),('69','false','3','63264','1000468','9','5'),('70','false','3','63264','1000407','9','5'),('71','false','1','63264','1000471','9','5'),('72','false','2','63264','1000471','9','5'),('73','false','2','63736','1000470','2','5'),('74','false','2','63728','1000470','2','5'),('75','false','3','63262','1000468','8','5'),('76','false','3','63262','1000407','8','5'),('77','false','1','63262','1000471','8','5'),('78','false','2','63262','1000471','8','5'),('79','false','2','63744','1000470','2','5'),('80','false','2','63715','1000470','2','5'),('81','false','2','63734','1000470','2','5'),('82','false','3','63270','1000468','11','5'),('83','false','3','63270','1000407','11','5'),('84','false','1','63270','1000471','11','5'),('85','false','2','63270','1000471','11','5'),('86','false','3','63271','1000468','11','5'),('87','false','3','63271','1000407','11','5'),('88','false','1','63271','1000471','11','5'),('89','false','2','63271','1000471','11','5'),('90','false','2','63271','1001001','1','5'),('91','false','2','63726','1000470','2','5'),('92','false','2','63719','1000470','2','5'),('93','false','3','63269','1000468','11','5'),('94','false','3','63269','1000407','11','5'),('95','false','2','63269','1001001','11','5'),('96','false','1','63269','1000471','11','5'),('97','false','2','63269','1000471','11','5'),('98','false','2','63740','1000470','2','5'),('99','false','2','63721','1000470','2','5'),('100','false','1','63701','1000470','1','5'),('101','false','2','63714','1000470','2','5'),('102','false','3','63253','1000468','5','5'),('103','false','3','63253','1000407','5','5'),('104','false','1','63253','1000471','5','5'),('105','false','2','63253','1000471','5','5'),('106','false','3','63254','1000468','6','5'),('107','false','3','63254','1000407','6','5'),('108','false','1','63254','1000471','6','5'),('109','false','2','63254','1000471','6','5'),('110','false','2','63737','1000470','2','5'),('111','false','2','63737','1000468','3','5'),('112','false','3','63737','1000468','3','5'),('113','false','2','63725','1000470','2','5'),('114','false','2','63727','1000470','2','5'),('115','false','3','63255','1000468','6','5'),('116','false','3','63255','1000407','6','5'),('117','false','1','63255','1000471','6','5'),('118','false','2','63255','1000471','6','5'),('119','false','3','63732','1000470','1','5'),('120','false','3','63256','1000468','6','5'),('121','false','3','63256','1000407','6','5'),('122','false','1','63256','1000471','6','5'),('123','false','3','63256','1000475','6','5'),('124','false','2','63724','1000470','2','5'),('125','false','2','63738','1000470','2','5'),('126','false','3','63249','1000468','4','5'),('127','false','3','63249','1000407','4','5'),('128','false','1','63249','1000471','4','5'),('129','false','2','63249','1000471','4','5'),('130','false','3','63250','1000468','4','5'),('131','false','3','63250','1000407','4','5'),('132','false','1','63250','1000471','4','5'),('133','false','2','63250','1000475','4','5'),('134','false','1','63215','1000468','1','5'),('135','false','1','63707','1000470','1','5'),('136','false','2','63713','1000470','2','5'),('137','false','3','63226','1000468','5','5'),('138','false','3','63226','1000407','5','5'),('139','false','1','63226','1000471','5','5'),('140','false','2','63226','1000471','5','5'),('141','false','2','63216','1000468','1','5'),('142','false','3','63259','1000468','7','5'),('143','false','3','63259','1000407','7','5'),('144','false','1','63259','1000471','7','5'),('145','false','2','63259','1000471','7','5'),('146','false','3','63258','1000468','7','5'),('147','false','3','63258','1000407','7','5'),('148','false','1','63258','1000471','7','5'),('149','false','2','63258','1000471','7','5'),('150','false','2','63716','1000470','2','5'),('151','false','3','63261','1000468','8','5'),('152','false','3','63261','1000407','8','5'),('153','false','1','63261','1000471','8','5'),('154','false','2','63261','1000471','8','5'),('155','false','1','63209','1000468','1','5'),('156','false','2','63209','1000407','1','5'),('157','false','1','63708','1000470','1','5'),('158','false','3','63735','1000470','2','5'),('159','false','2','63284','1000468','3','5'),('160','false','3','63284','1000468','3','5'),('161','false','2','63752','1000468','3','5'),('162','false','3','63752','1000468','3','5'),('163','false','2','63242','1000468','3','5'),('164','false','3','63242','1000468','3','5'),('165','false','2','63213','1000468','1','5'),('166','false','1','63710','1000470','1','5'),('167','false','1','63202','1000468','1','5'),('168','false','1','63202','1001001','1','5'),('169','false','1','63207','1000468','1','5'),('170','false','1','63207','1001001','1','5'),('171','false','1','63205','1000468','1','5'),('172','false','3','63248','1000468','1','5'),('173','false','3','63281','1000468','1','5'),('174','false','3','63214','1000468','1','5'),('175','false','3','63214','1000407','1','5'),('176','false','2','63219','1000468','2','5'),('177','false','3','63219','1000468','3','5'),('178','false','2','63225','1000468','3','5'),('179','false','3','63225','1000468','3','5'),('180','false','2','63208','1000468','1','5'),('181','false','3','63267','1000468','10','5'),('182','false','3','63267','1000407','10','5'),('183','false','1','63267','1000471','2','5'),('184','false','2','63267','1000471','2','5'),('185','false','3','63725','1000468','5','5'),('186','false','3','63725','1000407','5','5'),('187','false','1','63725','1000471','2','5'),('188','false','2','63725','1000471','2','5'),('189','false','3','63221','1000468','3','5'),('190','false','1','63704','1000470','1','5'),('191','false','1','63508','1000471','1','4'),('192','false','1','63508','1000934','1','4'),('193','false','1','63508','100977','1','4'),('194','false','2','63711','1000470','1','4'),('195','false','2','63279','1000468','1','4'),('196','false','2','63279','1000407','1','4'),('197','false','2','63280','1000468','1','4'),('198','false','2','63280','1000407','1','4'),('199','false','1','63705','1000470','1','4'),('200','false','1','63203','1000468','1','4'),('201','false','3','63266','1000468','10','4'),('202','false','3','63266','1000407','10','4'),('203','false','1','63266','1000471','10','4'),('204','false','2','63266','1000471','10','4'),('205','false','2','63517','1000468','1','4'),('206','false','2','63517','1000407','1','4'),('207','false','2','63741','1000470','2','4'),('208','false','2','63765','1000470','2','4'),('209','false','3','63251','1000468','4','4'),('210','false','3','63251','1000407','4','4'),('211','false','1','63251','1000471','4','4'),('212','false','2','63251','1000471','4','4'),('213','false','3','63265','1000468','9','4'),('214','false','3','63265','1000407','9','4'),('215','false','1','63265','1000471','9','4'),('216','false','2','63265','1000471','9','4'),('217','false','2','63722','1000470','2','4'),('218','false','1','63277','1000468','1','4'),('219','false','1','63277','1000407','1','4'),('220','false','1','63277','1001001','1','4'),('221','false','1','63702','1000470','1','4'),('222','false','1','63278','1000468','1','4'),('223','false','1','63278','1001001','1','4'),('224','false','1','63278','1000407','1','4'),('225','false','1','63706','1000470','1','4'),('226','false','3','63268','1000468','10','4'),('227','false','3','63268','1000407','10','4'),('228','false','3','63268','1000471','10','4'),('229','false','2','63220','1000468','2','4'),('230','false','3','63220','1000468','3','4'),('231','false','2','63220','1000407','1','4'),('232','false','3','63263','1000468','9','4'),('233','false','3','63263','1000407','9','4'),('234','false','1','63263','1000471','9','4'),('235','false','2','63263','1000471','9','4'),('236','false','2','63739','1000470','2','4'),('237','false','1','63212','1000468','1','4'),('238','false','1','63212','1000407','1','4'),('239','false','2','63718','1000470','2','4'),('240','false','3','63260','1000468','8','4'),('241','false','3','63260','1000407','8','4'),('242','false','1','63260','1000471','8','4'),('243','false','2','63260','1000471','8','4'),('244','false','3','63257','1000468','7','4'),('245','false','3','63257','1000407','7','4'),('246','false','1','63257','1000471','7','4'),('247','false','2','63257','1000471','7','4'),('248','false','2','63729','1000470','2','4'),('249','false','1','63709','1000470','1','4'),('250','false','2','63217','1000468','1','4'),('251','false','2','63717','1000470','2','4'),('252','false','2','63218','1000468','1','4'),('253','false','1','63204','1000468','1','4'),('254','false','1','63204','1000407','1','4'),('255','false','2','63221','1000468','2','4'),('256','false','1','63703','1000470','1','4'),('257','false','1','63509','1000471','1','4'),('258','false','1','63509','1000934','1','4'),('259','false','3','63264','1000468','9','4'),('260','false','3','63264','1000407','9','4'),('261','false','1','63264','1000471','9','4'),('262','false','2','63264','1000471','9','4'),('263','false','2','63736','1000470','2','4'),('264','false','2','63728','1000470','2','4'),('265','false','3','63262','1000468','8','4'),('266','false','3','63262','1000407','8','4'),('267','false','1','63262','1000471','8','4'),('268','false','2','63262','1000471','8','4'),('269','false','2','63744','1000470','2','4'),('270','false','2','63715','1000470','2','4'),('271','false','2','63734','1000470','2','4'),('272','false','3','63270','1000468','11','4'),('273','false','3','63270','1000407','11','4'),('274','false','1','63270','1000471','11','4'),('275','false','2','63270','1000471','11','4'),('276','false','3','63271','1000468','11','4'),('277','false','3','63271','1000407','11','4'),('278','false','1','63271','1000471','11','4'),('279','false','2','63271','1000471','11','4'),('280','false','2','63271','1001001','1','4'),('281','false','2','63726','1000470','2','4'),('282','false','2','63719','1000470','2','4'),('283','false','3','63269','1000468','11','4'),('284','false','3','63269','1000407','11','4'),('285','false','2','63269','1001001','11','4'),('286','false','1','63269','1000471','11','4'),('287','false','2','63269','1000471','11','4'),('288','false','2','63740','1000470','2','4'),('289','false','2','63721','1000470','2','4'),('290','false','1','63701','1000470','1','4'),('291','false','2','63714','1000470','2','4'),('292','false','3','63253','1000468','5','4'),('293','false','3','63253','1000407','5','4'),('294','false','1','63253','1000471','5','4'),('295','false','2','63253','1000471','5','4'),('296','false','3','63254','1000468','6','4'),('297','false','3','63254','1000407','6','4'),('298','false','1','63254','1000471','6','4'),('299','false','2','63254','1000471','6','4'),('300','false','2','63737','1000470','2','4'),('301','false','2','63737','1000468','3','4'),('302','false','3','63737','1000468','3','4'),('303','false','2','63725','1000470','2','4'),('304','false','2','63727','1000470','2','4'),('305','false','3','63255','1000468','6','4'),('306','false','3','63255','1000407','6','4'),('307','false','1','63255','1000471','6','4'),('308','false','2','63255','1000471','6','4'),('309','false','3','63732','1000470','1','4'),('310','false','3','63256','1000468','6','4'),('311','false','3','63256','1000407','6','4'),('312','false','1','63256','1000471','6','4'),('313','false','3','63256','1000475','6','4'),('314','false','2','63724','1000470','2','4'),('315','false','2','63738','1000470','2','4'),('316','false','3','63249','1000468','4','4'),('317','false','3','63249','1000407','4','4'),('318','false','1','63249','1000471','4','4'),('319','false','2','63249','1000471','4','4'),('320','false','3','63250','1000468','4','4'),('321','false','3','63250','1000407','4','4'),('322','false','1','63250','1000471','4','4'),('323','false','2','63250','1000475','4','4'),('324','false','1','63215','1000468','1','4'),('325','false','1','63707','1000470','1','4'),('326','false','2','63713','1000470','2','4'),('327','false','3','63226','1000468','5','4'),('328','false','3','63226','1000407','5','4'),('329','false','1','63226','1000471','5','4'),('330','false','2','63226','1000471','5','4'),('331','false','2','63216','1000468','1','4'),('332','false','3','63259','1000468','7','4'),('333','false','3','63259','1000407','7','4'),('334','false','1','63259','1000471','7','4'),('335','false','2','63259','1000471','7','4'),('336','false','3','63258','1000468','7','4'),('337','false','3','63258','1000407','7','4'),('338','false','1','63258','1000471','7','4'),('339','false','2','63258','1000471','7','4'),('340','false','2','63716','1000470','2','4'),('341','false','3','63261','1000468','8','4'),('342','false','3','63261','1000407','8','4'),('343','false','1','63261','1000471','8','4'),('344','false','2','63261','1000471','8','4'),('345','false','1','63209','1000468','1','4'),('346','false','2','63209','1000407','1','4'),('347','false','1','63708','1000470','1','4'),('348','false','3','63735','1000470','2','4'),('349','false','2','63284','1000468','3','4'),('350','false','3','63284','1000468','3','4'),('351','false','2','63752','1000468','3','4'),('352','false','3','63752','1000468','3','4'),('353','false','2','63242','1000468','3','4'),('354','false','3','63242','1000468','3','4'),('355','false','2','63213','1000468','1','4'),('356','false','1','63710','1000470','1','4'),('357','false','1','63202','1000468','1','4'),('358','false','1','63202','1001001','1','4'),('359','false','1','63207','1000468','1','4'),('360','false','1','63207','1001001','1','4'),('361','false','1','63205','1000468','1','4'),('362','false','3','63248','1000468','1','4'),('363','false','3','63281','1000468','1','4'),('364','false','3','63214','1000468','1','4'),('365','false','3','63214','1000407','1','4'),('366','false','2','63219','1000468','2','4'),('367','false','3','63219','1000468','3','4'),('368','false','2','63225','1000468','3','4'),('369','false','3','63225','1000468','3','4'),('370','false','2','63208','1000468','1','4'),('371','false','3','63267','1000468','10','4'),('372','false','3','63267','1000407','10','4'),('373','false','1','63267','1000471','2','4'),('374','false','2','63267','1000471','2','4'),('375','false','3','63725','1000468','5','4'),('376','false','3','63725','1000407','5','4'),('377','false','1','63725','1000471','2','4'),('378','false','2','63725','1000471','2','4'),('379','false','3','63221','1000468','3','4'),('380','false','1','63704','1000470','1','4'),('381','false','1','63508','1000471','1','3'),('382','false','1','63508','1000934','1','3'),('383','false','1','63508','100977','1','3'),('384','false','2','63711','1000470','1','3'),('385','false','2','63279','1000468','1','3'),('386','false','2','63279','1000407','1','3'),('387','false','2','63280','1000468','1','3'),('388','false','2','63280','1000407','1','3'),('389','false','1','63705','1000470','1','3'),('390','false','1','63203','1000468','1','3'),('391','false','3','63266','1000468','10','3'),('392','false','3','63266','1000407','10','3'),('393','false','1','63266','1000471','10','3'),('394','false','2','63266','1000471','10','3'),('395','false','2','63517','1000468','1','3'),('396','false','2','63517','1000407','1','3'),('397','false','2','63741','1000470','2','3'),('398','false','2','63765','1000470','2','3'),('399','false','3','63251','1000468','4','3'),('400','false','3','63251','1000407','4','3'),('401','false','1','63251','1000471','4','3'),('402','false','2','63251','1000471','4','3'),('403','false','3','63265','1000468','9','3'),('404','false','3','63265','1000407','9','3'),('405','false','1','63265','1000471','9','3'),('406','false','2','63265','1000471','9','3'),('407','false','2','63722','1000470','2','3'),('408','false','1','63277','1000468','1','3'),('409','false','1','63277','1000407','1','3'),('410','false','1','63277','1001001','1','3'),('411','false','1','63702','1000470','1','3'),('412','false','1','63278','1000468','1','3'),('413','false','1','63278','1001001','1','3'),('414','false','1','63278','1000407','1','3'),('415','false','1','63706','1000470','1','3'),('416','false','3','63268','1000468','10','3'),('417','false','3','63268','1000407','10','3'),('418','false','3','63268','1000471','10','3'),('419','false','2','63220','1000468','2','3'),('420','false','3','63220','1000468','3','3'),('421','false','2','63220','1000407','1','3'),('422','false','3','63263','1000468','9','3'),('423','false','3','63263','1000407','9','3'),('424','false','1','63263','1000471','9','3'),('425','false','2','63263','1000471','9','3'),('426','false','2','63739','1000470','2','3'),('427','false','1','63212','1000468','1','3'),('428','false','1','63212','1000407','1','3'),('429','false','2','63718','1000470','2','3'),('430','false','3','63260','1000468','8','3'),('431','false','3','63260','1000407','8','3'),('432','false','1','63260','1000471','8','3'),('433','false','2','63260','1000471','8','3'),('434','false','3','63257','1000468','7','3'),('435','false','3','63257','1000407','7','3'),('436','false','1','63257','1000471','7','3'),('437','false','2','63257','1000471','7','3'),('438','false','2','63729','1000470','2','3'),('439','false','1','63709','1000470','1','3'),('440','false','2','63217','1000468','1','3'),('441','false','2','63717','1000470','2','3'),('442','false','2','63218','1000468','1','3'),('443','false','1','63204','1000468','1','3'),('444','false','1','63204','1000407','1','3'),('445','false','2','63221','1000468','2','3'),('446','false','1','63703','1000470','1','3'),('447','false','1','63509','1000471','1','3'),('448','false','1','63509','1000934','1','3'),('449','false','3','63264','1000468','9','3'),('450','false','3','63264','1000407','9','3'),('451','false','1','63264','1000471','9','3'),('452','false','2','63264','1000471','9','3'),('453','false','2','63736','1000470','2','3'),('454','false','2','63728','1000470','2','3'),('455','false','3','63262','1000468','8','3'),('456','false','3','63262','1000407','8','3'),('457','false','1','63262','1000471','8','3'),('458','false','2','63262','1000471','8','3'),('459','false','2','63744','1000470','2','3'),('460','false','2','63715','1000470','2','3'),('461','false','2','63734','1000470','2','3'),('462','false','3','63270','1000468','11','3'),('463','false','3','63270','1000407','11','3'),('464','false','1','63270','1000471','11','3'),('465','false','2','63270','1000471','11','3'),('466','false','3','63271','1000468','11','3'),('467','false','3','63271','1000407','11','3'),('468','false','1','63271','1000471','11','3'),('469','false','2','63271','1000471','11','3'),('470','false','2','63271','1001001','1','3'),('471','false','2','63726','1000470','2','3'),('472','false','2','63719','1000470','2','3'),('473','false','3','63269','1000468','11','3'),('474','false','3','63269','1000407','11','3'),('475','false','2','63269','1001001','11','3'),('476','false','1','63269','1000471','11','3'),('477','false','2','63269','1000471','11','3'),('478','false','2','63740','1000470','2','3'),('479','false','2','63721','1000470','2','3'),('480','false','1','63701','1000470','1','3'),('481','false','2','63714','1000470','2','3'),('482','false','3','63253','1000468','5','3'),('483','false','3','63253','1000407','5','3'),('484','false','1','63253','1000471','5','3'),('485','false','2','63253','1000471','5','3'),('486','false','3','63254','1000468','6','3'),('487','false','3','63254','1000407','6','3'),('488','false','1','63254','1000471','6','3'),('489','false','2','63254','1000471','6','3'),('490','false','2','63737','1000470','2','3'),('491','false','2','63737','1000468','3','3'),('492','false','3','63737','1000468','3','3'),('493','false','2','63725','1000470','2','3'),('494','false','2','63727','1000470','2','3'),('495','false','3','63255','1000468','6','3'),('496','false','3','63255','1000407','6','3'),('497','false','1','63255','1000471','6','3'),('498','false','2','63255','1000471','6','3'),('499','false','3','63732','1000470','1','3'),('500','false','3','63256','1000468','6','3'),('501','false','3','63256','1000407','6','3'),('502','false','1','63256','1000471','6','3'),('503','false','3','63256','1000475','6','3'),('504','false','2','63724','1000470','2','3'),('505','false','2','63738','1000470','2','3'),('506','false','3','63249','1000468','4','3'),('507','false','3','63249','1000407','4','3'),('508','false','1','63249','1000471','4','3'),('509','false','2','63249','1000471','4','3'),('510','false','3','63250','1000468','4','3'),('511','false','3','63250','1000407','4','3'),('512','false','1','63250','1000471','4','3'),('513','false','2','63250','1000475','4','3'),('514','false','1','63215','1000468','1','3'),('515','false','1','63707','1000470','1','3'),('516','false','2','63713','1000470','2','3'),('517','false','3','63226','1000468','5','3'),('518','false','3','63226','1000407','5','3'),('519','false','1','63226','1000471','5','3'),('520','false','2','63226','1000471','5','3'),('521','false','2','63216','1000468','1','3'),('522','false','3','63259','1000468','7','3'),('523','false','3','63259','1000407','7','3'),('524','false','1','63259','1000471','7','3'),('525','false','2','63259','1000471','7','3'),('526','false','3','63258','1000468','7','3'),('527','false','3','63258','1000407','7','3'),('528','false','1','63258','1000471','7','3'),('529','false','2','63258','1000471','7','3'),('530','false','2','63716','1000470','2','3'),('531','false','3','63261','1000468','8','3'),('532','false','3','63261','1000407','8','3'),('533','false','1','63261','1000471','8','3'),('534','false','2','63261','1000471','8','3'),('535','false','1','63209','1000468','1','3'),('536','false','2','63209','1000407','1','3'),('537','false','1','63708','1000470','1','3'),('538','false','3','63735','1000470','2','3'),('539','false','2','63284','1000468','3','3'),('540','false','3','63284','1000468','3','3'),('541','false','2','63752','1000468','3','3'),('542','false','3','63752','1000468','3','3'),('543','false','2','63242','1000468','3','3'),('544','false','3','63242','1000468','3','3'),('545','false','2','63213','1000468','1','3'),('546','false','1','63710','1000470','1','3'),('547','false','1','63202','1000468','1','3'),('548','false','1','63202','1001001','1','3'),('549','false','1','63207','1000468','1','3'),('550','false','1','63207','1001001','1','3'),('551','false','1','63205','1000468','1','3'),('552','false','3','63248','1000468','1','3'),('553','false','3','63281','1000468','1','3'),('554','false','3','63214','1000468','1','3'),('555','false','3','63214','1000407','1','3'),('556','false','2','63219','1000468','2','3'),('557','false','3','63219','1000468','3','3'),('558','false','2','63225','1000468','3','3'),('559','false','3','63225','1000468','3','3'),('560','false','2','63208','1000468','1','3'),('561','false','3','63267','1000468','10','3'),('562','false','3','63267','1000407','10','3'),('563','false','1','63267','1000471','2','3'),('564','false','2','63267','1000471','2','3'),('565','false','3','63725','1000468','5','3'),('566','false','3','63725','1000407','5','3'),('567','false','1','63725','1000471','2','3'),('568','false','2','63725','1000471','2','3'),('569','false','3','63221','1000468','3','3'),('570','false','1','63704','1000470','1','3'),('571','false','1','63508','1000471','1','2'),('572','false','1','63508','1000934','1','2'),('573','false','1','63508','100977','1','2'),('574','false','2','63711','1000470','1','2'),('575','false','2','63279','1000468','1','2'),('576','false','2','63279','1000407','1','2'),('577','false','2','63280','1000468','1','2'),('578','false','2','63280','1000407','1','2'),('579','false','1','63705','1000470','1','2'),('580','false','1','63203','1000468','1','2'),('581','false','3','63266','1000468','10','2'),('582','false','3','63266','1000407','10','2'),('583','false','1','63266','1000471','10','2'),('584','false','2','63266','1000471','10','2'),('585','false','2','63517','1000468','1','2'),('586','false','2','63517','1000407','1','2'),('587','false','2','63741','1000470','2','2'),('588','false','2','63765','1000470','2','2'),('589','false','3','63251','1000468','4','2'),('590','false','3','63251','1000407','4','2'),('591','false','1','63251','1000471','4','2'),('592','false','2','63251','1000471','4','2'),('593','false','3','63265','1000468','9','2'),('594','false','3','63265','1000407','9','2'),('595','false','1','63265','1000471','9','2'),('596','false','2','63265','1000471','9','2'),('597','false','2','63722','1000470','2','2'),('598','false','1','63277','1000468','1','2'),('599','false','1','63277','1000407','1','2'),('600','false','1','63277','1001001','1','2'),('601','false','1','63702','1000470','1','2'),('602','false','1','63278','1000468','1','2'),('603','false','1','63278','1001001','1','2'),('604','false','1','63278','1000407','1','2'),('605','false','1','63706','1000470','1','2'),('606','false','3','63268','1000468','10','2'),('607','false','3','63268','1000407','10','2'),('608','false','3','63268','1000471','10','2'),('609','false','2','63220','1000468','2','2'),('610','false','3','63220','1000468','3','2'),('611','false','2','63220','1000407','1','2'),('612','false','3','63263','1000468','9','2'),('613','false','3','63263','1000407','9','2'),('614','false','1','63263','1000471','9','2'),('615','false','2','63263','1000471','9','2'),('616','false','2','63739','1000470','2','2'),('617','false','1','63212','1000468','1','2'),('618','false','1','63212','1000407','1','2'),('619','false','2','63718','1000470','2','2'),('620','false','3','63260','1000468','8','2'),('621','false','3','63260','1000407','8','2'),('622','false','1','63260','1000471','8','2'),('623','false','2','63260','1000471','8','2'),('624','false','3','63257','1000468','7','2'),('625','false','3','63257','1000407','7','2'),('626','false','1','63257','1000471','7','2'),('627','false','2','63257','1000471','7','2'),('628','false','2','63729','1000470','2','2'),('629','false','1','63709','1000470','1','2'),('630','false','2','63217','1000468','1','2'),('631','false','2','63717','1000470','2','2'),('632','false','2','63218','1000468','1','2'),('633','false','1','63204','1000468','1','2'),('634','false','1','63204','1000407','1','2'),('635','false','2','63221','1000468','2','2'),('636','false','1','63703','1000470','1','2'),('637','false','1','63509','1000471','1','2'),('638','false','1','63509','1000934','1','2'),('639','false','3','63264','1000468','9','2'),('640','false','3','63264','1000407','9','2'),('641','false','1','63264','1000471','9','2'),('642','false','2','63264','1000471','9','2'),('643','false','2','63736','1000470','2','2'),('644','false','2','63728','1000470','2','2'),('645','false','3','63262','1000468','8','2'),('646','false','3','63262','1000407','8','2'),('647','false','1','63262','1000471','8','2'),('648','false','2','63262','1000471','8','2'),('649','false','2','63744','1000470','2','2'),('650','false','2','63715','1000470','2','2'),('651','false','2','63734','1000470','2','2'),('652','false','3','63270','1000468','11','2'),('653','false','3','63270','1000407','11','2'),('654','false','1','63270','1000471','11','2'),('655','false','2','63270','1000471','11','2'),('656','false','3','63271','1000468','11','2'),('657','false','3','63271','1000407','11','2'),('658','false','1','63271','1000471','11','2'),('659','false','2','63271','1000471','11','2'),('660','false','2','63271','1001001','1','2'),('661','false','2','63726','1000470','2','2'),('662','false','2','63719','1000470','2','2'),('663','false','3','63269','1000468','11','2'),('664','false','3','63269','1000407','11','2'),('665','false','2','63269','1001001','11','2'),('666','false','1','63269','1000471','11','2'),('667','false','2','63269','1000471','11','2'),('668','false','2','63740','1000470','2','2'),('669','false','2','63721','1000470','2','2'),('670','false','1','63701','1000470','1','2'),('671','false','2','63714','1000470','2','2'),('672','false','3','63253','1000468','5','2'),('673','false','3','63253','1000407','5','2'),('674','false','1','63253','1000471','5','2'),('675','false','2','63253','1000471','5','2'),('676','false','3','63254','1000468','6','2'),('677','false','3','63254','1000407','6','2'),('678','false','1','63254','1000471','6','2'),('679','false','2','63254','1000471','6','2'),('680','false','2','63737','1000470','2','2'),('681','false','2','63737','1000468','3','2'),('682','false','3','63737','1000468','3','2'),('683','false','2','63725','1000470','2','2'),('684','false','2','63727','1000470','2','2'),('685','false','3','63255','1000468','6','2'),('686','false','3','63255','1000407','6','2'),('687','false','1','63255','1000471','6','2'),('688','false','2','63255','1000471','6','2'),('689','false','3','63732','1000470','1','2'),('690','false','3','63256','1000468','6','2'),('691','false','3','63256','1000407','6','2'),('692','false','1','63256','1000471','6','2'),('693','false','3','63256','1000475','6','2'),('694','false','2','63724','1000470','2','2'),('695','false','2','63738','1000470','2','2'),('696','false','3','63249','1000468','4','2'),('697','false','3','63249','1000407','4','2'),('698','false','1','63249','1000471','4','2'),('699','false','2','63249','1000471','4','2'),('700','false','3','63250','1000468','4','2'),('701','false','3','63250','1000407','4','2'),('702','false','1','63250','1000471','4','2'),('703','false','2','63250','1000475','4','2'),('704','false','1','63215','1000468','1','2'),('705','false','1','63707','1000470','1','2'),('706','false','2','63713','1000470','2','2'),('707','false','3','63226','1000468','5','2'),('708','false','3','63226','1000407','5','2'),('709','false','1','63226','1000471','5','2'),('710','false','2','63226','1000471','5','2'),('711','false','2','63216','1000468','1','2'),('712','false','3','63259','1000468','7','2'),('713','false','3','63259','1000407','7','2'),('714','false','1','63259','1000471','7','2'),('715','false','2','63259','1000471','7','2'),('716','false','3','63258','1000468','7','2'),('717','false','3','63258','1000407','7','2'),('718','false','1','63258','1000471','7','2'),('719','false','2','63258','1000471','7','2'),('720','false','2','63716','1000470','2','2'),('721','false','3','63261','1000468','8','2'),('722','false','3','63261','1000407','8','2'),('723','false','1','63261','1000471','8','2'),('724','false','2','63261','1000471','8','2'),('725','false','1','63209','1000468','1','2'),('726','false','2','63209','1000407','1','2'),('727','false','1','63708','1000470','1','2'),('728','false','3','63735','1000470','2','2'),('729','false','2','63284','1000468','3','2'),('730','false','3','63284','1000468','3','2'),('731','false','2','63752','1000468','3','2'),('732','false','3','63752','1000468','3','2'),('733','false','2','63242','1000468','3','2'),('734','false','3','63242','1000468','3','2'),('735','false','2','63213','1000468','1','2'),('736','false','1','63710','1000470','1','2'),('737','false','1','63202','1000468','1','2'),('738','false','1','63202','1001001','1','2'),('739','false','1','63207','1000468','1','2'),('740','false','1','63207','1001001','1','2'),('741','false','1','63205','1000468','1','2'),('742','false','3','63248','1000468','1','2'),('743','false','3','63281','1000468','1','2'),('744','false','3','63214','1000468','1','2'),('745','false','3','63214','1000407','1','2'),('746','false','2','63219','1000468','2','2'),('747','false','3','63219','1000468','3','2'),('748','false','2','63225','1000468','3','2'),('749','false','3','63225','1000468','3','2'),('750','false','2','63208','1000468','1','2'),('751','false','3','63267','1000468','10','2'),('752','false','3','63267','1000407','10','2'),('753','false','1','63267','1000471','2','2'),('754','false','2','63267','1000471','2','2'),('755','false','3','63725','1000468','5','2'),('756','false','3','63725','1000407','5','2'),('757','false','1','63725','1000471','2','2'),('758','false','2','63725','1000471','2','2'),('759','false','3','63221','1000468','3','2'),('760','false','1','63704','1000470','1','2'),('761','false','1','63508','1000471','1','1'),('762','false','1','63508','1000934','1','1'),('763','false','1','63508','100977','1','1'),('764','false','2','63711','1000470','1','1'),('765','false','2','63279','1000468','1','1'),('766','false','2','63279','1000407','1','1'),('767','false','2','63280','1000468','1','1'),('768','false','2','63280','1000407','1','1'),('769','false','1','63705','1000470','1','1'),('770','false','1','63203','1000468','1','1'),('771','false','3','63266','1000468','10','1'),('772','false','3','63266','1000407','10','1'),('773','false','1','63266','1000471','10','1'),('774','false','2','63266','1000471','10','1'),('775','false','2','63517','1000468','1','1'),('776','false','2','63517','1000407','1','1'),('777','false','2','63741','1000470','2','1'),('778','false','2','63765','1000470','2','1'),('779','false','3','63251','1000468','4','1'),('780','false','3','63251','1000407','4','1'),('781','false','1','63251','1000471','4','1'),('782','false','2','63251','1000471','4','1'),('783','false','3','63265','1000468','9','1'),('784','false','3','63265','1000407','9','1'),('785','false','1','63265','1000471','9','1'),('786','false','2','63265','1000471','9','1'),('787','false','2','63722','1000470','2','1'),('788','false','1','63277','1000468','1','1'),('789','false','1','63277','1000407','1','1'),('790','false','1','63277','1001001','1','1'),('791','false','1','63702','1000470','1','1'),('792','false','1','63278','1000468','1','1'),('793','false','1','63278','1001001','1','1'),('794','false','1','63278','1000407','1','1'),('795','false','1','63706','1000470','1','1'),('796','false','3','63268','1000468','10','1'),('797','false','3','63268','1000407','10','1'),('798','false','3','63268','1000471','10','1'),('799','false','2','63220','1000468','2','1'),('800','false','3','63220','1000468','3','1'),('801','false','2','63220','1000407','1','1'),('802','false','3','63263','1000468','9','1'),('803','false','3','63263','1000407','9','1'),('804','false','1','63263','1000471','9','1'),('805','false','2','63263','1000471','9','1'),('806','false','2','63739','1000470','2','1'),('807','false','1','63212','1000468','1','1'),('808','false','1','63212','1000407','1','1'),('809','false','2','63718','1000470','2','1'),('810','false','3','63260','1000468','8','1'),('811','false','3','63260','1000407','8','1'),('812','false','1','63260','1000471','8','1'),('813','false','2','63260','1000471','8','1'),('814','false','3','63257','1000468','7','1'),('815','false','3','63257','1000407','7','1'),('816','false','1','63257','1000471','7','1'),('817','false','2','63257','1000471','7','1'),('818','false','2','63729','1000470','2','1'),('819','false','1','63709','1000470','1','1'),('820','false','2','63217','1000468','1','1'),('821','false','2','63717','1000470','2','1'),('822','false','2','63218','1000468','1','1'),('823','false','1','63204','1000468','1','1'),('824','false','1','63204','1000407','1','1'),('825','false','2','63221','1000468','2','1'),('826','false','1','63703','1000470','1','1'),('827','false','1','63509','1000471','1','1'),('828','false','1','63509','1000934','1','1'),('829','false','3','63264','1000468','9','1'),('830','false','3','63264','1000407','9','1'),('831','false','1','63264','1000471','9','1'),('832','false','2','63264','1000471','9','1'),('833','false','2','63736','1000470','2','1'),('834','false','2','63728','1000470','2','1'),('835','false','3','63262','1000468','8','1'),('836','false','3','63262','1000407','8','1'),('837','false','1','63262','1000471','8','1'),('838','false','2','63262','1000471','8','1'),('839','false','2','63744','1000470','2','1'),('840','false','2','63715','1000470','2','1'),('841','false','2','63734','1000470','2','1'),('842','false','3','63270','1000468','11','1'),('843','false','3','63270','1000407','11','1'),('844','false','1','63270','1000471','11','1'),('845','false','2','63270','1000471','11','1'),('846','false','3','63271','1000468','11','1'),('847','false','3','63271','1000407','11','1'),('848','false','1','63271','1000471','11','1'),('849','false','2','63271','1000471','11','1'),('850','false','2','63271','1001001','1','1'),('851','false','2','63726','1000470','2','1'),('852','false','2','63719','1000470','2','1'),('853','false','3','63269','1000468','11','1'),('854','false','3','63269','1000407','11','1'),('855','false','2','63269','1001001','11','1'),('856','false','1','63269','1000471','11','1'),('857','false','2','63269','1000471','11','1'),('858','false','2','63740','1000470','2','1'),('859','false','2','63721','1000470','2','1'),('860','false','1','63701','1000470','1','1'),('861','false','2','63714','1000470','2','1'),('862','false','3','63253','1000468','5','1'),('863','false','3','63253','1000407','5','1'),('864','false','1','63253','1000471','5','1'),('865','false','2','63253','1000471','5','1'),('866','false','3','63254','1000468','6','1'),('867','false','3','63254','1000407','6','1'),('868','false','1','63254','1000471','6','1'),('869','false','2','63254','1000471','6','1'),('870','false','2','63737','1000470','2','1'),('871','false','2','63737','1000468','3','1'),('872','false','3','63737','1000468','3','1'),('873','false','2','63725','1000470','2','1'),('874','false','2','63727','1000470','2','1'),('875','false','3','63255','1000468','6','1'),('876','false','3','63255','1000407','6','1'),('877','false','1','63255','1000471','6','1'),('878','false','2','63255','1000471','6','1'),('879','false','3','63732','1000470','1','1'),('880','false','3','63256','1000468','6','1'),('881','false','3','63256','1000407','6','1'),('882','false','1','63256','1000471','6','1'),('883','false','3','63256','1000475','6','1'),('884','false','2','63724','1000470','2','1'),('885','false','2','63738','1000470','2','1'),('886','false','3','63249','1000468','4','1'),('887','false','3','63249','1000407','4','1'),('888','false','1','63249','1000471','4','1'),('889','false','2','63249','1000471','4','1'),('890','false','3','63250','1000468','4','1'),('891','false','3','63250','1000407','4','1'),('892','false','1','63250','1000471','4','1'),('893','false','2','63250','1000475','4','1'),('894','false','1','63215','1000468','1','1'),('895','false','1','63707','1000470','1','1'),('896','false','2','63713','1000470','2','1'),('897','false','3','63226','1000468','5','1'),('898','false','3','63226','1000407','5','1'),('899','false','1','63226','1000471','5','1'),('900','false','2','63226','1000471','5','1'),('901','false','2','63216','1000468','1','1'),('902','false','3','63259','1000468','7','1'),('903','false','3','63259','1000407','7','1'),('904','false','1','63259','1000471','7','1'),('905','false','2','63259','1000471','7','1'),('906','false','3','63258','1000468','7','1'),('907','false','3','63258','1000407','7','1'),('908','false','1','63258','1000471','7','1'),('909','false','2','63258','1000471','7','1'),('910','false','2','63716','1000470','2','1'),('911','false','3','63261','1000468','8','1'),('912','false','3','63261','1000407','8','1'),('913','false','1','63261','1000471','8','1'),('914','false','2','63261','1000471','8','1'),('915','false','1','63209','1000468','1','1'),('916','false','2','63209','1000407','1','1'),('917','false','1','63708','1000470','1','1'),('918','false','3','63735','1000470','2','1'),('919','false','2','63284','1000468','3','1'),('920','false','3','63284','1000468','3','1'),('921','false','2','63752','1000468','3','1'),('922','false','3','63752','1000468','3','1'),('923','false','2','63242','1000468','3','1'),('924','false','3','63242','1000468','3','1'),('925','false','2','63213','1000468','1','1'),('926','false','1','63710','1000470','1','1'),('927','false','1','63202','1000468','1','1'),('928','false','1','63202','1001001','1','1'),('929','false','1','63207','1000468','1','1'),('930','false','1','63207','1001001','1','1'),('931','false','1','63205','1000468','1','1'),('932','false','3','63248','1000468','1','1'),('933','false','3','63281','1000468','1','1'),('934','false','3','63214','1000468','1','1'),('935','false','3','63214','1000407','1','1'),('936','false','2','63219','1000468','2','1'),('937','false','3','63219','1000468','3','1'),('938','false','2','63225','1000468','3','1'),('939','false','3','63225','1000468','3','1'),('940','false','2','63208','1000468','1','1'),('941','false','3','63267','1000468','10','1'),('942','false','3','63267','1000407','10','1'),('943','false','1','63267','1000471','2','1'),('944','false','2','63267','1000471','2','1'),('945','false','3','63725','1000468','5','1'),('946','false','3','63725','1000407','5','1'),('947','false','1','63725','1000471','2','1'),('948','false','2','63725','1000471','2','1'),('949','false','3','63221','1000468','3','1'),('950','false','1','63704','1000470','1','1');
INSERT INTO professor (id,deleted,first_name,last_name1,last_name2,id_login) VALUES ('1','false','Aleksandar','Jurišić',NULL,NULL),('2','false','Igor','Kononenko',NULL,NULL),('3','false','Polona','Oblak',NULL,NULL),('4','false','Matjaž','Branko','Jurič',NULL),('5','false','Blaž','Zupan',NULL,NULL),('6','false','Luka','Čehovin','Zajc',NULL),('7','false','Marko','Robnik','Šikonja',NULL),('8','false','Ivan','Bratko',NULL,NULL),('9','false','Andrej','Bauer',NULL,NULL),('10','false','Mojca','Ciglarič',NULL,NULL),('11','false','Tomaž','Curk',NULL,NULL),('12','false','Uroš','Čibej',NULL,NULL),('13','false','Janez','Demšar',NULL,NULL),('14','false','Andrej','Dobnikar',NULL,NULL),('15','false','Tomaž','Dobravec',NULL,NULL),('16','false','Matej','Guid',NULL,NULL),('17','false','Dušan','Kodek',NULL,NULL),('18','false','Matej','Kristan',NULL,NULL),('19','false','Matjaž','Kukar',NULL,NULL),('20','false','Viljan','Mahnič',NULL,NULL),('21','false','Matija','Marolt',NULL,NULL),('22','false','Iztok','Mihevc',NULL,NULL),('23','false','Nežka','Mramor','Kosta',NULL),('24','false','Miha','Mraz',NULL,NULL),('25','false','Vladislav','Rajkovič',NULL,NULL),('26','false','Borut','Robič',NULL,NULL),('27','false','Rok','Rupnik',NULL,NULL),('28','false','Aleksander','Sadikov',NULL,NULL),('29','false','Danijel','Skočaj',NULL,NULL),('30','false','Boštjan','Slivnik',NULL,NULL),('31','false','Franc','Solina',NULL,NULL),('32','false','Denis','Trček',NULL,NULL),('33','false','Nikolaj','Zimic',NULL,NULL),('34','false','Marko','Bajec',NULL,NULL),('35','false','Zoran','Bosnić',NULL,NULL),('36','false','Narvika','Bovcon',NULL,NULL),('37','false','Andrej','Brodnik',NULL,NULL),('38','false','Patricio','Bulić',NULL,NULL),('39','false','Gašper','Fele','Žorž',NULL),('40','false','Gašper','Fijavž',NULL,NULL),('41','false','Tomaž','Hovelja',NULL,NULL),('42','false','Franc','Jager',NULL,NULL),('43','false','Dejan','Lavbič',NULL,NULL),('44','false','Iztok','Lebar','Bajec',NULL),('45','false','Jure','Leskovec',NULL,NULL),('46','false','Aleš','Leonardis',NULL,NULL),('47','false','Jaka','Lindič',NULL,NULL),('48','false','Uroš','Lotrič',NULL,NULL),('49','false','Bojan','Orel',NULL,NULL),('50','false','Matjaž','Pančur',NULL,NULL),('51','false','Peter','Peer',NULL,NULL),('52','false','Veljko','Pejović',NULL,NULL),('53','false','Darja','Peljhan',NULL,NULL),('54','false','Igor','Škraba',NULL,NULL),('55','false','Branko','Šter',NULL,NULL),('56','false','Lovro','Šubelj',NULL,NULL),('57','false','Mateja','Drnovšek',NULL,NULL),('58','false','Igor','Rožanc',NULL,NULL),('59','false','Irena','Drevenšek','Olenik',NULL);
INSERT INTO course_organization (id_course_organization,id_study_year,id_professor1,id_professor2,id_professor3,id_course) VALUES ('1','5','5',NULL,NULL,'63251'),('2','5','2','7',NULL,'63266'),('3','5','6',NULL,NULL,'63270'),('4','5','3',NULL,NULL,'63207'),('5','5','4',NULL,NULL,'63254'),('6','4','8',NULL,NULL,'63220'),('7','5','9',NULL,NULL,'63220'),('8','5','2',NULL,NULL,'63279'),('9','5','26',NULL,NULL,'63517'),('10','5','5',NULL,NULL,'63525'),('11','5','28',NULL,NULL,'63741'),('12','5','30',NULL,NULL,'63265'),('13','5','30',NULL,NULL,'63722'),('14','5','20',NULL,NULL,'63277'),('15','5','30',NULL,NULL,'63278'),('16','5','29',NULL,NULL,'63268'),('17','5','7',NULL,NULL,'63263'),('18','5','18',NULL,NULL,'63267'),('19','5','11','5',NULL,'63520'),('20','5','55',NULL,NULL,'63212'),('21','5','38',NULL,NULL,'63260'),('22','5','24',NULL,NULL,'63257'),('23','5','51',NULL,NULL,'63709'),('24','5','26',NULL,NULL,'63217'),('25','5','38',NULL,NULL,'63218'),('26','5','33',NULL,NULL,'63204'),('27','5','20',NULL,NULL,'63256'),('28','5','58',NULL,NULL,'63724'),('29','5','38',NULL,NULL,'63738'),('30','5','32',NULL,NULL,'63249'),('31','5','41',NULL,NULL,'63250'),('32','5','43',NULL,NULL,'63215'),('33','5','19',NULL,NULL,'63707'),('34','5','19',NULL,NULL,'63226'),('35','5','48',NULL,NULL,'63216'),('36','5','33',NULL,NULL,'63259'),('37','5','10',NULL,NULL,'63258'),('38','5','48',NULL,NULL,'63261'),('39','5','35',NULL,NULL,'63209'),('40','5','12',NULL,NULL,'63284'),('41','5','40',NULL,NULL,'63752'),('42','5','40',NULL,NULL,'63242'),('43','5','23',NULL,NULL,'63202'),('44','5','1',NULL,NULL,'63213'),('45','5','59',NULL,NULL,'63205'),('46','5','53','57','47','63248'),('47','5','31',NULL,NULL,'63281'),('48','5','35',NULL,NULL,'63214'),('49','5','23',NULL,NULL,'63219'),('50','5','34',NULL,NULL,'63208'),('51','4','5',NULL,NULL,'63251'),('52','4','2','7',NULL,'63266'),('53','4','6',NULL,NULL,'63270'),('54','4','3',NULL,NULL,'63207'),('55','4','4',NULL,NULL,'63254'),('57','4','2',NULL,NULL,'63279'),('58','4','26',NULL,NULL,'63517'),('59','4','5',NULL,NULL,'63525'),('60','4','28',NULL,NULL,'63741'),('61','4','30',NULL,NULL,'63265'),('62','4','30',NULL,NULL,'63722'),('63','4','20',NULL,NULL,'63277'),('64','4','30',NULL,NULL,'63278'),('65','4','29',NULL,NULL,'63268'),('66','4','7',NULL,NULL,'63263'),('67','4','18',NULL,NULL,'63267'),('68','4','11','5',NULL,'63520'),('69','4','55',NULL,NULL,'63212'),('70','4','38',NULL,NULL,'63260'),('71','4','24',NULL,NULL,'63257'),('72','4','51',NULL,NULL,'63709'),('73','4','26',NULL,NULL,'63217'),('74','4','38',NULL,NULL,'63218'),('75','4','33',NULL,NULL,'63204'),('76','4','20',NULL,NULL,'63256'),('77','4','58',NULL,NULL,'63724'),('78','4','38',NULL,NULL,'63738'),('79','4','32',NULL,NULL,'63249'),('80','4','41',NULL,NULL,'63250'),('81','4','43',NULL,NULL,'63215'),('82','4','19',NULL,NULL,'63707'),('83','4','19',NULL,NULL,'63226'),('84','4','48',NULL,NULL,'63216'),('85','4','33',NULL,NULL,'63259'),('86','4','10',NULL,NULL,'63258'),('87','4','48',NULL,NULL,'63261'),('88','4','35',NULL,NULL,'63209'),('89','4','12',NULL,NULL,'63284'),('90','4','40',NULL,NULL,'63752'),('91','4','40',NULL,NULL,'63242'),('92','4','23',NULL,NULL,'63202'),('93','4','1',NULL,NULL,'63213'),('94','4','59',NULL,NULL,'63205'),('95','4','53','57','47','63248'),('96','4','31',NULL,NULL,'63281'),('97','4','35',NULL,NULL,'63214'),('98','4','23',NULL,NULL,'63219'),('99','4','34',NULL,NULL,'63208'),('100','3','5',NULL,NULL,'63251'),('101','3','2','7',NULL,'63266'),('102','3','6',NULL,NULL,'63270'),('103','3','3',NULL,NULL,'63207'),('104','3','4',NULL,NULL,'63254'),('105','3','8',NULL,NULL,'63220'),('106','3','2',NULL,NULL,'63279'),('107','3','26',NULL,NULL,'63517'),('108','3','5',NULL,NULL,'63525'),('109','3','28',NULL,NULL,'63741'),('110','3','30',NULL,NULL,'63265'),('111','3','30',NULL,NULL,'63722'),('112','3','20',NULL,NULL,'63277'),('113','3','30',NULL,NULL,'63278'),('114','3','29',NULL,NULL,'63268'),('115','3','7',NULL,NULL,'63263'),('116','3','18',NULL,NULL,'63267'),('117','3','11','5',NULL,'63520'),('118','3','55',NULL,NULL,'63212'),('119','3','38',NULL,NULL,'63260'),('120','3','24',NULL,NULL,'63257'),('121','3','51',NULL,NULL,'63709'),('122','3','26',NULL,NULL,'63217'),('123','3','38',NULL,NULL,'63218'),('124','3','33',NULL,NULL,'63204'),('125','3','20',NULL,NULL,'63256'),('126','3','58',NULL,NULL,'63724'),('127','3','38',NULL,NULL,'63738'),('128','3','32',NULL,NULL,'63249'),('129','3','41',NULL,NULL,'63250'),('130','3','43',NULL,NULL,'63215'),('131','3','19',NULL,NULL,'63707'),('132','3','19',NULL,NULL,'63226'),('133','3','48',NULL,NULL,'63216'),('134','3','33',NULL,NULL,'63259'),('135','3','10',NULL,NULL,'63258'),('136','3','48',NULL,NULL,'63261'),('137','3','35',NULL,NULL,'63209'),('138','3','12',NULL,NULL,'63284'),('139','3','40',NULL,NULL,'63752'),('140','3','40',NULL,NULL,'63242'),('141','3','23',NULL,NULL,'63202'),('142','3','1',NULL,NULL,'63213'),('143','3','59',NULL,NULL,'63205'),('144','3','53','57','47','63248'),('145','3','31',NULL,NULL,'63281'),('146','3','35',NULL,NULL,'63214'),('147','3','23',NULL,NULL,'63219'),('148','3','34',NULL,NULL,'63208'),('149','2','5',NULL,NULL,'63251'),('150','2','2','7',NULL,'63266'),('151','2','6',NULL,NULL,'63270'),('152','2','3',NULL,NULL,'63207'),('153','2','4',NULL,NULL,'63254'),('154','2','8',NULL,NULL,'63220'),('155','2','2',NULL,NULL,'63279'),('156','2','26',NULL,NULL,'63517'),('157','2','5',NULL,NULL,'63525'),('158','2','28',NULL,NULL,'63741'),('159','2','30',NULL,NULL,'63265'),('160','2','30',NULL,NULL,'63722'),('161','2','20',NULL,NULL,'63277'),('162','2','30',NULL,NULL,'63278'),('163','2','29',NULL,NULL,'63268'),('164','2','7',NULL,NULL,'63263'),('165','2','18',NULL,NULL,'63267'),('166','2','11','5',NULL,'63520'),('167','2','55',NULL,NULL,'63212'),('168','2','38',NULL,NULL,'63260'),('169','2','24',NULL,NULL,'63257'),('170','2','51',NULL,NULL,'63709'),('171','2','26',NULL,NULL,'63217'),('172','2','38',NULL,NULL,'63218'),('173','2','33',NULL,NULL,'63204'),('174','2','20',NULL,NULL,'63256'),('175','2','58',NULL,NULL,'63724'),('176','2','38',NULL,NULL,'63738'),('177','2','32',NULL,NULL,'63249'),('178','2','41',NULL,NULL,'63250'),('179','2','43',NULL,NULL,'63215'),('180','2','19',NULL,NULL,'63707'),('181','2','19',NULL,NULL,'63226'),('182','2','48',NULL,NULL,'63216'),('183','2','33',NULL,NULL,'63259'),('184','2','10',NULL,NULL,'63258'),('185','2','48',NULL,NULL,'63261'),('186','2','35',NULL,NULL,'63209'),('187','2','12',NULL,NULL,'63284'),('188','2','40',NULL,NULL,'63752'),('189','2','40',NULL,NULL,'63242'),('190','2','23',NULL,NULL,'63202'),('191','2','1',NULL,NULL,'63213'),('192','2','59',NULL,NULL,'63205'),('193','2','53','57','47','63248'),('194','2','31',NULL,NULL,'63281'),('195','2','35',NULL,NULL,'63214'),('196','2','23',NULL,NULL,'63219'),('197','2','34',NULL,NULL,'63208'),('198','1','5',NULL,NULL,'63251'),('199','1','2','7',NULL,'63266'),('200','1','6',NULL,NULL,'63270'),('201','1','3',NULL,NULL,'63207'),('202','1','4',NULL,NULL,'63254'),('203','1','8',NULL,NULL,'63220'),('204','1','2',NULL,NULL,'63279'),('205','1','26',NULL,NULL,'63517'),('206','1','5',NULL,NULL,'63525'),('207','1','28',NULL,NULL,'63741'),('208','1','30',NULL,NULL,'63265'),('209','1','30',NULL,NULL,'63722'),('210','1','20',NULL,NULL,'63277'),('211','1','30',NULL,NULL,'63278'),('212','1','29',NULL,NULL,'63268'),('213','1','7',NULL,NULL,'63263'),('214','1','18',NULL,NULL,'63267'),('215','1','11','5',NULL,'63520'),('216','1','55',NULL,NULL,'63212'),('217','1','38',NULL,NULL,'63260'),('218','1','24',NULL,NULL,'63257'),('219','1','51',NULL,NULL,'63709'),('220','1','26',NULL,NULL,'63217'),('221','1','38',NULL,NULL,'63218'),('222','1','33',NULL,NULL,'63204'),('223','1','20',NULL,NULL,'63256'),('224','1','58',NULL,NULL,'63724'),('225','1','38',NULL,NULL,'63738'),('226','1','32',NULL,NULL,'63249'),('227','1','41',NULL,NULL,'63250'),('228','1','43',NULL,NULL,'63215'),('229','1','19',NULL,NULL,'63707'),('230','1','19',NULL,NULL,'63226'),('231','1','48',NULL,NULL,'63216'),('232','1','33',NULL,NULL,'63259'),('233','1','10',NULL,NULL,'63258'),('234','1','48',NULL,NULL,'63261'),('235','1','35',NULL,NULL,'63209'),('236','1','12',NULL,NULL,'63284'),('237','1','40',NULL,NULL,'63752'),('238','1','40',NULL,NULL,'63242'),('239','1','23',NULL,NULL,'63202'),('240','1','1',NULL,NULL,'63213'),('241','1','59',NULL,NULL,'63205'),('242','1','53','57','47','63248'),('243','1','31',NULL,NULL,'63281'),('244','1','35',NULL,NULL,'63214'),('245','1','23',NULL,NULL,'63219'),('246','1','34',NULL,NULL,'63208'),('247','5','40',NULL,NULL,'63203'),('248','4','40',NULL,NULL,'63203'),('249','3','40',NULL,NULL,'63203'),('250','2','40',NULL,NULL,'63203'),('251','1','40',NULL,NULL,'63203'),('252','5','26',NULL,NULL,'63280'),('253','4','26',NULL,NULL,'63280'),('254','3','26',NULL,NULL,'63280'),('255','2','26',NULL,NULL,'63280'),('256','1','26',NULL,NULL,'63280'),('257','5','43',NULL,NULL,'63255'),('258','4','43',NULL,NULL,'63255'),('259','3','43',NULL,NULL,'63255'),('260','2','43',NULL,NULL,'63255'),('261','1','43',NULL,NULL,'63255');
INSERT INTO klasius_srv (id,name,description,level) VALUES ('12001','Osnovnošolska izobrazba','','1'),('13001','Nižja poklicna izobrazba','','3'),('14001','Srednja poklicna izobrazba','','4'),('15001','Srednja strokovna izobrazba','','5'),('15002','Srednja splošna izobrazba','','5'),('16102','Višješolska izobrazba (predbolonjska)','','6/1'),('16201','Specializacija po višješolski izobrazbi (predbolonjska)','','6/2'),('16202','Visokošolska strokovna izobrazba (predbolonjska)','','6/2'),('17001','Specializacija po visokošolski strokovni izobrazbi (predbolonjska)','','7'),('17002','Visokošolska univerzitetna izobrazba (predbolonjska)','','7'),('18101','Specializacija po univerzitetni izobrazbi (predbolonjska)','','8/1'),('18102','Magisterij znanosti (predbolonjski)','','8/1'),('18201','Doktorat znanosti (predbolonjski)','','8/2'),('16101','Višja strokovna izobrazba','','6/1'),('16203','Visokošolska strokovna izobrazba (prva bolonjska stopnja)','','6/2'),('16204','Visokošolska univerzitetna izobrazba (prva bolonjska stopnja)','','6/2'),('17003','Magistrska izobrazba (druga bolonjska stopnja)','','7'),('18202','Doktorat znanosti (tretja bolonjska stopnja)','','8/2');
INSERT INTO study_kind (id,name) VALUES ('1','redni'),('3','izredni');
INSERT INTO study_form (id,name) VALUES ('1','na lokaciji'),('2','na daljavo'),('3','e-študij');
INSERT INTO study_type (id,short_name,name) VALUES ('1','Prvi vpis','Prvi vpis v letnik/dodatno leto'),('2','Ponavljanje','Ponavljanje letnika'),('3','Nadaljevanje','Nadaljevanje letnika'),('4','Podaljšanje statusa','Podaljšanje statusa študenta'),('5','Vpis po merilih (višji letnik)','Vpis po merilih za prehode v višji letnik'),('6','Vpis v semester','Vpis v semester skupnega št. programa'),('7','Vpis po merilih (isti letnik)','Vpis po merilih za prehode v isti letnik'),('98','Zaključek','Vpis za zaključek');
INSERT INTO course_exam_term (id_course_exam_term,datetime,deleted,duration,notes,type,id_course_organization,id_exam_organizer) VALUES ('1','2018-01-22 18:00:00.000000','false','60',NULL,'pisni','1','5'),('2','2018-02-06 14:00:00.000000','false','60',NULL,'pisni','1','5'),('3','2018-09-03 16:00:00.000000','false','60',NULL,'pisni','1','5'),('4','2018-01-24 08:00:00.000000','false','90',NULL,'pisni','2','2'),('5','2018-02-10 08:00:00.000000','false','90',NULL,'pisni','2','2'),('6','2018-09-05 08:00:00.000000','false','90',NULL,'pisni','2','2'),('7','2018-06-13 10:00:00.000000','false','45',NULL,'pisni','5','4'),('8','2018-06-18 09:00:00.000000','false','60',NULL,'pisni','4','3'),('9','2018-06-19 13:00:00.000000','false','60',NULL,'ustni','7','9'),('10','2018-06-13 08:00:00.000000','false','45',NULL,'pisni','27','20'),('11','2018-06-28 08:00:00.000000','false','45',NULL,'pisni','27','20'),('12','2018-08-22 08:00:00.000000','false','45',NULL,'pisni','27','20'),('13','2018-06-18 10:00:00.000000','false','180',NULL,'ustni','16','29'),('14','2018-07-03 10:00:00.000000','false','180',NULL,'ustni','16','29'),('15','2018-08-21 10:00:00.000000','false','180',NULL,'ustni','16','29'),('16','2018-06-19 14:00:00.000000','false','60',NULL,'pisni','46','57'),('17','2018-07-04 14:00:00.000000','false','60',NULL,'pisni','46','57'),('18','2018-08-23 14:00:00.000000','false','60',NULL,'pisni','46','57'),('19','2018-01-24 10:00:00.000000','false','70',NULL,'pisni','18','18'),('20','2018-02-13 14:00:00.000000','false','70',NULL,'pisni','18','18'),('21','2018-09-12 14:00:00.000000','false','70',NULL,'pisni','18','18'),('22','2018-01-26 10:15:00.000000','false','45',NULL,'pisni','5','4'),('23','2018-02-12 10:15:00.000000','false','45',NULL,'pisni','5','4'),('24','2018-08-21 10:15:00.000000','false','45',NULL,'pisni','5','4'),('25','2018-01-23 10:00:00.000000','false','60',NULL,'pisni','38','48'),('26','2018-02-07 10:00:00.000000','false','60',NULL,'pisni','38','48'),('27','2018-09-05 10:15:00.000000','false','60',NULL,'pisni','38','48'),('28','2018-01-30 11:00:00.000000','false','70',NULL,'pisni','48','35'),('29','2018-02-21 09:00:00.000000','false','70',NULL,'pisni','48','35'),('30','2018-08-30 10:00:00.000000','false','70',NULL,'pisni','48','35'),('31','2018-01-31 10:00:00.000000','false','60',NULL,'pisni','14','20'),('32','2018-02-15 09:00:00.000000','false','60',NULL,'pisni','14','20'),('33','2018-09-12 10:00:00.000000','false','60',NULL,'pisni','14','20'),('34','2018-01-26 08:00:00.000000','false','70',NULL,'pisni','43','23'),('35','2018-02-14 16:00:00.000000','false','70',NULL,'pisni','43','23'),('36','2018-09-04 16:00:00.000000','false','70',NULL,'pisni','43','23'),('37','2018-02-01 10:00:00.000000','false','60',NULL,'pisni','26','33'),('38','2018-02-16 10:00:00.000000','false','70',NULL,'pisni','26','33'),('39','2018-09-07 11:00:00.000000','false','60',NULL,'pisni','26','33'),('40','2018-01-26 17:00:00.000000','false','90',NULL,'pisni','45','59'),('41','2018-02-13 17:00:00.000000','false','90',NULL,'pisni','45','59'),('42','2018-08-24 17:00:00.000000','false','90',NULL,'pisni','45','59'),('43','2018-07-06 09:00:00.000000','false','70',NULL,'pisni','4','3'),('44','2018-09-06 15:00:00.000000','false','70',NULL,'pisni','4','3'),('45','2018-02-01 10:00:00.000000','false','45',NULL,'pisni','50','34'),('46','2018-02-16 10:00:00.000000','false','45',NULL,'pisni','50','34'),('47','2018-09-12 10:00:00.000000','false','70',NULL,'pisni','50','34'),('48','2018-06-15 08:00:00.000000','false','60',NULL,'pisni','39','35'),('49','2018-07-04 08:00:00.000000','false','60',NULL,'pisni','39','35'),('50','2018-09-12 10:00:00.000000','false','60',NULL,'pisni','39','35'),('51','2018-06-20 09:00:00.000000','false','60',NULL,'pisni','20','55'),('52','2019-07-05 09:00:00.000000','true','60',NULL,'pisni','20','55'),('53','2018-07-05 09:00:00.000000','false','60',NULL,'pisni','20','55'),('54','2018-08-28 09:00:00.000000','false','60',NULL,'pisni','20','55'),('55','2018-01-29 12:00:00.000000','false','60',NULL,'pisni','44','1'),('56','2018-02-07 13:00:00.000000','false','60',NULL,'pisni','44','1'),('57','2018-09-03 13:00:00.000000','false','60',NULL,'pisni','44','1'),('58','2018-06-21 16:00:00.000000','false','60',NULL,'pisni','32','43'),('59','2018-07-04 10:00:00.000000','false','60',NULL,'pisni','32','43'),('60','2018-09-14 16:00:00.000000','false','60',NULL,'pisni','32','43'),('61','2018-06-22 19:00:00.000000','false','60',NULL,'pisni','15','30'),('62','2018-07-10 20:00:00.000000','false','90',NULL,'pisni','15','30'),('63','2018-09-07 19:00:00.000000','false','90',NULL,'pisni','15','30'),('64','2018-06-15 15:00:00.000000','false','40',NULL,'pisni','35','48'),('65','2018-07-02 18:00:00.000000','false','40',NULL,'pisni','35','48'),('66','2018-09-06 13:00:00.000000','false','40',NULL,'pisni','35','48'),('67','2018-06-21 14:00:00.000000','false','45',NULL,'pisni','24','26'),('68','2018-07-11 14:00:00.000000','false','45',NULL,'pisni','24','26'),('69','2018-09-10 14:00:00.000000','false','45',NULL,'pisni','24','26'),('70','2018-06-19 13:00:00.000000','true','45',NULL,'pisni','25','38'),('71','2018-01-30 13:00:00.000000','false','45',NULL,'pisni','25','38'),('72','2018-02-14 16:00:00.000000','false','45',NULL,'pisni','25','38'),('73','2018-09-04 14:00:00.000000','false','45',NULL,'pisni','25','38'),('74','2018-01-24 10:00:00.000000','true','45',NULL,'pisni','49','23'),('75','2018-06-21 13:00:00.000000','false','60',NULL,'pisni','49','23'),('76','2018-07-05 17:00:00.000000','false','60',NULL,'pisni','49','23'),('77','2018-09-10 15:00:00.000000','false','60',NULL,'pisni','49','23'),('78','2018-09-07 12:00:00.000000','false','1','Priimki A-K ob 15:00, priimki L-Ž: 17:00, v sobi R2.56','ustni','35','48'),('79','2018-09-05 08:00:00.000000','false','300','CLI','ustni','44','1'),('80','2018-08-29 15:00:00.000000','false','1','Prostor: Peterlinov pavilijon','ustni','45','59'),('81','2018-09-13 12:00:00.000000','false','40','Samo za študente, ki so dosegli <= 60% na pisnem izpitu.','ustni','18','18'),('82','2018-09-10 10:00:00.000000','false','60',NULL,'ustni','25','38'),('83','2015-01-22 10:00:00.000000','false','60',NULL,'pisni','161','20'),('84','2015-02-13 10:00:00.000000','false','60',NULL,'pisni','161','20'),('85','2015-09-03 10:00:00.000000','false','60',NULL,'pisni','161','20'),('86','2015-01-23 10:00:00.000000','false','60','Glej učilnico za razpored','pisni','190','23'),('87','2015-02-10 10:00:00.000000','false','60','Glej učilnico za razpored','pisni','190','23'),('88','2015-08-28 10:00:00.000000','false','60','Glej učilnico za razpored','pisni','190','23'),('89','2015-01-26 10:00:00.000000','false','60',NULL,'pisni','250','40'),('90','2015-02-06 08:00:00.000000','false','60',NULL,'pisni','250','40'),('91','2015-09-08 08:00:00.000000','false','60',NULL,'pisni','250','40'),('92','2015-01-29 14:00:00.000000','false','90',NULL,'pisni','173','33'),('93','2015-02-13 09:00:00.000000','false','90',NULL,'pisni','173','33'),('94','2015-09-01 08:00:00.000000','false','90',NULL,'pisni','173','33'),('95','2015-01-26 10:00:00.000000','false','70','Izpit bo potekal v VFP','pisni','192','59'),('96','2015-02-10 17:00:00.000000','false','90','Izpit bo potekal v VFP','pisni','192','59'),('97','2015-09-10 11:00:00.000000','false','90','Izpit bo potekal v VFP','pisni','192','59'),('98','2015-06-22 14:00:00.000000','false','60',NULL,'pisni','162','30'),('99','2015-07-03 08:00:00.000000','false','60',NULL,'pisni','162','30'),('100','2015-09-08 10:00:00.000000','false','90','Predavalnice: P10, P11, P12, P13','pisni','162','30'),('101','2015-06-17 08:00:00.000000','false','70',NULL,'pisni','152','3'),('102','2015-07-01 08:00:00.000000','false','70',NULL,'pisni','152','3'),('103','2015-09-10 08:00:00.000000','false','70',NULL,'pisni','152','3'),('104','2015-06-15 15:00:00.000000','false','45',NULL,'pisni','167','55'),('105','2015-07-06 08:00:00.000000','false','45',NULL,'pisni','167','55'),('106','2015-09-11 11:00:00.000000','false','45',NULL,'pisni','167','55'),('107','2015-06-16 14:00:00.000000','false','60',NULL,'pisni','186','35'),('108','2015-06-30 08:00:00.000000','false','60',NULL,'pisni','186','35'),('109','2015-09-07 08:00:00.000000','false','60',NULL,'pisni','186','35'),('110','2015-06-19 16:00:00.000000','false','90',NULL,'pisni','179','43'),('111','2015-07-13 16:00:00.000000','false','90',NULL,'pisni','179','43'),('112','2015-09-04 16:00:00.000000','false','90',NULL,'pisni','179','43'),('113','2018-01-24 08:00:00.000000','false','60','Predavalnice: PA, P1, PB, P22','pisni','251','40'),('114','2018-02-01 08:00:00.000000','false','60','Predavalnice: PA, P1','pisni','251','40'),('115','2018-09-03 08:00:00.000000','false','60','Predavalnice: P1, P22','pisni','251','40'),('116','2016-01-20 10:00:00.000000','false','90',NULL,'pisni','142','1'),('117','2016-02-09 10:00:00.000000','false','90',NULL,'pisni','142','1'),('118','2016-09-02 10:00:00.000000','false','90',NULL,'pisni','142','1'),('119','2016-01-22 08:00:00.000000','false','60',NULL,'pisni','106','2'),('120','2016-02-10 08:00:00.000000','false','60',NULL,'pisni','106','2'),('121','2016-09-12 08:00:00.000000','false','60',NULL,'pisni','108','2'),('122','2016-01-25 14:00:00.000000','false','45',NULL,'pisni','148','34'),('123','2016-02-15 14:00:00.000000','false','45',NULL,'pisni','148','34'),('124','2016-08-22 14:00:00.000000','false','45',NULL,'pisni','148','34'),('125','2016-01-22 13:00:00.000000','true','60',NULL,'pisni','122','26'),('126','2016-02-10 13:00:00.000000','true','60',NULL,'pisni','122','26'),('127','2016-08-26 13:00:00.000000','false','60',NULL,'pisni','171','26'),('128','2016-01-28 09:00:00.000000','false','60',NULL,'pisni','107','26'),('129','2016-02-11 09:00:00.000000','true','60',NULL,'pisni','254','26'),('130','2016-09-05 09:00:00.000000','false','60',NULL,'pisni','122','26'),('131','2016-06-15 08:00:00.000000','false','45',NULL,'pisni','133','48'),('132','2016-07-01 09:00:00.000000','false','45',NULL,'pisni','133','48'),('133','2016-09-06 09:00:00.000000','false','45',NULL,'pisni','133','48'),('134','2016-01-19 12:00:00.000000','false','45',NULL,'pisni','123','38'),('135','2016-02-01 12:00:00.000000','false','45',NULL,'pisni','123','38'),('136','2016-09-09 12:00:00.000000','false','45',NULL,'pisni','123','38'),('137','2016-06-20 10:00:00.000000','false','70',NULL,'pisni','105','8'),('138','2016-07-05 10:00:00.000000','false','70',NULL,'pisni','105','8'),('139','2016-09-07 10:00:00.000000','false','70',NULL,'pisni','105','8'),('140','2016-06-15 15:00:00.000000','false','60',NULL,'pisni','147','23'),('141','2016-07-04 15:00:00.000000','false','60',NULL,'pisni','147','23'),('142','2016-09-15 16:00:00.000000','false','60',NULL,'pisni','147','23'),('143','2016-06-17 09:00:00.000000','false','60',NULL,'pisni','254','26'),('144','2016-07-06 09:00:00.000000','false','60',NULL,'pisni','254','26'),('145','2016-09-16 09:00:00.000000','false','60',NULL,'pisni','254','26'),('146','2016-01-20 11:00:00.000000','false','60',NULL,'pisni','112','20'),('147','2016-02-01 09:00:00.000000','false','60',NULL,'pisni','112','20'),('148','2016-09-01 16:00:00.000000','false','60',NULL,'pisni','112','20'),('149','2016-01-25 16:00:00.000000','false','80',NULL,'pisni','141','23'),('150','2016-02-09 14:00:00.000000','false','80',NULL,'pisni','141','23'),('151','2016-09-20 16:00:00.000000','false','80',NULL,'pisni','141','23'),('152','2016-01-18 10:00:00.000000','false','70',NULL,'pisni','249','40'),('153','2016-02-01 10:00:00.000000','false','60',NULL,'pisni','249','40'),('154','2016-08-23 10:00:00.000000','false','60',NULL,'pisni','249','40'),('155','2016-01-26 14:00:00.000000','false','60',NULL,'pisni','124','33'),('156','2016-02-15 15:00:00.000000','false','60',NULL,'pisni','124','33'),('157','2016-09-01 16:00:00.000000','false','90',NULL,'pisni','124','33'),('158','2016-01-25 14:00:00.000000','false','60',NULL,'pisni','143','59'),('159','2016-02-11 16:00:00.000000','false','60',NULL,'pisni','143','59'),('160','2016-09-07 15:00:00.000000','false','60',NULL,'pisni','143','59'),('161','2016-06-23 10:00:00.000000','false','90',NULL,'pisni','113','30'),('162','2016-07-05 14:00:00.000000','false','90',NULL,'pisni','113','30'),('163','2016-09-15 15:00:00.000000','false','90',NULL,'pisni','113','30'),('164','2016-06-21 17:00:00.000000','false','60',NULL,'pisni','103','3'),('165','2016-07-04 10:00:00.000000','false','60',NULL,'pisni','103','3'),('166','2016-09-16 09:00:00.000000','false','60',NULL,'pisni','103','3'),('167','2016-06-17 10:00:00.000000','false','45',NULL,'pisni','118','55'),('168','2016-07-01 10:00:00.000000','false','60',NULL,'pisni','118','55'),('169','2016-09-05 09:00:00.000000','false','60',NULL,'pisni','118','55'),('170','2016-06-13 08:00:00.000000','false','60',NULL,'pisni','137','35'),('171','2016-06-29 12:00:00.000000','false','60',NULL,'pisni','137','35'),('172','2016-09-14 14:00:00.000000','false','60',NULL,'pisni','137','35'),('173','2016-06-15 10:00:00.000000','false','90',NULL,'pisni','130','43'),('174','2016-06-30 10:00:00.000000','false','90',NULL,'pisni','130','43'),('175','2016-09-01 10:00:00.000000','false','90',NULL,'pisni','130','43'),('176','2017-01-20 12:00:00.000000','false','60',NULL,'pisni','63','20'),('177','2017-02-03 10:00:00.000000','false','60',NULL,'pisni','63','20'),('178','2017-09-01 11:00:00.000000','false','60',NULL,'pisni','63','20'),('179','2017-01-23 14:00:00.000000','false','70',NULL,'pisni','92','23'),('180','2017-02-02 14:00:00.000000','false','70',NULL,'pisni','92','23'),('181','2017-09-05 14:00:00.000000','false','70',NULL,'pisni','92','23'),('182','2017-01-26 08:00:00.000000','false','60',NULL,'pisni','248','40'),('183','2017-02-03 09:00:00.000000','false','60',NULL,'pisni','248','40'),('184','2017-08-24 09:00:00.000000','false','60',NULL,'pisni','248','40'),('185','2017-01-23 14:00:00.000000','false','90',NULL,'pisni','75','33'),('186','2017-02-10 13:00:00.000000','false','90',NULL,'pisni','75','33'),('187','2017-09-07 13:00:00.000000','false','90',NULL,'pisni','75','33'),('188','2017-01-27 17:00:00.000000','false','60',NULL,'pisni','94','59'),('189','2017-02-09 16:00:00.000000','false','60',NULL,'pisni','94','59'),('190','2017-09-06 16:00:00.000000','false','60',NULL,'pisni','94','59'),('191','2017-06-15 08:00:00.000000','false','80',NULL,'pisni','64','30'),('192','2017-06-29 10:00:00.000000','false','80',NULL,'pisni','64','30'),('193','2017-09-01 11:00:00.000000','false','80',NULL,'pisni','64','30'),('194','2017-06-20 13:00:00.000000','false','60',NULL,'pisni','54','3'),('195','2017-07-03 11:00:00.000000','false','60',NULL,'pisni','54','3'),('196','2017-09-04 11:00:00.000000','false','60',NULL,'pisni','54','3'),('197','2017-06-21 14:00:00.000000','false','45',NULL,'pisni','69','55'),('198','2017-06-30 14:00:00.000000','false','45',NULL,'pisni','69','55'),('199','2017-09-15 13:00:00.000000','false','45',NULL,'pisni','69','55'),('200','2017-06-22 10:00:00.000000','false','70',NULL,'pisni','88','35'),('201','2017-07-05 11:00:00.000000','false','70',NULL,'pisni','88','35'),('202','2017-09-08 12:00:00.000000','false','70',NULL,'pisni','88','35'),('203','2017-06-16 10:00:00.000000','false','90',NULL,'pisni','81','43'),('204','2017-06-29 10:00:00.000000','false','90',NULL,'pisni','81','43'),('205','2017-08-25 10:00:00.000000','false','90',NULL,'pisni','81','43'),('206','2017-01-23 16:00:00.000000','false','90',NULL,'pisni','93','1'),('207','2017-02-13 15:00:00.000000','false','90',NULL,'pisni','93','1'),('208','2017-09-01 15:00:00.000000','false','120',NULL,'pisni','93','1'),('209','2017-01-25 10:00:00.000000','false','70',NULL,'pisni','57','2'),('210','2017-02-06 10:00:00.000000','false','70',NULL,'pisni','57','2'),('211','2017-09-04 10:00:00.000000','false','70',NULL,'pisni','57','2'),('212','2017-06-15 14:00:00.000000','false','45',NULL,'pisni','253','26'),('213','2017-07-03 14:00:00.000000','false','45',NULL,'pisni','253','26'),('214','2017-08-28 14:00:00.000000','false','45',NULL,'pisni','253','26'),('215','2017-01-20 12:00:00.000000','false','50',NULL,'pisni','99','34'),('216','2017-02-03 14:00:00.000000','false','50',NULL,'pisni','99','34'),('217','2017-09-11 12:00:00.000000','false','50',NULL,'pisni','99','34'),('218','2017-06-16 12:00:00.000000','false','45',NULL,'pisni','73','26'),('219','2017-06-30 13:00:00.000000','false','45',NULL,'pisni','73','26'),('220','2017-09-07 13:00:00.000000','false','45',NULL,'pisni','73','26'),('221','2017-01-16 17:00:00.000000','false','60',NULL,'pisni','58','26'),('222','2017-01-30 16:00:00.000000','false','60',NULL,'pisni','58','26'),('223','2017-09-05 17:00:00.000000','false','60',NULL,'pisni','58','26'),('224','2017-06-16 10:00:00.000000','false','45',NULL,'pisni','84','48'),('225','2017-07-07 12:00:00.000000','false','45',NULL,'pisni','84','48'),('226','2017-08-25 10:00:00.000000','false','45',NULL,'pisni','84','48'),('227','2017-01-19 12:00:00.000000','false','45',NULL,'pisni','74','38'),('228','2017-01-30 12:00:00.000000','false','45',NULL,'pisni','74','38'),('229','2017-09-07 12:00:00.000000','false','45',NULL,'pisni','74','38'),('230','2017-06-20 16:00:00.000000','false','60',NULL,'pisni','6','8'),('231','2017-07-11 16:00:00.000000','false','60',NULL,'pisni','6','8'),('232','2017-09-04 16:15:00.000000','false','60',NULL,'pisni','6','8'),('233','2017-06-20 10:00:00.000000','false','90',NULL,'pisni','98','23'),('234','2017-07-13 10:00:00.000000','false','90',NULL,'pisni','98','23'),('235','2017-08-29 11:00:00.000000','false','90',NULL,'pisni','98','23'),('236','2017-01-23 12:00:00.000000','false','90',NULL,'pisni','97','35'),('237','2017-02-06 10:00:00.000000','false','90',NULL,'pisni','97','35'),('238','2017-09-01 10:00:00.000000','false','90',NULL,'pisni','97','35'),('239','2017-06-15 12:00:00.000000','false','45',NULL,'pisni','95','53'),('240','2017-07-03 11:00:00.000000','false','60',NULL,'pisni','95','53'),('241','2017-09-04 12:00:00.000000','false','60',NULL,'pisni','95','53'),('242','2017-06-16 14:00:00.000000','false','5',NULL,'ustni','65','29'),('243','2017-07-05 13:00:00.000000','false','5',NULL,'ustni','65','29'),('244','2017-09-01 11:00:00.000000','false','5',NULL,'ustni','65','29'),('245','2017-01-26 08:00:00.000000','false','90',NULL,'pisni','52','2'),('246','2017-02-09 08:00:00.000000','false','90',NULL,'pisni','52','2'),('247','2017-09-05 10:00:00.000000','false','90',NULL,'pisni','52','2'),('248','2017-01-26 16:00:00.000000','false','90',NULL,'pisni','67','18'),('249','2017-02-10 14:00:00.000000','false','90',NULL,'pisni','67','18'),('250','2017-09-04 14:00:00.000000','false','90',NULL,'pisni','67','18'),('251','2017-01-23 10:00:00.000000','false','45',NULL,'pisni','55','4'),('252','2017-02-07 08:00:00.000000','false','40',NULL,'pisni','55','4'),('253','2017-09-04 10:00:00.000000','false','40',NULL,'pisni','55','4'),('254','2017-06-19 14:00:00.000000','false','45',NULL,'pisni','76','20'),('255','2017-07-06 14:00:00.000000','false','60',NULL,'pisni','76','20'),('256','2017-09-01 11:00:00.000000','false','60',NULL,'pisni','76','20'),('257','2017-01-27 14:00:00.000000','false','60',NULL,'pisni','51','5'),('258','2017-02-14 14:00:00.000000','false','60',NULL,'pisni','51','5'),('259','2017-09-13 14:00:00.000000','false','60',NULL,'pisni','51','5'),('260','2017-01-26 12:00:00.000000','false','90',NULL,'pisni','258','43'),('261','2017-02-09 12:00:00.000000','false','90',NULL,'pisni','257','43'),('262','2017-09-04 11:00:00.000000','false','90',NULL,'pisni','258','43'),('263','2017-09-30 10:00:00.000000','false','10','Splošni rok za diplomski seminar 2017','pisni','96','31'),('264','2018-01-18 13:00:00.000000','false','45',NULL,'pisni','9','26'),('265','2018-02-02 13:00:00.000000','false','45',NULL,'pisni','9','26'),('266','2018-09-03 13:00:00.000000','false','45',NULL,'pisni','9','26'),('267','2018-01-19 13:00:00.000000','false','60','Predavalnice: PA, P1','pisni','8','2'),('268','2018-02-06 13:00:00.000000','false','60','Predavalnice: PA, P1','pisni','8','2'),('269','2018-09-04 13:00:00.000000','false','60','Predavalnice: PA, P1','pisni','8','2'),('270','2018-06-15 13:00:00.000000','false','45',NULL,'pisni','252','26'),('271','2018-07-05 13:00:00.000000','false','45',NULL,'pisni','252','26'),('272','2018-09-13 13:00:00.000000','false','45',NULL,'pisni','252','26'),('273','2018-09-18 13:00:00.000000','false','60','Četrti razpisani rok VIS, ki predstavlja ''izredni'' rok','pisni','44','1'),('274','2018-05-12 14:00:00.000000','false','60','Umetni rok, namenjen testiranju časovne omejitve za prijavo','pisni','46','57'),('275','2018-05-12 15:00:00.000000','false','60','Umetni rok, namenjen testiranju časovne omejitve za odjavo','pisni','46','57');
INSERT INTO ects_distribution (id,id_study_program,id_study_year,year_of_program,ects_obv,ects_piz,ects_siz,ects_mod) VALUES ('1','1000468','5','1','60','0','0','0'),('2','1000468','5','2','48','6','6','0'),('3','1000468','5','3','18','6','0','36'),('4','1000470','5','1','60','0','0','0'),('5','1000470','5','2','12','6','42','0'),('6','1000470','5','3','30','6','24','0'),('7','1000471','5','1','24','12','24','0'),('8','1000471','5','2','24','0','36','0'),('9','1000468','4','1','60','0','0','0'),('10','1000468','4','2','48','6','6','0'),('11','1000468','4','3','18','6','0','36'),('12','1000470','4','1','60','0','0','0'),('13','1000470','4','2','12','6','42','0'),('14','1000470','4','3','30','6','24','0'),('15','1000471','4','1','24','12','24','0'),('16','1000471','4','2','24','0','36','0'),('17','1000468','3','1','60','0','0','0'),('18','1000468','3','2','48','6','6','0'),('19','1000468','3','3','18','6','0','36'),('20','1000470','3','1','60','0','0','0'),('21','1000470','3','2','12','6','42','0'),('22','1000470','3','3','30','6','24','0'),('23','1000471','3','1','24','12','24','0'),('24','1000471','3','2','24','0','36','0'),('25','1000468','2','1','60','0','0','0'),('26','1000468','2','2','48','6','6','0'),('27','1000468','2','3','18','6','0','36'),('28','1000470','2','1','60','0','0','0'),('29','1000470','2','2','12','6','42','0'),('30','1000470','2','3','30','6','24','0'),('31','1000471','2','1','24','12','24','0'),('32','1000471','2','2','24','0','36','0'),('33','1000468','1','1','60','0','0','0'),('34','1000468','1','2','48','6','6','0'),('35','1000468','1','3','18','6','0','36'),('36','1000470','1','1','60','0','0','0'),('37','1000470','1','2','12','6','42','0'),('38','1000470','1','3','30','6','24','0'),('39','1000471','1','1','24','12','24','0'),('40','1000471','1','2','24','0','36','0');
-- nevem zakaj mora bit v eni vrstici ceu ukaz, probu sm sam values nastet po vrsticah pa ni delal

-- user logins
INSERT INTO user_login (id,password,salt,username,id_user_role) VALUES ('1','263fec58861449aacc1c328a4aff64aff4c62df4a2d50b3f207fa89b6e242c9aa778e7a8baeffef85b6ca6d2e7dc16ff0a760d59c13c238f6bcdc32f8ce9cc62','123','joze1','1'),('2','5c04bcdf01a4553d9b4ebe88b0d6cca9ad763c141f0fef491cbbad71114d24a2d8e633c32179d6c05f4d1adfa29ba3cda2e1cb1bdcd23b2d50abf317e77de41c','1337','blazkablatnik@gmail.com','2'),('3','ebbcfecbb97654304f3aee0228236ec4d94fa0593ea1ec8236fc3e2b9e6b01546d9ee62550d8ff30d3df9edc65517caa75dcb6dd358e11a9ec5d7cdf8911b0c0','321','prof@fri.uni-lj.si','3'),('4','d858b8524703de2002a21b7798f8ffb239308d0e9cdfd2c6756b7ffbf5d83561c1e5c73239f9b13d568513ea84aea268c7e429b63939aacf8b72be197c5ef725','666','ref@fri.uni-lj.si','4'),('5','db2bb81c724d0e9fc3479bd22355e520849702013d177182a24f9a82ebc3ed84739156e06002c3f4e0af1ac18acfbc0792de666d4a6880029ee6a97a43780f74','420','janez@nov.ak','2'),('6','ba3253876aed6bc22d4a6ff53d8406c6ad864195ed144ab5c87621b6c233b548baeae6956df346ec8c17f5ea10f35ee3cbc514797ed7ddd3145464e2a0bab413','456','peter@kopljem.net','2'),('7','7eabd9f1226a6d0c3548c3b37dc749c0aa256c03af4f47f8c214498fad4ded4fa48fc9fc2b7a62d977a56bb2a27bc91787214bcdc944b19f7a0e83bc23eca6f7','101','marta@pod.streho','2'),('8','ab15321e6484a0f4dca2dfa4f379ca4bc3cafce543bad6753fe50cdbf65cb93b3049546eba6856980f5d60ec67c8496c38542464357885c4ce4d2be057819f10','808','steff@stef.anio','2'),('9','99a5fe9d40e246de0bb911818f79cc03718148ca33c5e92f2fbbdc7907b54b0520e60de994fe4331f905eced10986c572315f47097f16238d5de491043bacabc','163734400','sz8003@student.uni-lj.si','2'),('10','a635bae3313801e933c8a6e4df03484deecbb11a5a91e866186042569a4349cd8458807c3048ca9cbcc26200c0647e52ed64842dc3ee830d499ddb052ebaf869','-121163117','jd8004@student.uni-lj.si','2'),('11','3fd39af9b15a8c647423e74287c52719d3b4e5f1463c3a03de4084a05670d32b93fdc6732bc41d6dd4c3918fc2ac21fffc8a4e8aadcc2e1411f53a328c64e006','-674793274','mj8005@student.uni-lj.si','2'),('12','f6535d6f56c1b37f91d0e7c3b4250e245a3cfef60bd4c354e73b5db7d56dc8e3362c72d9f36143bd48b28039bab540abd4f39484a79e51f983ba93369061bae9','-1648194537','lh8006@student.uni-lj.si','2'),('13','994fa9c537d8068f22c639c1f4e25ba90e227f922a06f8ef1a38e146ee754332457104941c299e37f5cdb45473a0cf1e5dfb04f8298a0eb2df4112f26a2aa450','-1190932726','žr8007@student.uni-lj.si','2'),('14','9a557bffde1523d7755acd93fbfe9ec7710fea07dfa6174a85ef9e7f8431a36fbaf9711fab947280259f1de79b8294849dedaf98f668771c7f3126937f3c6841','1269228366','tz8008@student.uni-lj.si','2'),('15','b0716094e48aa1f90c46522165ba15f499e20a2c8bc11732e811cab484d1576b32769c212801f68c3b39fc7297de42c20efc3af76d6e459bb68b16b3290ae1e3','-1052744078','rb8009@student.uni-lj.si','2'),('16','21cbf967a155b76cfdb39d23b64e27ff71eff7f93949ef370145264f312da0712902e874862bfd77370bdb27011cb71805e0a673c0a989b36ce8bdb02a732124','-926210828','nk8010@student.uni-lj.si','2'),('17','893343307543f0e85121c3c829c65933b3a3609cb3ce5905648b340c78336b79eeacae265003cf132f59d6fce3098754ef6db0d14eebac25fed681ca11ba74e3','-1620454342','cl8011@student.uni-lj.si','2'),('18','9fa490fa5b35733d201ed3ac531520bfb40798594f21492a64280cf1bd5011c0c7cee66742c31298b8b37b6373d84860219ee47eba854b62d822f917d9241aee','-774544758','ip8012@student.uni-lj.si','2'),('19','ce61c160ca6ff7365a1b5cac899fc010bae3028ad3a62ddbb9a56be2f43eb122fa68ca1843bd6ed52911a3372b686bd61359792993c5eb72c6c104c8b4fd47c0','1459725057','jj8013@student.uni-lj.si','2');
ALTER SEQUENCE user_login_id_seq RESTART WITH 20;
-- address
INSERT INTO address (id, line1, id_post_address, id_country) VALUES (1, 'Generični kraj 9', 1234, 705), (2, 'Ulica zlatih jam 14', 8000, 705), (3, 'Pod orodjem 6b', 8220, 705), (4, 'Pod streho 45', 5243, 705), (5,'Cesta poštenih padcev 11', 1231, 705);
ALTER SEQUENCE address_id_seq RESTART WITH 6;

-- student
INSERT INTO student (id,date_of_birth,email,emso,gender,name,phone_number,place_of_birth,register_number,sending_address,surname,tax_number,id_address1,id_address2,id_citizenship,id_country_of_birth,id_municipality_of_birth,id_study_program,id_login) VALUES ('1','1996-01-01','janez@nov.ak','0101996500005','M','Janez','+386 666 666','Ljubljana','63130001','1','Novak','12345678','1',NULL,'705','705','61',NULL,'5'),('2','1994-12-31','peter@kopljem.net','3112994500019','M','Peter','+386 123 123','Novo mesto','63180002','2','Kramp','12345679','2','3','705','705','85',NULL,'6'),('3','1996-05-12','marta@pod.streho','1205996505019','Ž','Marta',NULL,NULL,'63130002','1','Strešnik','12345670','4',NULL,'643','643',NULL,NULL,'7'),('4','1991-02-02','steff@stef.anio','0202991500008','M','Štefan','005318008','Ljubljana','63130003','1','Čolnar','12345667','5','5','705','705','61',NULL,'8'),('5',NULL,'blazkablatnik@gmail.com',NULL,'','Blažka',NULL,NULL,'63180001',NULL,'Blatnik',NULL,NULL,NULL,NULL,NULL,NULL,NULL,NULL),('6',NULL,'szore.fake@gmail.com',NULL,'-','Simon',NULL,NULL,'63180003','1','Zore',NULL,NULL,NULL,NULL,NULL,NULL,'1000468','9'),('7',NULL,'jdoe.fake@gmail.com',NULL,'-','John',NULL,NULL,'63180004','1','Doe',NULL,NULL,NULL,NULL,NULL,NULL,'1000468','10'),('8',NULL,'mjelenc.fake@gmail.com',NULL,'-','Marko',NULL,NULL,'63180005','1','Jelenc',NULL,NULL,NULL,NULL,NULL,NULL,'1000468','11'),('9',NULL,'lhribar.fake@gmail.com',NULL,'-','Luka',NULL,NULL,'63180006','1','Hribar',NULL,NULL,NULL,NULL,NULL,NULL,'1000468','12'),('10',NULL,'zrink.fake@gmail.com',NULL,'-','Žan',NULL,NULL,'63180007','1','Rink',NULL,NULL,NULL,NULL,NULL,NULL,'1000468','13'),('11',NULL,'tzupanc.fake@gmail.com',NULL,'-','Teja',NULL,NULL,'63180008','1','Zupanc',NULL,NULL,NULL,NULL,NULL,NULL,'1000468','14'),('12',NULL,'rberdnik.fake@gmail.com',NULL,'-','Rok',NULL,NULL,'63180009','1','Berdnik',NULL,NULL,NULL,NULL,NULL,NULL,'1000468','15'),('13',NULL,'nkos.fake@gmail.com',NULL,'-','Nik',NULL,NULL,'63180010','1','Kos',NULL,NULL,NULL,NULL,NULL,NULL,'1000468','16'),('14',NULL,'clukavcic.fake@gmail.com',NULL,'-','Cene',NULL,NULL,'63180011','1','Lukavčič',NULL,NULL,NULL,NULL,NULL,NULL,'1000468','17'),('15',NULL,'ipri.fake@gmail.com',NULL,'-','Imenko',NULL,NULL,'63180012','1','Priimkovič',NULL,NULL,NULL,NULL,NULL,NULL,'1000468','18'),('16',NULL,'jjakomin.fake@gmail.com',NULL,'-','Jaka',NULL,NULL,'63180013','1','Jakomin',NULL,NULL,NULL,NULL,NULL,NULL,'1000468','19');
ALTER SEQUENCE student_id_seq RESTART WITH 17;

-- enrolments
INSERT INTO enrolment (id, id_student, id_study_year, id_study_program, year, id_study_type, id_study_kind, id_study_form, id_klasius_srv, confirmed) VALUES(1, 1, 5, '1000468', 1, 1, 1, 1, 16204, true),(2, 3, 2, '1000468', 1, 1, 1, 1, 16204, true),(3, 4, 2, '1000468', 2, 1, 1, 1, 16204, true),(4, 3, 5, '1000468', 2, 2, 1, 1, 16204, true),(5, 4, 4, '1000468', 1, 1, 1, 1, 16204, true),(6, 4, 5, '1000468', 2, 1, 1, 1, 16204, true), (7, 6, 3, '1000468', 1, 1, 1, 1, 16204, true), (8, 6, 4, '1000468', 2, 1, 1, 1, 16204, true), (9, 6, 5, '1000468', 3, 1, 1, 1, 16204, true), (10, 7, 3, '1000468', 1, 1, 1, 1, 16204, true), (11, 7, 4, '1000468', 1, 2, 1, 1, 16204, true), (12, 7, 5, '1000468', 1, 2, 3, 1, 16204, true), (13, 8, 4, '1000468', 1, 1, 1, 1, 16204, true), (14, 8, 5, '1000468', 2, 1, 1, 1, 16204, true), (15, 9, 4, '1000468', 1, 1, 1, 1, 16204, true), (16, 9, 5, '1000468', 2, 1, 1, 1, 16204, true), (17, 10, 3, '1000468', 1, 1, 1, 1, 16204, true), (18, 10, 4, '1000468', 2, 1, 1, 1, 16204, true), (19, 10, 5, '1000468', 2, 2, 1, 1, 16204, true), (20, 11, 2, '1000468', 1, 1, 1, 1, 16204, true), (21, 11, 3, '1000468', 2, 1, 1, 1, 16204, true), (22, 11, 4, '1000468', 3, 1, 1, 1, 16204, true), (23, 11, 5, '1000468', 3, 2, 1, 1, 16204, true), (24, 12, 5, '1000468', 1, 1, 1, 1, 16204, true), (25, 13, 3, '1000468', 1, 1, 1, 1, 16204, true), (26, 13, 4, '1000468', 1, 2, 1, 1, 16204, true), (27, 13, 5, '1000468', 2, 1, 1, 1, 16204, true), (28, 14, 4, '1000468', 1, 1, 1, 1, 16204, true), (29, 14, 5, '1000468', 1, 2, 1, 1, 16204, true), (30, 15, 2, '1000468', 1, 1, 1, 1, 16204, true), (31, 15, 3, '1000468', 2, 1, 1, 1, 16204, true), (32, 15, 4, '1000468', 2, 2, 1, 1, 16204, true), (33, 15, 5, '1000468', 2, 2, 3, 1, 16204, true), (34, 16, 5, '1000468', 1, 1, 1, 1, 16204, true);

-- student courses requires enrolments to be pre-inserted, so it can't be put into a csv
INSERT INTO student_courses (id_student_courses,id_course,id_enrolment) VALUES ('1','63212','1'),('2','63205','1'),('3','63203','1'),('4','63204','1'),('5','63209','1'),('6','63207','1'),('7','63277','1'),('8','63278','1'),('9','63215','1'),('10','63202','1'),('11','63212','2'),('12','63205','2'),('13','63203','2'),('14','63204','2'),('15','63209','2'),('16','63207','2'),('17','63277','2'),('18','63278','2'),('19','63215','2'),('20','63202','2'),('21','63213','3'),('22','63279','3'),('23','63280','3'),('24','63208','3'),('25','63217','3'),('26','63517','3'),('27','63216','3'),('28','63218','3'),('29','63220','3'),('30','63219','3'),('31','63213','4'),('32','63517','4'),('33','63280','4'),('34','63212','5'),('35','63205','5'),('36','63203','5'),('37','63204','5'),('38','63209','5'),('39','63207','5'),('40','63277','5'),('41','63278','5'),('42','63215','5'),('43','63213','6'),('44','63279','6'),('45','63280','6'),('46','63208','6'),('47','63217','6'),('48','63517','6'),('49','63216','6'),('50','63218','6'),('51','63220','6'),('52','63219','6'),('53','63212','7'),('54','63205','7'),('55','63203','7'),('56','63204','7'),('57','63209','7'),('58','63207','7'),('59','63277','7'),('60','63278','7'),('61','63215','7'),('62','63202','7'), ('63','63213','8'),('64','63279','8'),('65','63280','8'),('66','63208','8'),('67','63217','8'),('68','63517','8'),('69','63216','8'),('70','63218','8'),('71','63220','8'),('72','63219','8'), ('73', '63214', '9'), ('74', '63281', '9'), ('75', '63248', '9'), ('76', '63268', '9'), ('77', '63266', '9'), ('78', '63267', '9'), ('79', '63255', '9'), ('80', '63254', '9'), ('81', '63256', '9'), ('82', '63251', '9'), ('83','63212','10'),('84','63205','10'),('85','63203','10'),('86','63204','10'),('87','63209','10'),('88','63207','10'),('89','63277','10'),('90','63278','10'),('91','63215','10'),('92','63202','10'), ('93', '63205', '11'), ('94', '63203', '11'), ('95', '63202', '11'), ('96', '63209', '11'), ('97', '63218', '11'), ('98', '63205', '12'), ('99','63212','13'),('100','63205','13'),('101','63203','13'),('102','63204','13'),('103','63209','13'),('104','63207','13'),('105','63277','13'),('106','63278','13'),('107','63215','13'),('108','63202','13'), ('109','63213','14'),('110','63279','14'),('111','63280','14'),('112','63208','14'),('113','63217','14'),('114','63517','14'),('115','63216','14'),('116','63218','14'),('117','63220','14'),('118','63219','14'),('119','63212','15'),('120','63205','15'),('121','63203','15'),('122','63204','15'),('123','63209','15'),('124','63207','15'),('125','63277','15'),('126','63278','15'),('127','63215','15'),('128','63202','15'), ('129','63213','16'),('130','63279','16'),('131','63280','16'),('132','63208','16'),('133','63217','16'),('134','63517','16'),('135','63216','16'),('136','63218','16'),('137','63220','16'),('138','63219','16'),('139','63212','17'),('140','63205','17'),('141','63203','17'),('142','63204','17'),('143','63209','17'),('144','63207','17'),('145','63277','17'),('146','63278','17'),('147','63215','17'),('148','63202','17'), ('149','63213','18'),('150','63279','18'),('151','63280','18'),('152','63208','18'),('153','63217','18'),('154','63517','18'),('155','63216','18'),('156','63218','18'),('157','63220','18'),('158','63219','18'),('159', '63517', '19'), ('160', '63279', '19'), ('161', '63280', '19'), ('162', '63213', '19'), ('163', '63214', '19'),('164','63212','20'),('165','63205','20'),('166','63203','20'),('167','63204','20'),('168','63209','20'),('169','63207','20'),('170','63277','20'),('171','63278','20'),('172','63215','20'),('173','63202','20'), ('174','63213','21'),('175','63279','21'),('176','63280','21'),('177','63208','21'),('178','63217','21'),('179','63517','21'),('180','63216','21'),('181','63218','21'),('182','63220','21'),('183','63219','21'), ('184', '63214', '22'), ('185', '63281', '22'),('186', '63248', '22'), ('187', '63268', '22'), ('188', '63266', '22'), ('189', '63267', '22'), ('190', '63255', '22'), ('191', '63254', '22'), ('192', '63256', '22'), ('193', '63251', '22'),('194', '63214', '23'),('195', '63268', '23'),('196', '63267', '23'),('197','63212','24'),('198','63205','24'),('199','63203','24'),('200','63204','24'),('201','63209','24'),('202','63207','24'),('203','63277','24'),('204','63278','24'),('205','63215','24'),('206','63202','24'),('207','63212','25'),('208','63205','25'),('209','63203','25'),('210','63204','25'),('211','63209','25'),('212','63207','25'),('213','63277','25'),('214','63278','25'),('215','63215','25'),('216','63202','25'), ('217', '63205', '26'), ('218', '63203', '26'), ('219', '63202', '26'), ('220', '63209', '26'), ('221', '63218', '26'),('222','63213','27'),('223','63279','27'),('224','63280','27'),('225','63208','27'),('226','63217','27'),('227','63517','27'),('228','63216','27'),('229','63218','27'),('230','63220','27'),('231','63219','27'),('232','63212','28'),('233','63205','28'),('234','63203','28'),('235','63204','28'),('236','63209','28'),('237','63207','28'),('238','63277','28'),('239','63278','28'),('240','63215','28'),('241','63202','28'), ('242', '63205', '29'), ('243', '63203', '29'), ('244', '63202', '29'), ('245', '63209', '29'), ('246', '63218', '29'),('247','63212','30'),('248','63205','30'),('249','63203','30'),('250','63204','30'),('251','63209','30'),('252','63207','30'),('253','63277','30'),('254','63278','30'),('255','63215','30'),('256','63202','30'), ('257','63213','31'),('258','63279','31'),('259','63280','31'),('260','63208','31'),('261','63217','31'),('262','63517','31'),('263','63216','31'),('264','63218','31'),('265','63220','31'),('266','63219','31'),('267', '63517', '32'), ('268', '63279', '32'), ('269', '63280', '32'), ('270', '63213', '32'), ('271', '63214', '32'),('272', '63213', '33'),('273','63212','34'),('274','63205','34'),('275','63203','34'),('276','63204','34'),('277','63209','34'),('278','63207','34'),('279','63277','34'),('280','63278','34'),('281','63215','34'),('282','63202','34'), ('283', '63205', '14');

--connect professor with login ID
UPDATE professor SET id_login = 3 WHERE professor.id = 2;

-- enrolment tokens
INSERT INTO enrolment_token (id, freechoice, used, year, id_study_form, id_study_kind, id_klasius_srv, id_student, id_study_program, id_study_year, id_study_type) VALUES (1, false, true, 1, 1, 1, 16204, 1, '1000468', 1, 1),(2, false, true, 2, 1, 1, 16204, 3, '1000468', 3, 2),(3, false, true, 2, 1, 1, 16204, 4, '1000468', 2, 1);

-- exam sign ups
INSERT INTO exam_sign_up (id, returned, id_course_exam_term, id_student_course, grade) VALUES (1, true, 158, 54, NULL), (2, false, 159, 54, 5), (3, false, 160, 54, 7),(4, false, 167, 53, 8),(5, false, 147, 59, 5), (6, false, 148, 59, 9),(7, false, 149, 62, 8),(8, false, 152, 55, 5), (9, false, 153, 55, 7),(10, false, 157, 56, 10),(11, false, 161, 60, 5), (12, false, 162, 60, 8),(13, false, 164, 58, 9),(14, false, 171, 57, 6),(15, false, 173, 61, 10),(16, false, 209, 64, 10),(17, false, 213, 65, 9),(18, false, 216, 66, 9),(19, false, 207, 63, 6),(20, false, 221, 68, 7),(21, false, 224, 69, 10),(22, false, 219, 67, 9),(23, false, 227, 70, 10),(24, false, 234, 72, 8),(25, false, 230, 71, 10),(26, false, 158, 84, 5), (27, false, 159, 84, 5), (28, false, 160, 84, 5),(29, false, 167, 83, 6),(30, false, 147, 89, 6),(31, false, 149, 92, 5),(32, false, 152, 85, 5), (33, false, 153, 85, 5),(34, false, 157, 86, 6),(35, false, 161, 90, 5), (36, false, 162, 90, 6),(37, false, 164, 88, 6),(38, false, 171, 87, 5),(39, false, 173, 91, 6),(40, false, 189, 93, 5), (41, false, 190, 93, 5),(42, false, 182, 94, 5), (43, false, 183, 94, 6),(44, false, 179, 95, 6),(45, false, 201, 96, 6),(46, false, 227, 97, 6),(47, true, 176, 105, NULL), (48, false, 177, 105, 8),(49, false, 180, 108, 7),(50, false, 182, 101, 8),(51, false, 185, 102, 5), (52, false, 186, 102, 5), (53, false, 187, 102, 6),(54, false, 188, 100, 5),(55, false, 191, 106, 9),(56, false, 194, 104, 7),(57, false, 200, 103, 10),(58, false, 203, 107, 6),(59, false, 197, 99, 10),(60, false, 176, 125, 10),(61, false, 180, 128, 10),(62, false, 182, 121, 10),(63, false, 185, 122, 7), (64, false, 186, 122, 10),(65, false, 188, 120, 9),(66, false, 191, 126, 10),(67, false, 194, 124, 10),(68, false, 200, 123, 10),(69, false, 203, 127, 9),(70, false, 197, 119, 10),(71, true, 159, 140, NULL), (72, false, 160, 140, 6),(73, false, 167, 139, 8),(74, false, 147, 145, 8),(75, false, 149, 148, 7),(76, false, 152, 141, 5), (77, false, 153, 141, 7),(78, false, 157, 142, 6),(79, false, 161, 146, 5), (80, false, 162, 146, 6),(81, false, 164, 144, 7),(82, false, 171, 143, 8),(83, false, 173, 147, 8),(84, false, 209, 150, 5), (85, false, 210, 150, 5), (86, false, 211, 150, 5),(87, false, 212, 151, 5), (88, false, 213, 151, 5), (89, false, 214, 151, 5),(90, false, 216, 152, 9),(91, false, 206, 149, 5), (92, false, 207, 149, 5), (93, false, 208, 149, 5),(94, false, 221, 154, 5), (95, false, 222, 154, 5), (97, false, 224, 155, 10),(98, false, 219, 153, 8),(99, false, 227, 156, 8),(100, false, 234, 158, 6),(101, false, 230, 157, 6),(102, true, 165, 95, 7),(103, false, 164, 105, 8),(104, false, 170, 83, 7),(105, false, 173, 86, 8),(106, false, 166, 90, 7),(107, false, 167, 94, 8),(108, false, 171, 99, 7),(109, false, 169, 101, 8),(110, false, 168, 108, 7),(111, false, 172, 111, 8),(112, true, 119, 175, NULL), (113, false, 120, 175, 8),(114, true, 143, 176, NULL), (115, false, 144, 176, 10),(116, false, 122, 177, 9),(117, false, 116, 174, 5), (118, false, 118, 174, 8),(119, false, 128, 179, 9),(120, false, 132, 180, 10),(121, false, 130, 178, 10),(122, false, 135, 181, 9),(123, false, 140, 183, 9),(124, false, 138, 182, 9),(125, true, 236, 184, NULL), (126, false, 237, 184, 5),(127, false, 263, 185, 8),(128, false, 239, 186, 6),(129, false, 242, 187, 5),(130, false, 245, 188, 8), (131, false, 246, 188, 5),(132, false, 248, 189, 5),(133, false, 260, 190, 7),(134, false, 251, 191, 7),(135, false, 255, 192, 7),(136, false, 257, 193, 8),(137, false, 165, 248, 7),(138, false, 164, 247, 8),(139, false, 170, 253, 7),(140, false, 173, 256, 6),(141, false, 166, 249, 8),(142, false, 167, 250, 7),(143, false, 171, 254, 6),(144, false, 169, 252, 8),(145, false, 168, 251, 7),(146, false, 172, 255, 6),(147, true, 119, 258, NULL), (148, false, 120, 258, 5),(149, true, 143, 259, NULL), (150, false, 144, 259, 5),(151, false, 122, 260, 9),(152, false, 116, 257, 5), (153, false, 117, 257, 5), (154, false, 118, 257, 5),(155, false, 128, 262, 5),(156, false, 132, 263, 10),(157, false, 130, 261, 10),(158, false, 135, 264, 9),(159, false, 140, 266, 9),(160, false, 138, 265, 9),(161, false, 209, 268, 6),(162, false, 213, 269, 7),(163, false, 206, 270, 5), (164, false, 207, 270, 5), (165, false, 208, 270, 5),(166, false, 222, 267, 6),(167, false, 237, 271, 7),(168, false, 55, 129, 5), (169, false, 56, 129, 5), (170, false, 57, 129, 5), (171, false, 267, 130, 10), (172, false, 4, 77, 5),(173, false, 28, 73, 5), (174, false, 29, 73, 5),(175, false, 275, 75, NULL);

ALTER SEQUENCE course_exam_term_id_course_exam_term_seq RESTART WITH 276;
ALTER SEQUENCE student_courses_id_student_courses_seq RESTART WITH 284;
ALTER SEQUENCE course_organization_id_course_organization_seq RESTART WITH 262;
ALTER SEQUENCE exam_sign_up_id_seq RESTART WITH 176;
ALTER SEQUENCE enrolment_id_seq RESTART WITH 35;
ALTER SEQUENCE enrolment_token_id_seq RESTART WITH 4;