-- nevem zakaj mora bit v eni vrstici ceu ukaz, probu sm sam values nastet po vrsticah pa ni delal

-- user logins
INSERT INTO user_login (id,password,salt,username,id_user_role) VALUES ('1','263fec58861449aacc1c328a4aff64aff4c62df4a2d50b3f207fa89b6e242c9aa778e7a8baeffef85b6ca6d2e7dc16ff0a760d59c13c238f6bcdc32f8ce9cc62','123','joze1','1'),('2','5c04bcdf01a4553d9b4ebe88b0d6cca9ad763c141f0fef491cbbad71114d24a2d8e633c32179d6c05f4d1adfa29ba3cda2e1cb1bdcd23b2d50abf317e77de41c','1337','blazkablatnik@gmail.com','2'),('3','ebbcfecbb97654304f3aee0228236ec4d94fa0593ea1ec8236fc3e2b9e6b01546d9ee62550d8ff30d3df9edc65517caa75dcb6dd358e11a9ec5d7cdf8911b0c0','321','prof@fri.uni-lj.si','3'),('4','d858b8524703de2002a21b7798f8ffb239308d0e9cdfd2c6756b7ffbf5d83561c1e5c73239f9b13d568513ea84aea268c7e429b63939aacf8b72be197c5ef725','666','ref@fri.uni-lj.si','4'),('5','db2bb81c724d0e9fc3479bd22355e520849702013d177182a24f9a82ebc3ed84739156e06002c3f4e0af1ac18acfbc0792de666d4a6880029ee6a97a43780f74','420','janez@nov.ak','2'),('6','ba3253876aed6bc22d4a6ff53d8406c6ad864195ed144ab5c87621b6c233b548baeae6956df346ec8c17f5ea10f35ee3cbc514797ed7ddd3145464e2a0bab413','456','peter@kopljem.net','2'),('7','7eabd9f1226a6d0c3548c3b37dc749c0aa256c03af4f47f8c214498fad4ded4fa48fc9fc2b7a62d977a56bb2a27bc91787214bcdc944b19f7a0e83bc23eca6f7','101','marta@pod.streho','2'),('8','ab15321e6484a0f4dca2dfa4f379ca4bc3cafce543bad6753fe50cdbf65cb93b3049546eba6856980f5d60ec67c8496c38542464357885c4ce4d2be057819f10','808','steff@stef.anio','2'),('9','99a5fe9d40e246de0bb911818f79cc03718148ca33c5e92f2fbbdc7907b54b0520e60de994fe4331f905eced10986c572315f47097f16238d5de491043bacabc','163734400','sz8003@student.uni-lj.si','2'),('10','a635bae3313801e933c8a6e4df03484deecbb11a5a91e866186042569a4349cd8458807c3048ca9cbcc26200c0647e52ed64842dc3ee830d499ddb052ebaf869','-121163117','jd8004@student.uni-lj.si','2'),('11','3fd39af9b15a8c647423e74287c52719d3b4e5f1463c3a03de4084a05670d32b93fdc6732bc41d6dd4c3918fc2ac21fffc8a4e8aadcc2e1411f53a328c64e006','-674793274','mj8005@student.uni-lj.si','2'),('12','f6535d6f56c1b37f91d0e7c3b4250e245a3cfef60bd4c354e73b5db7d56dc8e3362c72d9f36143bd48b28039bab540abd4f39484a79e51f983ba93369061bae9','-1648194537','lh8006@student.uni-lj.si','2'),('13','994fa9c537d8068f22c639c1f4e25ba90e227f922a06f8ef1a38e146ee754332457104941c299e37f5cdb45473a0cf1e5dfb04f8298a0eb2df4112f26a2aa450','-1190932726','žr8007@student.uni-lj.si','2'),('14','9a557bffde1523d7755acd93fbfe9ec7710fea07dfa6174a85ef9e7f8431a36fbaf9711fab947280259f1de79b8294849dedaf98f668771c7f3126937f3c6841','1269228366','tz8008@student.uni-lj.si','2'),('15','b0716094e48aa1f90c46522165ba15f499e20a2c8bc11732e811cab484d1576b32769c212801f68c3b39fc7297de42c20efc3af76d6e459bb68b16b3290ae1e3','-1052744078','rb8009@student.uni-lj.si','2'),('16','21cbf967a155b76cfdb39d23b64e27ff71eff7f93949ef370145264f312da0712902e874862bfd77370bdb27011cb71805e0a673c0a989b36ce8bdb02a732124','-926210828','nk8010@student.uni-lj.si','2'),('17','893343307543f0e85121c3c829c65933b3a3609cb3ce5905648b340c78336b79eeacae265003cf132f59d6fce3098754ef6db0d14eebac25fed681ca11ba74e3','-1620454342','cl8011@student.uni-lj.si','2'),('18','9fa490fa5b35733d201ed3ac531520bfb40798594f21492a64280cf1bd5011c0c7cee66742c31298b8b37b6373d84860219ee47eba854b62d822f917d9241aee','-774544758','ip8012@student.uni-lj.si','2'),('19','ce61c160ca6ff7365a1b5cac899fc010bae3028ad3a62ddbb9a56be2f43eb122fa68ca1843bd6ed52911a3372b686bd61359792993c5eb72c6c104c8b4fd47c0','1459725057','jj8013@student.uni-lj.si','2');
ALTER SEQUENCE user_login_id_seq RESTART WITH 20;
-- address
INSERT INTO address (id, line1, id_post_address, id_country) VALUES (1, 'Generični kraj 9', 1234, 705), (2, 'Ulica zlatih jam 14', 8000, 705), (3, 'Pod orodjem 6b', 8220, 705), (4, 'Pod streho 45', 5243, 705), (5,'Cesta poštenih padcev 11', 1231, 705);
ALTER SEQUENCE address_id_seq RESTART WITH 6;

-- student
INSERT INTO student (id,date_of_birth,email,emso,gender,name,phone_number,place_of_birth,register_number,sending_address,surname,tax_number,id_address1,id_address2,id_citizenship,id_country_of_birth,id_municipality_of_birth,id_study_program,id_login) VALUES ('1','1996-01-01','janez@nov.ak','0101996500005','M','Janez','+386 666 666','Ljubljana','63130001','1','Novak','12345678','1',NULL,'705','705','61',NULL,'5'),('2','1994-12-31','peter@kopljem.net','3112994500019','M','Peter','+386 123 123','Novo mesto','63180002','2','Kramp','12345679','2','3','705','705','85',NULL,'6'),('3','1996-05-12','marta@pod.streho','1205996505019','Ž','Marta',NULL,NULL,'63130002','1','Strešnik','12345670','4',NULL,'643','643',NULL,NULL,'7'),('4','1991-02-02','steff@stef.anio','0202991500008','M','Štefan','005318008','Ljubljana','63130003','1','Čolnar','12345667','5','5','705','705','61',NULL,'8'),('5',NULL,'blazkablatnik@gmail.com',NULL,'','Blažka',NULL,NULL,'63180001',NULL,'Blatnik',NULL,NULL,NULL,NULL,NULL,NULL,NULL,NULL),('6',NULL,'szore.fake@gmail.com',NULL,'-','Simon',NULL,NULL,'63180003','1','Zore',NULL,NULL,NULL,NULL,NULL,NULL,'1000468','9'),('7',NULL,'jdoe.fake@gmail.com',NULL,'-','John',NULL,NULL,'63180004','1','Doe',NULL,NULL,NULL,NULL,NULL,NULL,'1000468','10'),('8',NULL,'mjelenc.fake@gmail.com',NULL,'-','Marko',NULL,NULL,'63180005','1','Jelenc',NULL,NULL,NULL,NULL,NULL,NULL,'1000468','11'),('9',NULL,'lhribar.fake@gmail.com',NULL,'-','Luka',NULL,NULL,'63180006','1','Hribar',NULL,NULL,NULL,NULL,NULL,NULL,'1000468','12'),('10',NULL,'zrink.fake@gmail.com',NULL,'-','Žan',NULL,NULL,'63180007','1','Rink',NULL,NULL,NULL,NULL,NULL,NULL,'1000468','13'),('11',NULL,'tzupanc.fake@gmail.com',NULL,'-','Teja',NULL,NULL,'63180008','1','Zupanc',NULL,NULL,NULL,NULL,NULL,NULL,'1000468','14'),('12',NULL,'rberdnik.fake@gmail.com',NULL,'-','Rok',NULL,NULL,'63180009','1','Berdnik',NULL,NULL,NULL,NULL,NULL,NULL,'1000468','15'),('13',NULL,'nkos.fake@gmail.com',NULL,'-','Nik',NULL,NULL,'63180010','1','Kos',NULL,NULL,NULL,NULL,NULL,NULL,'1000468','16'),('14',NULL,'clukavcic.fake@gmail.com',NULL,'-','Cene',NULL,NULL,'63180011','1','Lukavčič',NULL,NULL,NULL,NULL,NULL,NULL,'1000468','17'),('15',NULL,'ipri.fake@gmail.com',NULL,'-','Imenko',NULL,NULL,'63180012','1','Priimkovič',NULL,NULL,NULL,NULL,NULL,NULL,'1000468','18'),('16',NULL,'jjakomin.fake@gmail.com',NULL,'-','Jaka',NULL,NULL,'63180013','1','Jakomin',NULL,NULL,NULL,NULL,NULL,NULL,'1000468','19');
ALTER SEQUENCE student_id_seq RESTART WITH 17;

-- enrolments
INSERT INTO enrolment (id, id_student, id_study_year, id_study_program, year, id_study_type, id_study_kind, id_study_form, id_klasius_srv, confirmed) VALUES(1, 1, 5, '1000468', 1, 1, 1, 1, 16204, true),(2, 3, 2, '1000468', 1, 1, 1, 1, 16204, true),(3, 4, 2, '1000468', 2, 1, 1, 1, 16204, true),(4, 3, 5, '1000468', 2, 2, 1, 1, 16204, true),(5, 4, 4, '1000468', 1, 1, 1, 1, 16204, true),(6, 4, 5, '1000468', 2, 1, 1, 1, 16204, true), (7, 6, 3, '1000468', 1, 1, 1, 1, 16204, true), (8, 6, 4, '1000468', 2, 1, 1, 1, 16204, true), (9, 6, 5, '1000468', 3, 1, 1, 1, 16204, true), (10, 7, 3, '1000468', 1, 1, 1, 1, 16204, true), (11, 7, 4, '1000468', 1, 2, 1, 1, 16204, true), (12, 7, 5, '1000468', 1, 2, 3, 1, 16204, true), (13, 8, 4, '1000468', 1, 1, 1, 1, 16204, true), (14, 8, 5, '1000468', 2, 1, 1, 1, 16204, true), (15, 9, 4, '1000468', 1, 1, 1, 1, 16204, true), (16, 9, 5, '1000468', 2, 1, 1, 1, 16204, true), (17, 10, 3, '1000468', 1, 1, 1, 1, 16204, true), (18, 10, 4, '1000468', 2, 1, 1, 1, 16204, true), (19, 10, 5, '1000468', 2, 2, 1, 1, 16204, true), (20, 11, 2, '1000468', 1, 1, 1, 1, 16204, true), (21, 11, 3, '1000468', 2, 1, 1, 1, 16204, true), (22, 11, 4, '1000468', 3, 1, 1, 1, 16204, true), (23, 11, 5, '1000468', 3, 2, 1, 1, 16204, true), (24, 12, 5, '1000468', 1, 1, 1, 1, 16204, true), (25, 13, 3, '1000468', 1, 1, 1, 1, 16204, true), (26, 13, 4, '1000468', 1, 2, 1, 1, 16204, true), (27, 13, 5, '1000468', 2, 1, 1, 1, 16204, true), (28, 14, 4, '1000468', 1, 1, 1, 1, 16204, true), (29, 14, 5, '1000468', 1, 2, 1, 1, 16204, true), (30, 15, 2, '1000468', 1, 1, 1, 1, 16204, true), (31, 15, 3, '1000468', 2, 1, 1, 1, 16204, true), (32, 15, 4, '1000468', 2, 2, 1, 1, 16204, true), (33, 15, 5, '1000468', 2, 2, 3, 1, 16204, true), (34, 16, 5, '1000468', 1, 1, 1, 1, 16204, true);

-- student courses requires enrolments to be pre-inserted, so it can't be put into a csv
INSERT INTO student_courses (id_student_courses,id_course,id_enrolment) VALUES ('1','63212','1'),('2','63205','1'),('3','63203','1'),('4','63204','1'),('5','63209','1'),('6','63207','1'),('7','63277','1'),('8','63278','1'),('9','63215','1'),('10','63202','1'),('11','63212','2'),('12','63205','2'),('13','63203','2'),('14','63204','2'),('15','63209','2'),('16','63207','2'),('17','63277','2'),('18','63278','2'),('19','63215','2'),('20','63202','2'),('21','63213','3'),('22','63279','3'),('23','63280','3'),('24','63208','3'),('25','63217','3'),('26','63517','3'),('27','63216','3'),('28','63218','3'),('29','63220','3'),('30','63219','3'),('31','63213','4'),('32','63517','4'),('33','63280','4'),('34','63212','5'),('35','63205','5'),('36','63203','5'),('37','63204','5'),('38','63209','5'),('39','63207','5'),('40','63277','5'),('41','63278','5'),('42','63215','5'),('43','63213','6'),('44','63279','6'),('45','63280','6'),('46','63208','6'),('47','63217','6'),('48','63517','6'),('49','63216','6'),('50','63218','6'),('51','63220','6'),('52','63219','6'),('53','63212','7'),('54','63205','7'),('55','63203','7'),('56','63204','7'),('57','63209','7'),('58','63207','7'),('59','63277','7'),('60','63278','7'),('61','63215','7'),('62','63202','7'), ('63','63213','8'),('64','63279','8'),('65','63280','8'),('66','63208','8'),('67','63217','8'),('68','63517','8'),('69','63216','8'),('70','63218','8'),('71','63220','8'),('72','63219','8'), ('73', '63214', '9'), ('74', '63281', '9'), ('75', '63248', '9'), ('76', '63268', '9'), ('77', '63266', '9'), ('78', '63267', '9'), ('79', '63255', '9'), ('80', '63254', '9'), ('81', '63256', '9'), ('82', '63251', '9'), ('83','63212','10'),('84','63205','10'),('85','63203','10'),('86','63204','10'),('87','63209','10'),('88','63207','10'),('89','63277','10'),('90','63278','10'),('91','63215','10'),('92','63202','10'), ('93', '63205', '11'), ('94', '63203', '11'), ('95', '63202', '11'), ('96', '63209', '11'), ('97', '63218', '11'), ('98', '63205', '12'), ('99','63212','13'),('100','63205','13'),('101','63203','13'),('102','63204','13'),('103','63209','13'),('104','63207','13'),('105','63277','13'),('106','63278','13'),('107','63215','13'),('108','63202','13'), ('109','63213','14'),('110','63279','14'),('111','63280','14'),('112','63208','14'),('113','63217','14'),('114','63517','14'),('115','63216','14'),('116','63218','14'),('117','63220','14'),('118','63219','14'),('119','63212','15'),('120','63205','15'),('121','63203','15'),('122','63204','15'),('123','63209','15'),('124','63207','15'),('125','63277','15'),('126','63278','15'),('127','63215','15'),('128','63202','15'), ('129','63213','16'),('130','63279','16'),('131','63280','16'),('132','63208','16'),('133','63217','16'),('134','63517','16'),('135','63216','16'),('136','63218','16'),('137','63220','16'),('138','63219','16'),('139','63212','17'),('140','63205','17'),('141','63203','17'),('142','63204','17'),('143','63209','17'),('144','63207','17'),('145','63277','17'),('146','63278','17'),('147','63215','17'),('148','63202','17'), ('149','63213','18'),('150','63279','18'),('151','63280','18'),('152','63208','18'),('153','63217','18'),('154','63517','18'),('155','63216','18'),('156','63218','18'),('157','63220','18'),('158','63219','18'),('159', '63517', '19'), ('160', '63279', '19'), ('161', '63280', '19'), ('162', '63213', '19'), ('163', '63214', '19'),('164','63212','20'),('165','63205','20'),('166','63203','20'),('167','63204','20'),('168','63209','20'),('169','63207','20'),('170','63277','20'),('171','63278','20'),('172','63215','20'),('173','63202','20'), ('174','63213','21'),('175','63279','21'),('176','63280','21'),('177','63208','21'),('178','63217','21'),('179','63517','21'),('180','63216','21'),('181','63218','21'),('182','63220','21'),('183','63219','21'), ('184', '63214', '22'), ('185', '63281', '22'),('186', '63248', '22'), ('187', '63268', '22'), ('188', '63266', '22'), ('189', '63267', '22'), ('190', '63255', '22'), ('191', '63254', '22'), ('192', '63256', '22'), ('193', '63251', '22'),('194', '63214', '23'),('195', '63268', '23'),('196', '63267', '23'),('197','63212','24'),('198','63205','24'),('199','63203','24'),('200','63204','24'),('201','63209','24'),('202','63207','24'),('203','63277','24'),('204','63278','24'),('205','63215','24'),('206','63202','24'),('207','63212','25'),('208','63205','25'),('209','63203','25'),('210','63204','25'),('211','63209','25'),('212','63207','25'),('213','63277','25'),('214','63278','25'),('215','63215','25'),('216','63202','25'), ('217', '63205', '26'), ('218', '63203', '26'), ('219', '63202', '26'), ('220', '63209', '26'), ('221', '63218', '26'),('222','63213','27'),('223','63279','27'),('224','63280','27'),('225','63208','27'),('226','63217','27'),('227','63517','27'),('228','63216','27'),('229','63218','27'),('230','63220','27'),('231','63219','27'),('232','63212','28'),('233','63205','28'),('234','63203','28'),('235','63204','28'),('236','63209','28'),('237','63207','28'),('238','63277','28'),('239','63278','28'),('240','63215','28'),('241','63202','28'), ('242', '63205', '29'), ('243', '63203', '29'), ('244', '63202', '29'), ('245', '63209', '29'), ('246', '63218', '29'),('247','63212','30'),('248','63205','30'),('249','63203','30'),('250','63204','30'),('251','63209','30'),('252','63207','30'),('253','63277','30'),('254','63278','30'),('255','63215','30'),('256','63202','30'), ('257','63213','31'),('258','63279','31'),('259','63280','31'),('260','63208','31'),('261','63217','31'),('262','63517','31'),('263','63216','31'),('264','63218','31'),('265','63220','31'),('266','63219','31'),('267', '63517', '32'), ('268', '63279', '32'), ('269', '63280', '32'), ('270', '63213', '32'), ('271', '63214', '32'),('272', '63213', '33'),('273','63212','34'),('274','63205','34'),('275','63203','34'),('276','63204','34'),('277','63209','34'),('278','63207','34'),('279','63277','34'),('280','63278','34'),('281','63215','34'),('282','63202','34'), ('283', '63205', '14');

--connect professor with login ID
UPDATE professor SET id_login = 3 WHERE professor.id = 2;

-- enrolment tokens
INSERT INTO enrolment_token (id, freechoice, used, year, id_study_form, id_study_kind, id_klasius_srv, id_student, id_study_program, id_study_year, id_study_type) VALUES (1, false, true, 1, 1, 1, 16204, 1, '1000468', 1, 1),(2, false, true, 2, 1, 1, 16204, 3, '1000468', 3, 2),(3, false, true, 2, 1, 1, 16204, 4, '1000468', 2, 1);

-- exam sign ups
INSERT INTO exam_sign_up (id, returned, id_course_exam_term, id_student_course, grade) VALUES (1, true, 158, 54, null), (2, false, 159, 54, 5), (3, false, 160, 54, 7),(4, false, 167, 53, 8),(5, false, 147, 59, 5), (6, false, 148, 59, 9),(7, false, 149, 62, 8),(8, false, 152, 55, 5), (9, false, 153, 55, 7),(10, false, 157, 56, 10),(11, false, 161, 60, 5), (12, false, 162, 60, 8),(13, false, 164, 58, 9),(14, false, 171, 57, 6),(15, false, 173, 61, 10),(16, false, 209, 64, 10),(17, false, 213, 65, 9),(18, false, 216, 66, 9),(19, false, 207, 63, 6),(20, false, 221, 68, 7),(21, false, 224, 69, 10),(22, false, 219, 67, 9),(23, false, 227, 70, 10),(24, false, 234, 72, 8),(25, false, 230, 71, 10),(26, false, 158, 84, 5), (27, false, 159, 84, 5), (28, false, 160, 84, 5),(29, false, 167, 83, 6),(30, false, 147, 89, 6),(31, false, 149, 92, 5),(32, false, 152, 85, 5), (33, false, 153, 85, 5),(34, false, 157, 86, 6),(35, false, 161, 90, 5), (36, false, 162, 90, 6),(37, false, 164, 88, 6),(38, false, 171, 87, 5),(39, false, 173, 91, 6),(40, false, 189, 93, 5), (41, false, 190, 93, 5),(42, false, 182, 94, 5), (43, false, 183, 94, 6),(44, false, 179, 95, 6),(45, false, 201, 96, 6),(46, false, 227, 97, 6),(47, true, 176, 105, null), (48, false, 177, 105, 8),(49, false, 180, 108, 7),(50, false, 182, 101, 8),(51, false, 185, 102, 5), (52, false, 186, 102, 5), (53, false, 187, 102, 6),(54, false, 188, 100, 5),(55, false, 191, 106, 9),(56, false, 194, 104, 7),(57, false, 200, 103, 10),(58, false, 203, 107, 6),(59, false, 197, 99, 10),(60, false, 176, 125, 10),(61, false, 180, 128, 10),(62, false, 182, 121, 10),(63, false, 185, 122, 7), (64, false, 186, 122, 10),(65, false, 188, 120, 9),(66, false, 191, 126, 10),(67, false, 194, 124, 10),(68, false, 200, 123, 10),(69, false, 203, 127, 9),(70, false, 197, 119, 10),(71, true, 159, 140, null), (72, false, 160, 140, 6),(73, false, 167, 139, 8),(74, false, 147, 145, 8),(75, false, 149, 148, 7),(76, false, 152, 141, 5), (77, false, 153, 141, 7),(78, false, 157, 142, 6),(79, false, 161, 146, 5), (80, false, 162, 146, 6),(81, false, 164, 144, 7),(82, false, 171, 143, 8),(83, false, 173, 147, 8),(84, false, 209, 150, 5), (85, false, 210, 150, 5), (86, false, 211, 150, 5),(87, false, 212, 151, 5), (88, false, 213, 151, 5), (89, false, 214, 151, 5),(90, false, 216, 152, 9),(91, false, 206, 149, 5), (92, false, 207, 149, 5), (93, false, 208, 149, 5),(94, false, 221, 154, 5), (95, false, 222, 154, 5), (96, false, 223, 154, 5),(97, false, 224, 155, 10),(98, false, 219, 153, 8),(99, false, 227, 156, 8),(100, false, 234, 158, 6),(101, false, 230, 157, 6),(102, true, 165, 95, 7),(103, false, 164, 105, 8),(104, false, 170, 83, 7),(105, false, 173, 86, 8),(106, false, 166, 90, 7),(107, false, 167, 94, 8),(108, false, 171, 99, 7),(109, false, 169, 101, 8),(110, false, 168, 108, 7),(111, false, 172, 111, 8),(112, true, 119, 175, null), (113, false, 120, 175, 8),(114, true, 143, 176, null), (115, false, 144, 176, 10),(116, false, 122, 177, 9),(117, false, 116, 174, 5), (118, false, 118, 174, 8),(119, false, 128, 179, 9),(120, false, 132, 180, 10),(121, false, 130, 178, 10),(122, false, 135, 181, 9),(123, false, 140, 183, 9),(124, false, 138, 182, 9),(125, true, 236, 184, null), (126, false, 237, 184, 5),(127, false, 263, 185, 8),(128, false, 239, 186, 6),(129, false, 242, 187, 5),(130, false, 245, 188, 8), (131, false, 246, 188, 5),(132, false, 248, 189, 5),(133, false, 260, 190, 7),(134, false, 251, 191, 7),(135, false, 255, 192, 7),(136, false, 257, 193, 8),(137, false, 165, 248, 7),(138, false, 164, 247, 8),(139, false, 170, 253, 7),(140, false, 173, 256, 6),(141, false, 166, 249, 8),(142, false, 167, 250, 7),(143, false, 171, 254, 6),(144, false, 169, 252, 8),(145, false, 168, 251, 7),(146, false, 172, 255, 6),(147, true, 119, 258, null), (148, false, 120, 258, 5),(149, true, 143, 259, null), (150, false, 144, 259, 5),(151, false, 122, 260, 9),(152, false, 116, 257, 5), (153, false, 117, 257, 5), (154, false, 118, 257, 5),(155, false, 128, 262, 5),(156, false, 132, 263, 10),(157, false, 130, 261, 10),(158, false, 135, 264, 9),(159, false, 140, 266, 9),(160, false, 138, 265, 9),(161, false, 209, 268, 6),(162, false, 213, 269, 7),(163, false, 206, 270, 5), (164, false, 207, 270, 5), (165, false, 208, 270, 5),(166, false, 222, 267, 6),(167, false, 237, 271, 7),(168, false, 55, 129, 5), (169, false, 56, 129, 5), (170, false, 57, 129, 5), (171, false, 267, 130, 10);

ALTER SEQUENCE course_exam_term_id_course_exam_term_seq RESTART WITH 274;
ALTER SEQUENCE student_courses_id_student_courses_seq RESTART WITH 284;
ALTER SEQUENCE course_organization_id_course_organization_seq RESTART WITH 262;
ALTER SEQUENCE exam_sign_up_id_seq RESTART WITH 172;
ALTER SEQUENCE enrolment_id_seq RESTART WITH 35;
ALTER SEQUENCE enrolment_token_id_seq RESTART WITH 4;